VRM,MAKE,MODEL,AGE_GROUP,BODY_TYPE,FUEL_TYPE,TRANSMISSION_TYPE,COLOUR,PRICE,MILEAGE,RETAIL_DESIRABILITY_SCORE,PASSENGERS
RE21PPX,MERCEDES-BENZ,C-CLASS,3-4 years old,saloon,DIESEL,semiAutomatic,BLACK,19600,48947,0.9247982792,5
NA72FLC,KIA,EV6,0-2 years old,suv,ELECTRIC,automatic,BLACK,23550,26216,0.6502423891,8
CU68KPR,MAZDA,CX-5,5-6 years old,suv,DIESEL,manual,RED,12650,65632,0.4169215452,8
SB72JZX,VOLKSWAGEN,TAIGO,0-2 years old,suv,PETROL,manual,WHITE,15600,48117,0.4225635627,8
GX22URF,HONDA,HR-V,3-4 years old,suv,PETROLELECTRICHYBRID,automatic,RED,20170,33955,0.3900154541,8
SA68LFF,VAUXHALL,CROSSLAND X,5-6 years old,suv,PETROL,manual,WHITE,9450,38082,0.3767356868,8
GU71SMV,BMW,2 SERIES GRAN COUPE,3-4 years old,saloon,PETROL,semiAutomatic,BLACK,16600,77970,0.7521703275,5
VN22CNC,VOLKSWAGEN,ID.3,3-4 years old,hatchback,ELECTRIC,automatic,BLUE,12150,67971,0.8075787482,5
MT18GHX,MERCEDES-BENZ,C-CLASS,7-8 years old,saloon,PETROLPLUGINELECTRICHYBRID,semiAutomatic,BLUE,15000,48351,0.3402085116,5
PN71OCA,VOLKSWAGEN,PASSAT,3-4 years old,estate,PETROLPLUGINELECTRICHYBRID,semiAutomatic,BLACK,18100,38826,0.9241313152,7
WX68HPP,FIAT,500X,5-6 years old,suv,PETROL,manual,RED,11050,22671,0.6364889204,8
WG69XNN,NISSAN,JUKE,5-6 years old,suv,PETROL,manual,GREY,12300,44189,0.5305845033,8
LG23KDV,MG,ZS EV,0-2 years old,suv,ELECTRIC,automatic,RED,15500,23033,0.6719696774,8
KT21VOJ,AUDI,A4,3-4 years old,saloon,DIESEL,semiAutomatic,BLACK,18950,68093,0.6062106403,5
DL70ZCZ,VAUXHALL,CORSA,3-4 years old,hatchback,PETROL,manual,BLUE,10350,32032,0.782442271,5
NA67EFT,FORD,KUGA,7-8 years old,suv,DIESEL,manual,BLACK,9380,70204,0.6874818408,8
KV69GMU,PEUGEOT,208,5-6 years old,hatchback,PETROL,manual,WHITE,8600,36102,0.7821582371,5
MH68LWK,TOYOTA,AYGO,5-6 years old,hatchback,PETROL,manual,RED,8700,36275,0.6334621188,5
DS23FEH,HYUNDAI,TUCSON,0-2 years old,suv,PETROL,semiAutomatic,GREY,20900,13346,0.6702014613,8
MJ21OFZ,BMW,1 SERIES,3-4 years old,hatchback,DIESEL,manual,BLUE,16670,57533,0.7381958215,5
CN23ZJZ,MG,MG5,0-2 years old,estate,ELECTRIC,automatic,SILVER,12450,29498,0.6481749981,7
DN22XMG,NISSAN,JUKE,3-4 years old,suv,PETROL,manual,RED,15700,17891,0.5820739463,8
RO21SLU,VOLKSWAGEN,T-ROC,3-4 years old,suv,PETROL,semiAutomatic,BLACK,22250,17864,0.7672516598,8
AV71USX,DS,DS 3 CROSSBACK,3-4 years old,suv,ELECTRIC,automatic,BLACK,11950,22808,0.9220351064,8
YG19ZOJ,FORD,ECOSPORT,5-6 years old,suv,PETROL,manual,BLUE,10350,29860,0.6459626073,8
WP69MVR,VAUXHALL,CORSA,5-6 years old,hatchback,PETROL,manual,ORANGE,9800,51983,0.6659106134,5
HN69APK,RENAULT,CAPTUR,5-6 years old,suv,PETROL,manual,GREY,7950,63920,0.6774033854,8
CN21YSU,MERCEDES-BENZ,C-CLASS,3-4 years old,saloon,PETROLPLUGINELECTRICHYBRID,semiAutomatic,SILVER,19150,55963,0.7399818346,5
NJ22KKX,KIA,EV6,3-4 years old,suv,ELECTRIC,automatic,WHITE,19100,49116,0.6582979616,8
FP23AAZ,BMW,2 SERIES ACTIVE TOURER,0-2 years old,hatchback,PETROLPLUGINELECTRICHYBRID,automatic,GREY,23500,25198,0.1829830968,5
DS22OOV,KIA,PROCEED,3-4 years old,estate,PETROL,manual,WHITE,17600,17441,0.7088062723,7
LE19XYH,BMW,X2,5-6 years old,suv,PETROL,semiAutomatic,BLACK,18050,27778,0.6858575951,8
DT68EHE,VAUXHALL,MOKKA X,5-6 years old,suv,PETROL,manual,BLACK,9600,38184,0.7248686313,8
WM67XRW,MITSUBISHI,ECLIPSE CROSS,7-8 years old,suv,PETROL,manual,GREY,10450,43902,0.6420019764,8
CV22WKC,FORD,PUMA,3-4 years old,suv,PETROL,manual,BLACK,16800,24111,0.5222921945,8
KL68BHE,AUDI,Q2,5-6 years old,suv,DIESEL,semiAutomatic,BLACK,15600,28706,0.806876136,8
WV68VWU,KIA,SPORTAGE,5-6 years old,suv,DIESEL,manual,BLACK,10250,50118,0.5528702893,8
WN72ZFZ,VOLKSWAGEN,ID.4,0-2 years old,suv,ELECTRIC,automatic,GREY,17850,33205,0.7671850243,8
VF19HYX,VOLKSWAGEN,GOLF,5-6 years old,hatchback,PETROL,semiAutomatic,GREY,20400,47348,0.7621658393,5
LK68VGP,MAZDA,MAZDA6,5-6 years old,saloon,PETROL,manual,WHITE,13780,42283,0.717510959,5
KP73FJN,VAUXHALL,MOKKA-E,0-2 years old,suv,ELECTRIC,automatic,BLACK,13800,22185,0.5779513915,8
DE70LBO,VAUXHALL,CROSSLAND X,3-4 years old,suv,PETROL,semiAutomatic,ORANGE,11700,30345,0.7257202967,8
BT21XOZ,HYUNDAI,IONIQ,3-4 years old,hatchback,ELECTRIC,automatic,BLUE,9600,70527,0.5568975715,5
OE21FDU,VAUXHALL,GRANDLAND X,3-4 years old,suv,PETROL,manual,WHITE,13400,38843,0.686542718,8
KS69DNU,PEUGEOT,208,5-6 years old,hatchback,PETROL,manual,BLUE,8000,51919,0.7821582371,5
CK70YVM,AUDI,A3,3-4 years old,hatchback,PETROL,manual,BLACK,21650,23709,0.7511427353,5
MA22WUV,FORD,KUGA,3-4 years old,suv,DIESEL,semiAutomatic,BLACK,18410,54868,0.7789910867,8
MV70ZXF,AUDI,Q2,3-4 years old,suv,PETROL,semiAutomatic,GREY,22410,23570,0.6552463872,8
SD69YNF,DACIA,DUSTER,5-6 years old,suv,PETROL,manual,WHITE,8500,33230,0.6671292594,8
VA21XVW,VAUXHALL,CORSA-E,3-4 years old,hatchback,ELECTRIC,automatic,WHITE,10650,22704,0.8840726497,5
YK67ECG,BMW,X1,7-8 years old,suv,PETROL,semiAutomatic,SILVER,17780,26581,0.6146828032,8
VE70TKK,VAUXHALL,CROSSLAND X,3-4 years old,suv,PETROL,manual,GREY,10250,25302,0.6448362169,8
KV70HNT,PEUGEOT,108,3-4 years old,hatchback,PETROL,manual,RED,9350,15705,0.7234324014,5
MA72UFB,VOLKSWAGEN,POLO,0-2 years old,hatchback,PETROL,manual,GREY,16050,19099,0.480142211,5
KL18NDO,VOLVO,V40,7-8 years old,hatchback,DIESEL,manual,BLUE,10050,63719,0.5974396964,5
PN18LUH,PEUGEOT,108,7-8 years old,hatchback,PETROL,manual,BLACK,6900,40459,0.3749268196,5
MH19RZO,FORD,FOCUS,5-6 years old,hatchback,DIESEL,manual,BLACK,12200,17871,0.8224077442,5
HK22KAU,VOLKSWAGEN,GOLF,3-4 years old,hatchback,PETROL,semiAutomatic,BLACK,21250,27640,0.7630685448,5
PY18MWN,SUZUKI,IGNIS,5-6 years old,suv,PETROL,manual,WHITE,9400,28543,0.7025731597,8
DS71JSX,HYUNDAI,TUCSON,3-4 years old,suv,PETROL,semiAutomatic,BLUE,22300,22777,0.4434333168,8
CJ71JJY,CITROEN,C3,3-4 years old,hatchback,PETROL,manual,GREY,10400,23273,0.7580797784,5
YL67FKJ,SKODA,CITIGO,7-8 years old,hatchback,PETROL,manual,RED,5900,59942,0.5968226023,5
AV22HUA,DS,DS 3 CROSSBACK,3-4 years old,suv,ELECTRIC,automatic,GREY,11300,35067,0.9220351064,8
PK21SJU,BMW,X3,3-4 years old,suv,PETROLPLUGINELECTRICHYBRID,semiAutomatic,GREY,20180,72840,0.7681389423,8
YE21ULA,SEAT,ARONA,3-4 years old,suv,PETROL,manual,GREY,12500,28470,0.8268445213,8
HY22OPF,NISSAN,QASHQAI,3-4 years old,suv,PETROL,semiAutomatic,BLUE,18750,15418,0.7510294679,8
LG22ZRD,DS,DS 3 CROSSBACK,3-4 years old,suv,ELECTRIC,automatic,BLUE,11450,27766,0.9669128132,8
BF21KNZ,SKODA,KAMIQ,3-4 years old,suv,PETROL,manual,BLUE,10500,63773,0.849756255,8
VA71JYF,VAUXHALL,CORSA,3-4 years old,hatchback,PETROL,manual,RED,10470,26587,0.8135150837,5
YE20OFT,MERCEDES-BENZ,B-CLASS,5-6 years old,hatchback,PETROL,semiAutomatic,WHITE,16150,47581,0.3663628264,5
YM67ORZ,MAZDA,MX-5 RF,7-8 years old,convertible,PETROL,manual,WHITE,14650,44639,0.686423676,4
BG22MXB,KIA,E-NIRO,3-4 years old,suv,ELECTRIC,automatic,BLUE,13500,25718,0.5872983867,8
DA21FTC,VOLVO,XC40,3-4 years old,suv,PETROLPLUGINELECTRICHYBRID,semiAutomatic,BLACK,18900,79387,0.7728790919,8
FM68ORT,VOLVO,XC40,5-6 years old,suv,PETROL,semiAutomatic,WHITE,22350,30787,0.6181305982,8
KN22XKU,FORD,ECOSPORT,3-4 years old,suv,PETROL,manual,BLUE,13400,23332,0.5343984288,8
OE70OUM,POLESTAR,2,3-4 years old,hatchback,ELECTRIC,automatic,BLACK,19000,71471,0.673843921,5
EP19VKN,VAUXHALL,VIVA,5-6 years old,hatchback,PETROL,manual,RED,5700,63701,0.7138940173,5
NG19FEU,BMW,1 SERIES,5-6 years old,hatchback,PETROL,semiAutomatic,GREY,18400,72620,0.7882539504,5
FP18OXC,HONDA,CIVIC,7-8 years old,hatchback,PETROL,automatic,GREY,10760,60255,0.7921667612,5
HT72JJL,FORD,PUMA,0-2 years old,suv,PETROL,manual,BLUE,16500,33491,0.6526485189,8
KE19XCZ,MINI,HATCHBACK,5-6 years old,hatchback,PETROL,manual,GREY,11950,26166,0.7706377444,5
FE69UUA,HONDA,JAZZ,5-6 years old,hatchback,PETROL,automatic,RED,11900,26785,0.502007096,5
DG73FFM,SEAT,ATECA,0-2 years old,suv,PETROL,manual,GREY,20500,10927,0.6991191212,8
BD21JXJ,VAUXHALL,CORSA,3-4 years old,hatchback,PETROL,manual,WHITE,10270,41599,0.7160218683,5
YM71LHK,VOLVO,XC40,3-4 years old,suv,PETROL,semiAutomatic,BLACK,24960,32792,0.7489633359,8
YF23FBO,MG,MG3,0-2 years old,hatchback,PETROL,manual,YELLOW,10850,10567,0.8115080544,5
VN22YAA,VAUXHALL,CORSA,3-4 years old,hatchback,PETROL,manual,BLACK,13050,26569,0.7072068723,5
WP69VDY,ALFA ROMEO,GIULIA,5-6 years old,saloon,PETROL,semiAutomatic,BLUE,20650,47444,0.536415499,5
PX71XCR,CUPRA,FORMENTOR,3-4 years old,suv,PETROL,semiAutomatic,RED,18050,37306,0.8527446768,8
EF71GVX,FORD,KUGA,3-4 years old,suv,DIESEL,semiAutomatic,BLACK,18600,24283,0.7608745204,8
MD19XDJ,LAND ROVER,RANGE ROVER SPORT,5-6 years old,suv,DIESEL,semiAutomatic,BLACK,29400,49753,0.4927848507,8
SD69FTE,RENAULT,CAPTUR,5-6 years old,suv,PETROL,manual,GREY,9650,33578,0.4312015197,8
RE72WVM,AUDI,Q2,0-2 years old,suv,PETROL,manual,GREY,23250,19644,0.7186265852,8
GU22WHV,SEAT,IBIZA,3-4 years old,hatchback,PETROL,manual,BLUE,15170,10490,0.5930026439,5
YY71EHJ,JAGUAR,I-PACE,3-4 years old,suv,ELECTRIC,automatic,SILVER,18900,40762,0.7626722135,8
CK19XKP,SEAT,ARONA,5-6 years old,suv,PETROL,manual,BLUE,12150,52275,0.3149923471,8
SX19HTK,DACIA,DUSTER,5-6 years old,suv,PETROL,manual,WHITE,10400,42800,0.7762627789,8
GX22RMU,MERCEDES-BENZ,CLA,3-4 years old,coupe,PETROL,semiAutomatic,BLUE,22500,60116,0.940422595,4
SA22HKU,PEUGEOT,3008,3-4 years old,suv,DIESEL,semiAutomatic,BLUE,17890,47189,0.7929704162,8
MM21HTK,SKODA,KAROQ,3-4 years old,suv,PETROL,automatic,BLACK,21050,27035,0.7692253029,8
YH21FLR,RENAULT,CAPTUR,3-4 years old,suv,PETROL,semiAutomatic,BLUE,15560,13687,0.5487033977,8
CN73ZDJ,MG,ZS EV,0-2 years old,suv,ELECTRIC,automatic,BLACK,15900,17240,0.6719696774,8
DE69FOF,HYUNDAI,TUCSON,5-6 years old,suv,PETROL,manual,BLACK,13800,27996,0.7231668933,8
KW19UKN,MINI,HATCHBACK,5-6 years old,hatchback,PETROL,manual,SILVER,10320,44000,0.6846141619,5
PN22SRY,SEAT,TARRACO,3-4 years old,suv,DIESEL,automatic,GREY,20400,64534,0.5977747089,8
KR19WWC,AUDI,A1,5-6 years old,hatchback,PETROL,manual,BLACK,14650,29941,0.6386039068,5
EX67BNJ,HYUNDAI,TUCSON,7-8 years old,suv,PETROL,manual,GREY,10000,61070,0.804367132,8
PN68YYB,SEAT,ARONA,5-6 years old,suv,PETROL,manual,SILVER,11050,35524,0.7867568238,8
VA21LXC,VAUXHALL,CORSA,3-4 years old,hatchback,PETROL,manual,GREY,9300,50322,0.7450422855,5
ET17AZZ,FIAT,500,7-8 years old,hatchback,PETROL,manual,RED,7250,20000,0.6629947694,5
GF22UBZ,DACIA,SANDERO STEPWAY,3-4 years old,hatchback,PETROL,manual,GREY,11880,14060,0.5911685495,5
VN22KXK,VAUXHALL,CORSA-E,3-4 years old,hatchback,ELECTRIC,automatic,BLUE,11500,33060,0.7385442986,5
VA23CWW,HYUNDAI,I20,0-2 years old,hatchback,PETROL,manual,BLUE,13700,15851,0.5214306897,5
EA22FRF,HYUNDAI,KONA,3-4 years old,suv,PETROL,manual,GREY,15000,23853,0.5253258003,8
SB69NWV,RENAULT,CAPTUR,5-6 years old,suv,PETROL,manual,ORANGE,9500,34698,0.6774033854,8
AP21BCK,BMW,2 SERIES GRAN COUPE,3-4 years old,saloon,PETROL,manual,WHITE,16950,48515,0.7787307211,5
BT68XGN,AUDI,Q2,5-6 years old,suv,PETROL,manual,WHITE,12550,59805,0.6965979423,8
HN70WXE,BMW,5 SERIES,3-4 years old,saloon,DIESEL,semiAutomatic,BLACK,23250,24421,0.8221677605,5
MH21BDZ,HONDA,CIVIC,3-4 years old,hatchback,PETROL,manual,RED,15700,45543,0.7909045651,5
BX70ZFJ,MINI,HATCHBACK,3-4 years old,hatchback,PETROL,manual,WHITE,16450,18935,0.5435738215,5
BD69YRY,SEAT,LEON,5-6 years old,hatchback,PETROL,manual,SILVER,10750,52066,0.8414145019,5
FL22TTU,KIA,XCEED,3-4 years old,hatchback,PETROL,manual,BLACK,15110,29521,0.7382612584,5
YB21ONJ,SKODA,OCTAVIA,3-4 years old,suv,PETROL,manual,WHITE,12150,65938,0.8044889784,8
LS20DWC,LEXUS,NX,5-6 years old,suv,PETROLELECTRICHYBRID,automatic,GREY,24010,40560,0.5157128474,8
LX72ZGU,VAUXHALL,MOKKA-E,0-2 years old,suv,ELECTRIC,automatic,BLACK,13150,27080,0.6282466198,8
DE22JVD,JAGUAR,I-PACE,3-4 years old,suv,ELECTRIC,automatic,BLACK,19400,68742,0.7460899293,8
GK22JNU,HYUNDAI,TUCSON,3-4 years old,suv,PETROL,manual,WHITE,17400,28765,0.6768552323,8
DC21ZZE,SEAT,ATECA,3-4 years old,suv,PETROL,manual,WHITE,15600,26944,0.7262711908,8
WK71KPG,TOYOTA,YARIS,3-4 years old,hatchback,PETROLELECTRICHYBRID,automatic,WHITE,13100,53483,0.6770300573,5
HJ20XNE,AUDI,A1,5-6 years old,hatchback,PETROL,semiAutomatic,BLACK,15240,54622,0.5706567384,5
SE70DYU,KIA,SPORTAGE,3-4 years old,suv,PETROL,manual,GREY,17000,28235,0.7465960213,8
FL21ZCJ,HONDA,JAZZ,3-4 years old,hatchback,PETROLELECTRICHYBRID,automatic,WHITE,15650,22099,0.4647620998,5
SB21TUP,AUDI,Q2,3-4 years old,suv,PETROL,manual,BLACK,15050,35195,0.8401354688,8
GL70FOA,JAGUAR,I-PACE,3-4 years old,suv,ELECTRIC,automatic,RED,18600,21656,0.7626722135,8
WR72TSZ,DACIA,SANDERO,0-2 years old,hatchback,PETROL,manual,RED,10570,17984,0.6781155582,5
LT20HBL,TOYOTA,C-HR,5-6 years old,suv,PETROLELECTRICHYBRID,automatic,GREY,17900,20814,0.6514316148,8
RK21VTO,KIA,SPORTAGE,3-4 years old,suv,DIESEL,manual,BLACK,12950,58987,0.8806928511,8
GL21RYX,VOLKSWAGEN,GOLF,3-4 years old,hatchback,PETROLPLUGINELECTRICHYBRID,semiAutomatic,SILVER,18400,35947,0.8603212192,5
VE22KZA,AUDI,A1,3-4 years old,hatchback,PETROL,manual,WHITE,16750,17668,0.8330010305,5
K123RAL,FORD,KUGA VIGNALE,5-6 years old,suv,DIESEL,semiAutomatic,GREY,17200,38111,0.5960638292,8
ML21HVZ,FORD,KUGA,3-4 years old,suv,PETROLPLUGINELECTRICHYBRID,automatic,BLUE,13870,79844,0.5797603683,8
RO20WHA,MERCEDES-BENZ,GLC COUPE,5-6 years old,suv,DIESEL,semiAutomatic,BLUE,27150,41348,0.5425696903,8
LL70MVN,TOYOTA,RAV4,3-4 years old,suv,PETROLELECTRICHYBRID,automatic,SILVER,24890,36436,0.7843003314,8
PE20OOV,BMW,1 SERIES,5-6 years old,hatchback,PETROL,manual,WHITE,18200,23927,0.8265918319,5
SW19RSO,FORD,FIESTA,5-6 years old,hatchback,PETROL,manual,GREY,8500,59776,0.7263704508,5
DA71UTK,CUPRA,FORMENTOR,3-4 years old,suv,PETROL,semiAutomatic,GREY,22900,15117,0.8963077822,8
ST71XKW,KIA,SPORTAGE,3-4 years old,suv,DIESEL,automatic,BLUE,18200,39464,0.8752800179,8
RJ71NNB,VOLKSWAGEN,TOURAN,3-4 years old,mpv,DIESEL,semiAutomatic,WHITE,23440,54005,0.5310665462,8
CK22TXD,LEXUS,ES,3-4 years old,saloon,PETROLELECTRICHYBRID,automatic,WHITE,27730,26720,0.1400300488,5
ML23XXO,DACIA,SANDERO STEPWAY,0-2 years old,hatchback,PETROL,manual,GREEN,14050,7463,0.4787665461,5
ST70PKK,LAND ROVER,RANGE ROVER EVOQUE,3-4 years old,suv,DIESEL,manual,WHITE,18800,31896,0.8760384768,8
FP22RNZ,KIA,SPORTAGE,3-4 years old,suv,PETROLELECTRICHYBRID,automatic,RED,23450,17745,0.8344546325,8
WB19NYS,VAUXHALL,CORSA,5-6 years old,hatchback,PETROL,manual,RED,9200,25935,0.6152724434,5
NL18YNY,RENAULT,CAPTUR,7-8 years old,suv,PETROL,manual,BLACK,7200,77108,0.5728258999,8
YR68DVA,FORD,FIESTA,5-6 years old,hatchback,PETROL,manual,GREY,9200,29069,0.7235787515,5
HK19XGD,RENAULT,CAPTUR,5-6 years old,suv,DIESEL,manual,RED,8150,71528,0.6582711636,8
BR19LBE,PEUGEOT,208,5-6 years old,hatchback,PETROL,manual,BLACK,9370,21252,0.7821582371,5
WP19FMY,FIAT,500,5-6 years old,hatchback,PETROL,manual,RED,7400,39088,0.7296316775,5
MD72WKT,RENAULT,ZOE,0-2 years old,hatchback,ELECTRIC,automatic,WHITE,11400,12629,0.7154847368,5
OV21KPX,BMW,X3,3-4 years old,suv,PETROLPLUGINELECTRICHYBRID,semiAutomatic,GREY,23350,67982,0.7904720151,8
FL71KBV,NISSAN,JUKE,3-4 years old,suv,PETROL,manual,BLACK,13390,38310,0.5820739463,8
MT21KKR,PEUGEOT,208,3-4 years old,hatchback,PETROL,manual,WHITE,14200,19412,0.7577618165,5
CA16GHJ,FORD,FIESTA,9+ years old,hatchback,PETROL,manual,GREY,8000,43497,0.6143524168,5
FG20OCW,RENAULT,CAPTUR,5-6 years old,suv,PETROL,manual,GREY,12150,21965,0.6662242703,8
YR18TVD,FORD,FOCUS,7-8 years old,hatchback,PETROL,manual,BLACK,7900,73947,0.6768995572,5
SV69UOS,NISSAN,QASHQAI,5-6 years old,suv,DIESEL,semiAutomatic,BRONZE,14700,46968,0.5493347052,8
WL71KNP,KIA,PICANTO,3-4 years old,hatchback,PETROL,automatic,BLUE,11150,23862,0.8408121187,5
VX22SVU,SUZUKI,VITARA,3-4 years old,suv,PETROLELECTRICHYBRID,semiAutomatic,GREY,16390,17883,0.62697315,8
DG21MHX,KIA,RIO,3-4 years old,hatchback,PETROL,manual,GREY,12000,24320,0.6196917697,5
OV20WYB,SKODA,KAROQ,5-6 years old,suv,PETROL,manual,BLACK,17600,35977,0.2288450849,8
LL69YHO,MAZDA,CX-5,5-6 years old,suv,PETROL,manual,BLACK,18450,26246,0.184754162,8
NU20FWG,PEUGEOT,3008,5-6 years old,suv,PETROL,semiAutomatic,RED,16100,18082,0.7693951684,8
YP20GGK,FORD,FIESTA,5-6 years old,hatchback,PETROL,manual,BLUE,12500,15976,0.7065676714,5
FL22YCR,VAUXHALL,CORSA,3-4 years old,hatchback,PETROL,manual,WHITE,11150,20196,0.8135150837,5
HT69GZK,RENAULT,CLIO,5-6 years old,hatchback,PETROL,manual,BLACK,11200,18945,0.7004193445,5
PN72TMU,KIA,STONIC,0-2 years old,suv,PETROL,automatic,BLACK,16900,10874,0.7030497096,8
YF20HBK,BMW,X1,5-6 years old,suv,DIESEL,semiAutomatic,WHITE,20400,38800,0.8543611753,8
SA22VTZ,VAUXHALL,CROSSLAND,3-4 years old,suv,PETROL,manual,GREY,13550,22772,0.4764991386,8
LD20UAV,MINI,HATCHBACK,5-6 years old,hatchback,PETROL,manual,BLACK,14500,37872,0.8789651561,5
RJ72PWL,BMW,1 SERIES,0-2 years old,hatchback,DIESEL,manual,BLACK,16400,35419,0.681226696,5
ND21HZM,TOYOTA,COROLLA TOURING SPORT,3-4 years old,estate,PETROLELECTRICHYBRID,automatic,WHITE,15890,75207,0.6424334761,7
YS22VJV,FORD,KUGA,3-4 years old,suv,PETROL,manual,BLACK,20200,26230,0.7054369592,8
DG70JSX,VOLKSWAGEN,TIGUAN,3-4 years old,suv,DIESEL,semiAutomatic,WHITE,21050,47069,0.6724198399,8
KP21HHN,AUDI,A3,3-4 years old,saloon,PETROL,semiAutomatic,GREY,20800,14385,0.6830894499,5
WL68GCK,HONDA,HR-V,5-6 years old,suv,PETROL,automatic,BLUE,16580,22436,0.6005846675,8
KR19GBF,VOLKSWAGEN,GOLF,5-6 years old,hatchback,DIESEL,semiAutomatic,WHITE,15900,41015,0.6811047008,5
PO68TKE,FORD,ECOSPORT,5-6 years old,suv,PETROL,manual,BLACK,9950,42975,0.5868002265,8
MT21HJJ,PEUGEOT,3008,3-4 years old,suv,PETROL,manual,GREY,14790,31579,0.7533564598,8
KR68GAX,MERCEDES-BENZ,A-CLASS,5-6 years old,hatchback,DIESEL,semiAutomatic,GREY,15200,45543,0.6617911403,5
OE71DFO,VOLKSWAGEN,GOLF,3-4 years old,hatchback,PETROL,manual,GREY,18500,36064,0.7915427755,5
DK74XGA,AUDI,A1,0-2 years old,hatchback,PETROL,semiAutomatic,WHITE,22400,19296,0.6860756432,5
FY18XMJ,MERCEDES-BENZ,A-CLASS,7-8 years old,hatchback,PETROL,semiAutomatic,SILVER,17400,34136,0.4207523459,5
YP21KDZ,LAND ROVER,DISCOVERY SPORT,3-4 years old,suv,PETROLPLUGINELECTRICHYBRID,automatic,SILVER,21350,60616,0.8063527307,8
MA72UNJ,CITROEN,C4,0-2 years old,hatchback,PETROL,manual,GREY,12850,41871,0.4278043635,5
YN22YFC,LAND ROVER,RANGE ROVER VELAR,3-4 years old,suv,DIESEL,automatic,SILVER,32670,30461,0.665798012,8
KT19LLC,VOLKSWAGEN,ARTEON,5-6 years old,hatchback,DIESEL,semiAutomatic,SILVER,18890,33394,0.3252632997,5
LD20OCJ,MINI,HATCHBACK,5-6 years old,hatchback,PETROL,manual,SILVER,12350,43559,0.7973201687,5
FL21CCV,JAGUAR,XE,3-4 years old,saloon,DIESEL,automatic,BLACK,13700,79897,0.5995823897,5
SD22FOA,MERCEDES-BENZ,B-CLASS,3-4 years old,hatchback,DIESEL,semiAutomatic,BLACK,15900,53313,0.5423009539,5
ML70ZNG,FORD,FIESTA,3-4 years old,hatchback,PETROL,manual,WHITE,12660,22759,0.5106288767,5
VO21ZSP,VAUXHALL,CORSA,3-4 years old,hatchback,PETROL,manual,BLUE,11900,34986,0.5697411791,5
EA68OLP,HYUNDAI,I10,5-6 years old,hatchback,PETROL,manual,BLACK,9450,9425,0.773618176,5
LN69UEZ,JAGUAR,F-TYPE,5-6 years old,coupe,PETROL,manual,GREY,34150,20891,0.4708390437,4
LM71TTO,PEUGEOT,208,3-4 years old,hatchback,PETROL,manual,BLUE,14050,6465,0.5780245855,5
MD21ZFV,KIA,STONIC,3-4 years old,suv,PETROL,manual,RED,14590,7057,0.5759311047,8
CA22GXF,CITROEN,E-C4,3-4 years old,hatchback,ELECTRIC,automatic,WHITE,10600,48014,0.7951165891,5
KM20FHH,VOLKSWAGEN,GOLF,3-4 years old,hatchback,PETROL,semiAutomatic,WHITE,17250,46371,0.6152718795,5
WK70SJU,SUZUKI,IGNIS,3-4 years old,suv,PETROL,automatic,BLUE,12990,16118,0.6041229048,8
KU18GMV,SKODA,OCTAVIA,7-8 years old,estate,DIESEL,manual,WHITE,17200,51471,0.4459686581,7
RE20LHT,MINI,COUNTRYMAN,3-4 years old,suv,PETROL,semiAutomatic,GREY,17900,56766,0.7663294718,8
VA21GLV,AUDI,A3,3-4 years old,hatchback,PETROLPLUGINELECTRICHYBRID,semiAutomatic,BLACK,18150,24735,0.7859101408,5
ND18OWU,RENAULT,CLIO,7-8 years old,hatchback,PETROL,manual,BLACK,8900,36759,0.7332459175,5
YS69GWP,TOYOTA,YARIS,5-6 years old,hatchback,PETROLELECTRICHYBRID,automatic,RED,12200,34562,0.7389302461,5
BP71KKC,PEUGEOT,2008,3-4 years old,suv,PETROL,semiAutomatic,RED,17650,19438,0.7474551951,8
FH21ZJN,BMW,2 SERIES,3-4 years old,coupe,PETROL,semiAutomatic,BLACK,18050,21163,0.7876565793,4
BP70BTV,SEAT,IBIZA,3-4 years old,hatchback,PETROL,manual,RED,14400,21236,0.690126348,5
EA22RXX,BMW,I3,3-4 years old,hatchback,ELECTRIC,automatic,BLACK,15700,13384,0.5560967655,5
YY20YPN,SEAT,IBIZA,5-6 years old,hatchback,PETROL,manual,BLUE,13900,19784,0.7788769782,5
YH21BFA,SKODA,FABIA,3-4 years old,estate,PETROL,semiAutomatic,WHITE,14450,29408,0.6615158917,7
YC20UTN,VOLKSWAGEN,GOLF,5-6 years old,hatchback,DIESEL,semiAutomatic,RED,16150,38674,0.7553821602,5
LG18MDU,KIA,SPORTAGE,7-8 years old,suv,DIESEL,automatic,SILVER,14700,38572,0.7132412301,8
VK19YNM,TOYOTA,COROLLA,5-6 years old,hatchback,PETROLELECTRICHYBRID,automatic,WHITE,13700,43173,0.7874592835,5
DC19NNX,AUDI,A1,5-6 years old,hatchback,PETROL,semiAutomatic,BLUE,14900,62631,0.5279889012,5
WJ72OMZ,VOLKSWAGEN,GOLF,0-2 years old,hatchback,PETROL,manual,GREY,17100,21353,0.6943525292,5
KO73ULV,HYUNDAI,TUCSON,0-2 years old,suv,PETROLELECTRICHYBRID,semiAutomatic,GREY,24390,24529,0.5696973779,8
ET17LXP,MERCEDES-BENZ,SLC,7-8 years old,convertible,DIESEL,semiAutomatic,GREY,15540,31891,0.4340767167,4
DE22ULZ,VOLKSWAGEN,TIGUAN,3-4 years old,suv,PETROL,manual,WHITE,16950,52074,0.7147608182,8
EX18UPR,FORD,FIESTA,7-8 years old,hatchback,PETROL,manual,RED,8950,36647,0.7436463026,5
FG21GLZ,TOYOTA,YARIS,3-4 years old,hatchback,PETROLELECTRICHYBRID,automatic,BLACK,15800,20868,0.3916795619,5
FP19AGU,DACIA,SANDERO STEPWAY,5-6 years old,hatchback,PETROL,manual,GREY,9000,24198,0.864167887,5
HK19SUF,RENAULT,CAPTUR,5-6 years old,suv,DIESEL,manual,BLACK,8150,60528,0.6582711636,8
SA69NLF,KIA,PROCEED,5-6 years old,estate,PETROL,manual,BLUE,13750,37158,0.5124742936,7
WR72TCV,DACIA,SANDERO,0-2 years old,hatchback,PETROL,manual,WHITE,10300,17381,0.6781155582,5
OV70OTP,JAGUAR,F-PACE,3-4 years old,suv,PETROL,automatic,WHITE,24100,42357,0.5274891741,8
FP21XMT,BMW,5 SERIES,3-4 years old,saloon,PETROLPLUGINELECTRICHYBRID,semiAutomatic,SILVER,20900,54448,0.4386300635,5
LF67KBE,HONDA,JAZZ,7-8 years old,hatchback,PETROL,automatic,GREY,11500,34919,0.349845268,5
DF70AXA,SEAT,ATECA,3-4 years old,suv,PETROL,semiAutomatic,GREY,17150,16444,0.7158785502,8
R55GAE,MAZDA,MX-5,3-4 years old,convertible,PETROL,manual,GREY,19900,3858,0.6131363159,4
EF68NSN,VOLKSWAGEN,TIGUAN ALLSPACE,5-6 years old,suv,DIESEL,semiAutomatic,BLACK,18350,61534,0.7115770228,8
EN21AFX,HYUNDAI,KONA,3-4 years old,suv,PETROL,manual,BLUE,13890,20347,0.5799235268,8
OY70SPX,MINI,HATCHBACK,3-4 years old,hatchback,PETROL,semiAutomatic,RED,15340,27090,0.4321867776,5
CY23KWR,SKODA,KAROQ,0-2 years old,suv,PETROL,automatic,ORANGE,22350,20454,0.4860250403,8
VK21WZM,VAUXHALL,CORSA,3-4 years old,hatchback,PETROL,manual,BLACK,10870,10241,0.7692563879,5
ST67ECE,VOLKSWAGEN,POLO,7-8 years old,hatchback,PETROL,manual,WHITE,10400,44123,0.6456789296,5
ST68TXJ,VOLKSWAGEN,POLO,5-6 years old,hatchback,PETROL,manual,SILVER,11500,43291,0.6287252314,5
WP22KXF,DACIA,SANDERO STEPWAY,3-4 years old,hatchback,PETROL,manual,WHITE,11180,24671,0.5911685495,5
ST22OPR,HYUNDAI,TUCSON,3-4 years old,suv,PETROL,manual,GREY,16200,48528,0.6768552323,8
RE21WGG,VOLKSWAGEN,T-ROC,3-4 years old,suv,PETROL,semiAutomatic,BLUE,20900,36016,0.7672516598,8
DE18YOW,VAUXHALL,CORSA,7-8 years old,hatchback,PETROL,manual,WHITE,8650,13839,0.570774412,5
BJ72MYB,VAUXHALL,CORSA-E,0-2 years old,hatchback,ELECTRIC,automatic,RED,11950,14323,0.44862074,5
MF19MVD,VAUXHALL,MOKKA X,5-6 years old,suv,PETROL,manual,ORANGE,9300,36338,0.7248686313,8
MJ69WFM,RENAULT,CAPTUR,5-6 years old,suv,PETROL,manual,GREY,9250,39025,0.6774033854,8
FD72XMM,NISSAN,LEAF,0-2 years old,hatchback,ELECTRIC,automatic,BLUE,10680,21561,0.4327252831,5
DL23FRZ,VAUXHALL,CORSA,0-2 years old,hatchback,PETROL,manual,WHITE,13260,12379,0.3043713147,5
LG67YMJ,SUZUKI,IGNIS,7-8 years old,suv,PETROL,manual,BLUE,8300,34138,0.7025731597,8
HJ21KZG,LAND ROVER,RANGE ROVER VELAR,3-4 years old,suv,PETROL,automatic,BRONZE,30400,43351,0.5300138524,8
WV22CMY,DS,DS 3 CROSSBACK,3-4 years old,suv,ELECTRIC,automatic,WHITE,11950,18034,0.9669128132,8
HF70XBP,HYUNDAI,TUCSON,3-4 years old,suv,PETROL,manual,GREY,18190,7760,0.6313526745,8
WX70WZN,MERCEDES-BENZ,A-CLASS,3-4 years old,saloon,PETROLPLUGINELECTRICHYBRID,semiAutomatic,GREY,18400,36798,0.8051379537,5
MJ22AWH,KIA,PICANTO,3-4 years old,hatchback,PETROL,automatic,GREEN,12680,10698,0.7006097293,5
VA23HLW,FORD,KUGA,0-2 years old,suv,PETROLPLUGINELECTRICHYBRID,automatic,SILVER,18900,28758,0.6438664636,8
ST68BBX,DACIA,SANDERO STEPWAY,5-6 years old,hatchback,PETROL,manual,WHITE,7900,24743,0.6884489537,5
KX19PCR,RENAULT,CAPTUR,5-6 years old,suv,PETROL,manual,BLUE,9750,20816,0.4312015197,8
LN69VHA,LAND ROVER,RANGE ROVER EVOQUE,5-6 years old,suv,DIESEL,automatic,BROWN,15390,52799,0.898095924,8
LT70MBY,VOLKSWAGEN,POLO,3-4 years old,hatchback,PETROL,semiAutomatic,SILVER,15450,15714,0.7184112937,5
CK22AHG,HYUNDAI,IONIQ,3-4 years old,hatchback,ELECTRIC,automatic,WHITE,9750,63503,0.6446326375,5
SC18HUU,VAUXHALL,CROSSLAND X,7-8 years old,suv,PETROL,manual,BLACK,8500,30542,0.6814530841,8
DL73OFU,SEAT,ARONA,0-2 years old,suv,PETROL,manual,WHITE,14700,41808,0.6171122805,8
LJ19RWO,MAZDA,CX-3,5-6 years old,suv,PETROL,manual,BLUE,12500,20492,0.6157814911,8
YF21ZDZ,SKODA,FABIA,3-4 years old,estate,PETROL,semiAutomatic,GREY,14550,30455,0.6615158917,7
MW19BDE,VAUXHALL,GRANDLAND X,5-6 years old,suv,PETROL,manual,GREY,10150,36887,0.706794838,8
YR70NVL,VOLVO,XC40,3-4 years old,suv,PETROL,manual,BLACK,17000,69631,0.8089152507,8
WO19AXJ,FORD,KA+,5-6 years old,hatchback,PETROL,manual,SILVER,8750,33154,0.7312512865,5
FD22GYX,BMW,I3,3-4 years old,hatchback,ELECTRIC,automatic,GREY,11400,76709,0.5560967655,5
SB71OUV,VAUXHALL,MOKKA,3-4 years old,suv,PETROL,manual,WHITE,13300,45577,0.640482913,8
SK69VLT,NISSAN,QASHQAI,5-6 years old,suv,PETROL,manual,BLUE,13500,41315,0.6906523884,8
CV73YSC,SKODA,ENYAQ IV,0-2 years old,suv,ELECTRIC,automatic,BLACK,25100,13864,0.2236701595,8
BT22ENR,VAUXHALL,CROSSLAND,3-4 years old,suv,PETROL,manual,ORANGE,12790,24128,0.4764991386,8
SL68FJD,VAUXHALL,CORSA,5-6 years old,hatchback,PETROL,manual,GREY,9850,16250,0.517899198,5
VO69YEB,VAUXHALL,CORSA,5-6 years old,hatchback,PETROL,manual,SILVER,8250,32897,0.7520020781,5
DY70VLW,VAUXHALL,CROSSLAND X,3-4 years old,suv,PETROL,manual,GREY,9550,30133,0.8631519706,8
MW71XTO,LAND ROVER,RANGE ROVER EVOQUE,3-4 years old,suv,DIESEL,automatic,BLACK,29000,30153,0.5364437395,8
DS22FXD,VAUXHALL,CORSA,3-4 years old,hatchback,PETROL,manual,WHITE,11750,33788,0.6336698448,5
DV70TGX,VAUXHALL,CORSA,3-4 years old,hatchback,PETROL,manual,BLACK,9750,48942,0.6659106134,5
KP70WEJ,MERCEDES-BENZ,CLA,3-4 years old,coupe,DIESEL,semiAutomatic,WHITE,21500,43388,0.6362880366,4
NY19ZDW,FORD,FIESTA,5-6 years old,hatchback,PETROL,manual,RED,10500,26560,0.7001212862,5
BJ68VRC,FORD,FOCUS,5-6 years old,hatchback,PETROL,manual,GREY,10900,44167,0.7102910802,5
LC71PJJ,MERCEDES-BENZ,CLA,3-4 years old,coupe,PETROL,semiAutomatic,BLUE,23900,32092,0.940422595,4
EG19WWJ,VAUXHALL,GRANDLAND X,5-6 years old,suv,PETROL,manual,GREY,10200,52010,0.6558356575,8
ND23OKJ,AUDI,A3,0-2 years old,hatchback,PETROLPLUGINELECTRICHYBRID,semiAutomatic,WHITE,19500,34541,0.7859101408,5
HG67PDZ,LAND ROVER,RANGE ROVER VELAR,7-8 years old,suv,DIESEL,automatic,WHITE,20400,55997,0.7852084972,8
DY25SFF,BYD,SEAL U,0-2 years old,suv,PETROLPLUGINELECTRICHYBRID,automatic,GREY,29900,4701,0.4263025285,8
WR22HXJ,SKODA,OCTAVIA,3-4 years old,estate,PETROL,semiAutomatic,WHITE,13400,75172,0.6113419125,7
RJ23FDD,VOLKSWAGEN,T-ROC,0-2 years old,suv,PETROL,semiAutomatic,WHITE,25350,15757,0.4735773386,8
KM21XOX,AUDI,Q5,3-4 years old,suv,DIESEL,semiAutomatic,WHITE,26400,30133,0.6372933645,8
DE21RNF,SEAT,ATECA,3-4 years old,suv,PETROL,semiAutomatic,SILVER,15850,43856,0.7158785502,8
SM67FTK,SEAT,ARONA,7-8 years old,suv,PETROL,manual,RED,9900,42948,0.290335966,8
MD22HYV,KIA,XCEED,3-4 years old,hatchback,PETROL,manual,SILVER,15750,15680,0.7216002101,5
YR22YVU,AUDI,A3,3-4 years old,hatchback,PETROL,semiAutomatic,WHITE,24700,22260,0.5815264694,5
YC19KLT,BMW,2 SERIES ACTIVE TOURER,5-6 years old,hatchback,PETROL,semiAutomatic,WHITE,14450,32050,0.5950563606,5
KM70KWR,MERCEDES-BENZ,CLA,3-4 years old,coupe,PETROLPLUGINELECTRICHYBRID,semiAutomatic,SILVER,18900,67510,0.7538887338,4
SE19FHB,RENAULT,CAPTUR,5-6 years old,suv,PETROL,manual,BLUE,9450,29719,0.4312015197,8
VN70WXB,TOYOTA,COROLLA,3-4 years old,hatchback,PETROLELECTRICHYBRID,automatic,RED,14400,69693,0.6304901613,5
DN68KSX,FORD,KA+,5-6 years old,hatchback,PETROL,manual,BRONZE,9800,13349,0.7312512865,5
DV23VVE,NISSAN,JUKE,0-2 years old,suv,PETROL,manual,SILVER,13000,39993,0.6673581562,8
YD71NKM,TOYOTA,YARIS,3-4 years old,hatchback,PETROLELECTRICHYBRID,automatic,WHITE,13350,32846,0.6770300573,5
ND72YZG,TOYOTA,COROLLA,0-2 years old,hatchback,PETROLELECTRICHYBRID,automatic,GREY,21400,12308,0.5460639416,5
FV71KJF,TOYOTA,PRIUS,3-4 years old,hatchback,PETROLPLUGINELECTRICHYBRID,automatic,RED,15400,70325,0.8328050072,5
EA70DLU,TOYOTA,AYGO,3-4 years old,hatchback,PETROL,manual,WHITE,9550,21673,0.7913055387,5
FJ18XHO,VAUXHALL,CORSA,7-8 years old,hatchback,PETROL,manual,GREY,7430,42383,0.7520020781,5
WK18XHE,AUDI,A6 AVANT,7-8 years old,estate,DIESEL,semiAutomatic,GREY,16800,79430,0.342303515,7
DE22ETJ,VOLKSWAGEN,TIGUAN,3-4 years old,suv,DIESEL,semiAutomatic,GREY,21300,22153,0.4805046905,8
VE71ZDW,VAUXHALL,CORSA,3-4 years old,hatchback,PETROL,manual,GREY,11350,10580,0.8135150837,5
DT19CKK,FIAT,500,5-6 years old,hatchback,PETROL,manual,GREY,8400,40986,0.7296316775,5
VA74DPV,SKODA,KAMIQ,0-2 years old,suv,PETROL,manual,WHITE,19900,606,0.585487367,8
BU19BVJ,FORD,FIESTA,5-6 years old,hatchback,PETROL,manual,SILVER,9200,33479,0.7436463026,5
SC73YYJ,RENAULT,ARKANA,0-2 years old,suv,PETROLELECTRICHYBRID,semiAutomatic,BLACK,19900,21938,0.4891542462,8
AY71FDN,MINI,HATCHBACK,3-4 years old,hatchback,ELECTRIC,automatic,BLACK,15150,25846,0.9269801223,5
ND19VVP,SEAT,ARONA,5-6 years old,suv,PETROL,manual,BLACK,10650,29177,0.7162525589,8
LY68PUH,FORD,ECOSPORT,5-6 years old,suv,PETROL,manual,GREY,10650,42975,0.5574629815,8
DU22YKM,VAUXHALL,CORSA,3-4 years old,hatchback,PETROL,manual,BLUE,10100,45261,0.5998576568,5
LS68YTJ,MERCEDES-BENZ,B-CLASS,5-6 years old,hatchback,PETROL,manual,GREY,11650,34305,0.5756384733,5
VK21CKD,VAUXHALL,CORSA,3-4 years old,hatchback,PETROL,manual,BLACK,10300,16097,0.7807076729,5
GV67HNO,SKODA,FABIA,7-8 years old,hatchback,PETROL,manual,SILVER,8300,49668,0.3320679515,5
DN19GWV,VAUXHALL,CROSSLAND X,5-6 years old,suv,PETROL,manual,WHITE,9500,44865,0.7750715489,8
LN21HHW,MINI,HATCHBACK,3-4 years old,hatchback,PETROL,manual,GREY,13950,18517,0.7793114888,5
WV70KHB,FORD,FIESTA,3-4 years old,hatchback,PETROL,manual,BLACK,10300,32353,0.5464902172,5
GK69YMT,SEAT,LEON,5-6 years old,estate,PETROL,manual,GREY,10900,55819,0.668631507,7
YG68CDY,VAUXHALL,CROSSLAND X,5-6 years old,suv,PETROL,manual,RED,8900,57388,0.7750715489,8
MT22FWM,FORD,ECOSPORT,3-4 years old,suv,PETROL,manual,BLUE,13500,19948,0.5868002265,8
MW67CAU,AUDI,A3,7-8 years old,saloon,PETROL,manual,RED,10900,75738,0.5162856759,5
HV22ZDW,FORD,PUMA,3-4 years old,suv,PETROL,semiAutomatic,BLACK,19100,8939,0.5835296981,8
RJ70DUY,KIA,SPORTAGE,3-4 years old,suv,DIESEL,manual,GREY,14450,43666,0.8806928511,8
SN19TZS,VOLVO,V60,5-6 years old,estate,DIESEL,manual,GREY,19900,13341,0.6111199981,7
VN68YAF,HYUNDAI,I10,5-6 years old,hatchback,PETROL,manual,WHITE,7900,34899,0.667006545,5
MT19WFC,CITROEN,C4 CACTUS,5-6 years old,suv,PETROL,manual,BLACK,8950,42350,0.9001685889,8
YG69OAX,FORD,FOCUS,5-6 years old,hatchback,PETROL,manual,SILVER,12140,25766,0.5764120142,5
LL20FLR,BMW,X1,5-6 years old,suv,PETROL,semiAutomatic,BLACK,20400,25674,0.7997110096,8
BT22XOC,SKODA,KAMIQ,3-4 years old,suv,PETROL,semiAutomatic,BLACK,18700,33154,0.8004265906,8
DN72EOV,VAUXHALL,GRANDLAND,0-2 years old,suv,PETROL,manual,GREY,12650,54173,0.4085836513,8
CT68EKE,FORD,ECOSPORT,5-6 years old,suv,PETROL,manual,WHITE,10300,27678,0.5868002265,8
CJ21GUC,BMW,3 SERIES,3-4 years old,estate,PETROLPLUGINELECTRICHYBRID,semiAutomatic,GREY,18900,68866,0.8631232066,7
CK67CUU,SEAT,ARONA,7-8 years old,suv,PETROL,semiAutomatic,RED,11900,35096,0.3465404606,8
GD69YXA,TOYOTA,AYGO,5-6 years old,hatchback,PETROL,manual,BLACK,9900,22208,0.6931629206,5
YR22PFF,AUDI,A6 AVANT,3-4 years old,estate,PETROL,semiAutomatic,BLACK,24050,36296,0.7698240821,7
LY21PPU,AUDI,Q3,3-4 years old,suv,PETROL,manual,BLACK,23670,21417,0.6855336446,8
OE19ZHA,NISSAN,QASHQAI,5-6 years old,suv,DIESEL,manual,SILVER,10900,71174,0.666016478,8
MJ22KMM,AUDI,A3,3-4 years old,saloon,PETROL,manual,BLACK,18200,30285,0.7617288806,5
FP23XFJ,AUDI,A1,0-2 years old,hatchback,PETROL,manual,WHITE,16690,9869,0.8330010305,5
EK66YME,PEUGEOT,108,7-8 years old,hatchback,PETROL,manual,BLACK,5800,50720,0.4322187794,5
YE69VWT,FORD,KA+,5-6 years old,hatchback,PETROL,manual,WHITE,7750,52702,0.7312512865,5
BX19NAA,MERCEDES-BENZ,A-CLASS,5-6 years old,hatchback,PETROL,manual,WHITE,13150,53386,0.796525978,5
LM71CHH,BMW,X1,3-4 years old,suv,PETROL,semiAutomatic,GREY,23100,20926,0.7997110096,8
YD68ACR,MINI,COUNTRYMAN,5-6 years old,suv,PETROL,manual,GREY,13700,54912,0.3286521812,8
HS21LPF,VAUXHALL,CORSA,3-4 years old,hatchback,PETROL,manual,GREY,12200,17269,0.5003233947,5
HW66GPY,PEUGEOT,208,7-8 years old,hatchback,PETROL,manual,BLACK,6150,60253,0.2008023706,5
LM22GXO,MERCEDES-BENZ,A-CLASS,3-4 years old,hatchback,PETROL,semiAutomatic,GREY,21850,20496,0.5571865406,5
EK20KPP,VOLKSWAGEN,TIGUAN,5-6 years old,suv,DIESEL,manual,GREY,21150,66373,0.5136158393,8
DS20GHF,NISSAN,X-TRAIL,5-6 years old,suv,DIESEL,manual,BLACK,17600,37480,0.6451869826,8
RK19AYY,HONDA,CIVIC,5-6 years old,saloon,PETROL,automatic,BLUE,15900,20387,0.4846256384,5
FG22MWY,KIA,XCEED,3-4 years old,hatchback,PETROL,manual,BRONZE,13100,14423,0.8152067414,5
PJ71XYW,FORD,PUMA,3-4 years old,suv,PETROL,manual,SILVER,16200,21117,0.7128731303,8
ST68HKK,FORD,KUGA,5-6 years old,suv,DIESEL,semiAutomatic,BLUE,13850,46729,0.64647337,8
DA67ONR,RENAULT,CAPTUR,7-8 years old,suv,DIESEL,semiAutomatic,CREAM,10600,38221,0.510531041,8
MT72AWZ,PEUGEOT,308,0-2 years old,hatchback,PETROL,semiAutomatic,GREY,18740,9683,0.560316021,5
YG23VBP,TOYOTA,COROLLA TOURING SPORT,0-2 years old,estate,PETROLELECTRICHYBRID,automatic,WHITE,20650,36947,0.6412048014,7
KP71VHG,VOLVO,XC90,3-4 years old,suv,PETROLPLUGINELECTRICHYBRID,semiAutomatic,GREY,38400,10030,0.3438506445,8
LV68FSE,MINI,COUNTRYMAN,5-6 years old,suv,PETROL,manual,BLACK,11000,68362,0.5441430086,8
FG22CJX,KIA,SPORTAGE,3-4 years old,suv,PETROLELECTRICHYBRID,automatic,RED,23890,14580,0.8344546325,8
YM67OHD,VOLKSWAGEN,GOLF,7-8 years old,hatchback,ELECTRIC,automatic,GREEN,9900,30295,0.7898608306,5
MJ72YBM,RENAULT,ARKANA,0-2 years old,suv,PETROLELECTRICHYBRID,semiAutomatic,GREY,18690,11919,0.6752335747,8
GL21WWJ,VOLKSWAGEN,PASSAT,3-4 years old,estate,PETROLPLUGINELECTRICHYBRID,semiAutomatic,GREY,17280,51957,0.7429963254,7
DE22UON,VOLKSWAGEN,ID.3,3-4 years old,hatchback,ELECTRIC,automatic,WHITE,15250,28257,0.8075787482,5
HN22XKT,FORD,ECOSPORT,3-4 years old,suv,PETROL,manual,BLACK,13600,23982,0.5574629815,8
ML21ZSR,PEUGEOT,2008,3-4 years old,suv,DIESEL,manual,BLUE,14450,23199,0.747189371,8
LL22UTZ,PEUGEOT,3008,3-4 years old,suv,PETROL,manual,GREY,18900,202,0.6688939427,8
ST67WKK,AUDI,A1,7-8 years old,hatchback,PETROL,semiAutomatic,GREY,11950,49877,0.7046361496,5
YP22LSU,VOLVO,XC40,3-4 years old,suv,ELECTRIC,automatic,BLACK,22570,34855,0.4396102944,8
PK72AVX,NISSAN,ARIYA,0-2 years old,suv,ELECTRIC,automatic,GREY,23900,37997,0.4670962254,8
DY21UDL,VAUXHALL,CROSSLAND X,3-4 years old,suv,PETROL,manual,GREY,9350,43216,0.7781361247,8
OW69ECE,LAND ROVER,DEFENDER,5-6 years old,suv,DIESEL,automatic,GREEN,44340,30980,0.2208328355,8
MD71NNL,PEUGEOT,E-2008,3-4 years old,suv,ELECTRIC,automatic,RED,14500,15379,0.7544094133,8
MV21RFE,MERCEDES-BENZ,C-CLASS,3-4 years old,estate,PETROLPLUGINELECTRICHYBRID,semiAutomatic,BLACK,17700,74622,0.806034833,7
GL22GZH,FORD,PUMA,3-4 years old,suv,PETROL,manual,WHITE,14200,23597,0.6738770985,8
EA70DZH,FORD,FIESTA,3-4 years old,hatchback,PETROL,manual,RED,12400,12321,0.6445669954,5
MJ21FGU,SKODA,KAROQ,3-4 years old,suv,PETROL,automatic,GREY,21300,29426,0.7692253029,8
WP22GWF,AUDI,S3,3-4 years old,saloon,PETROL,semiAutomatic,RED,30350,16615,0.5020213957,5
CV22YSO,KIA,SPORTAGE,3-4 years old,suv,PETROL,manual,RED,20650,27338,0.6897363487,8
YH22VFE,BMW,1 SERIES,3-4 years old,hatchback,DIESEL,semiAutomatic,BLACK,18100,37891,0.8368662878,5
LT70KXY,KIA,SPORTAGE,3-4 years old,suv,PETROL,manual,BLACK,14250,47823,0.8327527567,8
YL69UMA,LAND ROVER,DISCOVERY,5-6 years old,suv,DIESEL,automatic,BLACK,27400,79553,0.3937657939,8
SY17YBW,HYUNDAI,TUCSON,7-8 years old,suv,DIESEL,manual,WHITE,10700,52204,0.5272058163,8
BT69TZH,SEAT,ARONA,5-6 years old,suv,PETROL,manual,WHITE,10400,71303,0.3733592762,8
SF71XXK,VOLVO,XC90,3-4 years old,suv,PETROL,semiAutomatic,WHITE,36950,21462,0.6256438475,8
GF67WJC,SKODA,FABIA,7-8 years old,hatchback,PETROL,manual,GREEN,9850,41284,0.6024363878,5
DY22KRX,VAUXHALL,CORSA,3-4 years old,hatchback,PETROL,manual,GREY,12200,22047,0.6336698448,5
YO19CNF,KIA,PICANTO,5-6 years old,hatchback,PETROL,manual,WHITE,8000,36468,0.6131985929,5
AF20BYT,MG,HS,5-6 years old,suv,PETROL,semiAutomatic,RED,14650,32754,0.6915976908,8
MJ21EHV,LAND ROVER,RANGE ROVER EVOQUE,3-4 years old,suv,PETROLPLUGINELECTRICHYBRID,automatic,GREY,19400,60029,0.8229505554,8
VA19LFR,HYUNDAI,TUCSON,5-6 years old,suv,PETROL,semiAutomatic,WHITE,18250,30561,0.56182351,8
WV69GWO,SKODA,OCTAVIA,5-6 years old,estate,DIESEL,manual,SILVER,14800,34701,0.745398023,7
WA68HJC,MAZDA,MAZDA3,5-6 years old,hatchback,PETROL,manual,WHITE,11900,38309,0.2271857666,5
HN68XZR,RENAULT,CLIO,5-6 years old,hatchback,PETROL,manual,SILVER,8000,55679,0.7030785023,5
DA21UBP,MINI,HATCHBACK,3-4 years old,hatchback,PETROL,manual,GREY,12800,46569,0.8723951158,5
AK21XJE,VOLKSWAGEN,POLO,3-4 years old,hatchback,PETROL,manual,ORANGE,14000,22503,0.8941247425,5
KT18HGP,PEUGEOT,3008,7-8 years old,suv,PETROL,manual,GREY,10250,61314,0.767804075,8
NC21CZT,VOLKSWAGEN,POLO,3-4 years old,hatchback,PETROL,manual,BLACK,14780,16183,0.7191443889,5
RV22YMZ,AUDI,Q3,3-4 years old,suv,PETROL,semiAutomatic,BLACK,25900,38360,0.5500433397,8
SA22ZJV,VOLKSWAGEN,ID.4,3-4 years old,suv,ELECTRIC,automatic,GREY,17850,21487,0.7671850243,8
KS21VBF,BMW,1 SERIES,3-4 years old,hatchback,PETROL,semiAutomatic,BLUE,17700,63865,0.7094367777,5
GV68DCU,PEUGEOT,108,5-6 years old,hatchback,PETROL,manual,RED,7400,32827,0.5488097701,5
YG21WTW,BMW,X1,3-4 years old,suv,PETROLPLUGINELECTRICHYBRID,semiAutomatic,GREY,18900,49474,0.6935453952,8
YP21SZE,FORD,FOCUS,3-4 years old,hatchback,PETROL,manual,GREY,14750,24482,0.7855474149,5
CA71EDL,CITROEN,C3,3-4 years old,hatchback,PETROL,manual,GREY,10890,16875,0.7580797784,5
BJ22PKO,VOLKSWAGEN,T-CROSS,3-4 years old,suv,PETROL,automatic,BLACK,17350,20202,0.6935979614,8
ND72FCC,VOLVO,XC40,0-2 years old,suv,PETROL,semiAutomatic,BLUE,24850,26016,0.5868893215,8
VE23LMF,VOLKSWAGEN,E-UP!,0-2 years old,hatchback,ELECTRIC,automatic,BLACK,12700,6302,0.8892334262,5
MT21LSL,PEUGEOT,E-2008,3-4 years old,suv,ELECTRIC,automatic,BLUE,10400,70285,0.7544094133,8
SO19EEM,MINI,CONVERTIBLE,5-6 years old,convertible,PETROL,manual,WHITE,15600,26241,0.4764222658,4
SB69RVX,VAUXHALL,GRANDLAND X,5-6 years old,suv,PETROL,manual,GREY,10100,60357,0.6783831364,8
CY21KZJ,FORD,KUGA,3-4 years old,suv,DIESEL,semiAutomatic,WHITE,16350,51169,0.5928771576,8
NA20OWM,VAUXHALL,CORSA,5-6 years old,hatchback,PETROL,manual,GREY,10200,33942,0.4002730536,5
VX22LMM,ALFA ROMEO,GIULIA,0-2 years old,saloon,PETROL,semiAutomatic,BLACK,22250,17134,0.6278795107,5
WR22FXT,VOLKSWAGEN,T-CROSS,3-4 years old,suv,PETROL,automatic,BLUE,17390,13712,0.6935979614,8
PF21HVL,AUDI,TT,3-4 years old,coupe,PETROL,semiAutomatic,WHITE,22950,47977,0.7477278136,4
BX19YFY,MAZDA,MX-5,5-6 years old,convertible,PETROL,manual,GREY,15540,11917,0.679233204,4
LV22MJO,FORD,KUGA,3-4 years old,suv,PETROLELECTRICHYBRID,automatic,BLUE,19590,25720,0.6634708679,8
YL69NDN,SEAT,IBIZA,5-6 years old,hatchback,PETROL,manual,RED,11050,36563,0.773818125,5
FG71OSZ,KIA,XCEED,3-4 years old,hatchback,PETROL,manual,BRONZE,12250,33064,0.8152067414,5
MK19UMD,VAUXHALL,ADAM,5-6 years old,hatchback,PETROL,manual,BLUE,8150,33067,0.7567003225,5
AY19OPT,HONDA,CIVIC,5-6 years old,hatchback,PETROL,automatic,BLUE,13600,38267,0.7677070218,5
SE18YTA,SEAT,ARONA,7-8 years old,suv,PETROL,manual,RED,10450,40843,0.4291198908,8
KM23BNL,MERCEDES-BENZ,CLA,0-2 years old,estate,PETROL,semiAutomatic,BLACK,22780,26827,0.6818036579,7
FM68SWF,FORD,FIESTA,5-6 years old,hatchback,PETROL,manual,WHITE,10000,32995,0.5582083474,5
HS19UUX,FORD,FOCUS,5-6 years old,hatchback,PETROL,manual,SILVER,11700,30914,0.6663431568,5
YJ22RUO,BMW,2 SERIES GRAN COUPE,3-4 years old,saloon,PETROL,semiAutomatic,GREY,19750,44153,0.7521703275,5
PF19VOU,VOLKSWAGEN,T-ROC,5-6 years old,suv,DIESEL,manual,BLUE,15600,34948,0.8105718488,8
OY19KPT,PEUGEOT,308,5-6 years old,hatchback,PETROL,manual,BLUE,9100,40696,0.766864423,5
MT21YFX,AUDI,Q7,3-4 years old,suv,DIESEL,semiAutomatic,GREY,43250,24214,0.4344804318,8
WG17BCX,PEUGEOT,3008,7-8 years old,suv,DIESEL,manual,RED,10500,55085,0.6450052826,8
DN21WZM,VAUXHALL,CORSA,3-4 years old,hatchback,PETROL,manual,WHITE,11550,25159,0.6659106134,5
CF22KSX,MG,HS,3-4 years old,suv,PETROL,manual,BLUE,14200,13580,0.6649249934,8
NA69XKN,NISSAN,QASHQAI,5-6 years old,suv,PETROL,manual,GREY,12250,42025,0.689714364,8
CA68GKN,MG,ZS,5-6 years old,suv,PETROL,manual,ORANGE,8750,80102,0.6264663247,8
YS73UCF,SEAT,IBIZA,0-2 years old,hatchback,PETROL,manual,RED,16400,15652,0.5280294384,5
YK17ZCH,AUDI,A3,7-8 years old,hatchback,PETROLPLUGINELECTRICHYBRID,semiAutomatic,SILVER,14400,13719,0.69732172,5
LA21NUB,FORD,FIESTA,3-4 years old,hatchback,PETROL,manual,BLACK,12300,33652,0.4797360635,5
VK22MYW,VOLKSWAGEN,T-CROSS,3-4 years old,suv,PETROL,manual,GREY,15600,23997,0.6782556641,8
SB18ASO,MINI,HATCHBACK,7-8 years old,hatchback,PETROL,manual,BLUE,10000,56447,0.6583321224,5
YB23VTK,NISSAN,JUKE,0-2 years old,suv,PETROL,manual,BLACK,12950,38288,0.6673581562,8
GX70SXA,MERCEDES-BENZ,GLE,3-4 years old,suv,DIESEL,semiAutomatic,BLACK,37050,54699,0.4080802436,8
MM70SSV,PEUGEOT,508,3-4 years old,hatchback,DIESEL,semiAutomatic,GREY,13700,63508,0.4649757372,5
WG70XDA,MERCEDES-BENZ,A-CLASS,3-4 years old,saloon,PETROLPLUGINELECTRICHYBRID,semiAutomatic,BLACK,18000,30955,0.8810789313,5
DE22XYV,CUPRA,ATECA,3-4 years old,suv,PETROL,semiAutomatic,GREY,25400,27918,0.3115713831,8
AV17YNX,KIA,RIO,7-8 years old,hatchback,PETROL,manual,BLACK,9250,44446,0.3689794463,5
KY19UEA,KIA,STINGER,5-6 years old,saloon,PETROL,automatic,RED,17550,48294,0.7963648328,5
SL21ANV,LAND ROVER,RANGE ROVER EVOQUE,3-4 years old,suv,DIESEL,manual,WHITE,16890,40779,0.8246960162,8
BM19BNB,MAZDA,MX-5,5-6 years old,convertible,PETROL,manual,GREY,13900,38527,0.679233204,4
YC70ZHV,TOYOTA,RAV4,3-4 years old,suv,PETROLELECTRICHYBRID,automatic,SILVER,25400,29766,0.4772674682,8
EA69CGF,MERCEDES-BENZ,A-CLASS,5-6 years old,saloon,DIESEL,semiAutomatic,WHITE,16500,42659,0.7792802737,5
KJ21OWZ,AUDI,A4 AVANT,3-4 years old,estate,PETROL,manual,GREY,18000,59920,0.4877429198,7
YA70DWW,AUDI,A3,3-4 years old,hatchback,PETROLPLUGINELECTRICHYBRID,semiAutomatic,WHITE,17300,39392,0.7859101408,5
MD21APK,PEUGEOT,3008,3-4 years old,suv,PETROLPLUGINELECTRICHYBRID,semiAutomatic,GREY,18400,21534,0.834990111,8
MD21BGU,CITROEN,C4,3-4 years old,hatchback,PETROL,manual,RED,12600,34275,0.6525829806,5
GC18NDO,SKODA,OCTAVIA,7-8 years old,hatchback,PETROL,manual,BLACK,9400,49415,0.6998746217,5
SL70CXR,SUZUKI,VITARA,3-4 years old,suv,PETROL,manual,BLACK,12010,38201,0.7056304524,8
BJ24AXV,FORD,FOCUS,0-2 years old,hatchback,PETROL,manual,BLUE,19100,6622,0.4948033148,5
PJ22XOG,HYUNDAI,IONIQ,3-4 years old,hatchback,ELECTRIC,automatic,GREY,12000,18198,0.6446326375,5
YH73XOP,CUPRA,FORMENTOR,0-2 years old,suv,PETROLPLUGINELECTRICHYBRID,semiAutomatic,WHITE,25400,10229,0.6570177843,8
VA18WFL,VOLKSWAGEN,TIGUAN,7-8 years old,suv,DIESEL,semiAutomatic,WHITE,19950,58731,0.7442605614,8
LR22HKA,PEUGEOT,3008,3-4 years old,suv,PETROL,semiAutomatic,GREY,19100,19295,0.5785007542,8
PJ23WNX,AUDI,Q5,0-2 years old,suv,DIESEL,semiAutomatic,WHITE,33550,20724,0.3623954773,8
VN22ULE,VOLKSWAGEN,ID.3,3-4 years old,hatchback,ELECTRIC,automatic,GREY,14650,37215,0.8075787482,5
MX19PCF,FORD,FIESTA,5-6 years old,hatchback,PETROL,manual,BLUE,9900,35860,0.4797414479,5
E20MLN,LAND ROVER,DISCOVERY SPORT,3-4 years old,suv,PETROL,automatic,SILVER,22900,46922,0.5631200779,8
GY19NTO,MG,MG3,5-6 years old,hatchback,PETROL,manual,YELLOW,8350,34325,0.7131827571,5
FY21VCP,VAUXHALL,CORSA,3-4 years old,hatchback,PETROL,automatic,GREY,14850,15161,0.6172068295,5
VK22VUY,VOLKSWAGEN,ID.3,3-4 years old,hatchback,ELECTRIC,automatic,GREY,14680,32924,0.8075787482,5
YA17PWL,SEAT,IBIZA,7-8 years old,hatchback,PETROL,manual,SILVER,8140,53165,0.49390806,5
LX22ZYS,HYUNDAI,IONIQ,3-4 years old,hatchback,PETROLELECTRICHYBRID,automatic,RED,15900,31188,0.7823574349,5
DE68WNC,MERCEDES-BENZ,A-CLASS,5-6 years old,hatchback,DIESEL,semiAutomatic,BLACK,14050,50295,0.6748264819,5
GU71RRV,LAND ROVER,RANGE ROVER VELAR,3-4 years old,suv,DIESEL,automatic,RED,26900,42051,0.537366108,8
VN22WGU,FORD,KUGA,3-4 years old,suv,PETROL,manual,SILVER,17100,45426,0.6889921845,8
VK20UXG,VAUXHALL,CORSA,5-6 years old,hatchback,PETROL,manual,BLACK,11300,27464,0.7226290511,5
KV68AXC,PEUGEOT,308,5-6 years old,hatchback,PETROL,manual,GREY,8250,53202,0.2975113456,5
SV69KNZ,LAND ROVER,RANGE ROVER EVOQUE,5-6 years old,suv,DIESEL,automatic,GREY,20200,36018,0.7909795291,8
KS20LBL,BMW,1 SERIES,3-4 years old,hatchback,PETROL,semiAutomatic,BLACK,19400,37969,0.8090128825,5
MF68LLN,RENAULT,CAPTUR,5-6 years old,suv,DIESEL,semiAutomatic,ORANGE,11100,19793,0.7315734986,8
MD72WKY,RENAULT,ZOE,0-2 years old,hatchback,ELECTRIC,automatic,WHITE,11900,12359,0.7154847368,5
FY69XBM,SUZUKI,VITARA,5-6 years old,suv,PETROL,automatic,TURQUOISE,12650,39024,0.7167652744,8
FL70UVU,SEAT,ARONA,3-4 years old,suv,PETROL,manual,BLUE,12740,22854,0.5900398082,8
BP69WUM,HYUNDAI,IONIQ,5-6 years old,hatchback,PETROLPLUGINELECTRICHYBRID,automatic,GREY,14200,37889,0.3243492729,5
DE21UHP,VOLVO,XC60,3-4 years old,suv,PETROL,semiAutomatic,BLACK,24900,29909,0.8445190649,8
YC21ENU,SEAT,IBIZA,3-4 years old,hatchback,PETROL,manual,WHITE,12250,22801,0.9314691585,5
RV18LVE,AUDI,S3,7-8 years old,hatchback,PETROL,semiAutomatic,BLACK,22200,36382,0.6303281981,5
DY22XGZ,HYUNDAI,KONA,3-4 years old,suv,ELECTRIC,automatic,BLACK,14400,27801,0.7449883555,8
YH72WTZ,NISSAN,QASHQAI,0-2 years old,suv,PETROL,manual,BLACK,17400,14246,0.8094125198,8
CX70MKD,TOYOTA,C-HR,3-4 years old,suv,PETROLELECTRICHYBRID,automatic,GREY,16300,40408,0.6514316148,8
YP21LFU,FORD,FIESTA,3-4 years old,hatchback,PETROL,manual,GREY,13750,16284,0.7343654421,5
FV68RZS,TOYOTA,AYGO,5-6 years old,hatchback,PETROL,manual,WHITE,8050,54858,0.5559641305,5
SM70EAX,VOLKSWAGEN,GOLF,3-4 years old,estate,DIESEL,semiAutomatic,WHITE,17770,41541,0.5915498869,7
KM19FDN,VOLVO,V40,5-6 years old,hatchback,DIESEL,semiAutomatic,BLACK,12900,43664,0.6613778202,5
LT70EJG,VOLKSWAGEN,TIGUAN,3-4 years old,suv,DIESEL,semiAutomatic,SILVER,19200,29198,0.8332957699,8
PE70WNC,BMW,3 SERIES,3-4 years old,saloon,PETROLPLUGINELECTRICHYBRID,semiAutomatic,BLUE,21390,42746,0.7660127631,5
HL19GHO,BMW,X2,5-6 years old,suv,PETROL,manual,BLACK,18000,30069,0.4270870235,8
SN19SMT,VAUXHALL,ADAM,5-6 years old,hatchback,PETROL,manual,BLUE,8600,29104,0.7567003225,5
BF20OMV,PEUGEOT,RIFTER,5-6 years old,estate,DIESEL,manual,GREY,15450,42423,0.3255533518,7
J7UGH,SEAT,ARONA,5-6 years old,suv,PETROL,semiAutomatic,SILVER,12400,38843,0.6819673285,8
EK69WUU,RENAULT,CAPTUR,5-6 years old,suv,PETROL,manual,BLUE,10340,21275,0.6774033854,8
LS69VKU,KIA,XCEED,5-6 years old,hatchback,PETROL,semiAutomatic,BLACK,16050,23917,0.5405826034,5
SV71YDE,MAZDA,CX-30,3-4 years old,suv,PETROL,manual,RED,16450,33941,0.5471271868,8
YR21UTT,FORD,FIESTA,3-4 years old,hatchback,PETROL,manual,GREY,12850,21277,0.7065676714,5
DV22BVH,VAUXHALL,CROSSLAND,3-4 years old,suv,PETROL,manual,GREY,13050,21463,0.4764991386,8
K7CWA,HYUNDAI,TUCSON,5-6 years old,suv,PETROL,manual,WHITE,14850,42427,0.6313526745,8
WR72TBX,DACIA,SANDERO,0-2 years old,hatchback,PETROL,manual,BLUE,10470,19665,0.6781155582,5
BK22OFG,SEAT,IBIZA,3-4 years old,hatchback,PETROL,manual,RED,13140,16233,0.7595287419,5
DP19HHS,VAUXHALL,MOKKA X,5-6 years old,suv,PETROL,semiAutomatic,WHITE,10650,45590,0.6707257653,8
DV72EOD,MG,HS,0-2 years old,suv,PETROL,semiAutomatic,WHITE,15700,20365,0.6915976908,8
HJ22OMR,AUDI,Q2,3-4 years old,suv,PETROL,semiAutomatic,RED,22100,22593,0.5770986399,8
SW71FBE,VOLVO,XC60,3-4 years old,suv,PETROL,semiAutomatic,RED,30890,32327,0.2639817422,8
OV21UVN,CITROEN,C3,3-4 years old,hatchback,PETROL,manual,BLACK,10300,18068,0.6590438491,5
WA22OPH,BMW,X3,3-4 years old,suv,PETROLPLUGINELECTRICHYBRID,semiAutomatic,WHITE,26240,73857,0.5377853436,8
CE22ZXN,HYUNDAI,IONIQ,3-4 years old,hatchback,ELECTRIC,automatic,SILVER,11500,15022,0.6446326375,5
HT69GZR,RENAULT,CLIO,5-6 years old,hatchback,PETROL,manual,BLUE,10890,15826,0.7004193445,5
FV71BPO,HYUNDAI,TUCSON,3-4 years old,suv,PETROL,manual,RED,18890,29998,0.7132848609,8
HT69ENK,RENAULT,KADJAR,5-6 years old,suv,PETROL,manual,BLUE,12400,36558,0.6632452438,8
KR21JFG,LAND ROVER,RANGE ROVER EVOQUE,3-4 years old,suv,DIESEL,automatic,RED,23420,32847,0.6300130254,8
YC22WXW,HONDA,HR-V,3-4 years old,suv,PETROLELECTRICHYBRID,automatic,RED,18850,33426,0.4946233762,8
DV70ORP,VOLVO,XC40,3-4 years old,suv,PETROL,semiAutomatic,RED,24250,29212,0.8296875274,8
RE70THK,VOLKSWAGEN,GOLF,3-4 years old,hatchback,PETROL,semiAutomatic,SILVER,21450,12421,0.7630685448,5
SD68ENU,VAUXHALL,CORSA,5-6 years old,hatchback,PETROL,manual,BLUE,8250,22501,0.6997722591,5
FE70WPL,TOYOTA,YARIS,3-4 years old,hatchback,PETROL,manual,BLUE,11350,28871,0.7151284777,5
WF67SXM,MERCEDES-BENZ,A-CLASS,7-8 years old,hatchback,PETROL,manual,GREY,12800,48024,0.7121412453,5
FG24UBA,SUZUKI,SWIFT,0-2 years old,hatchback,PETROL,manual,WHITE,14400,23915,0.1428854874,5
MD71HWX,DACIA,SANDERO STEPWAY,3-4 years old,hatchback,PETROL,manual,ORANGE,10600,33699,0.606089521,5
CE22OBD,PEUGEOT,208,3-4 years old,hatchback,PETROL,manual,YELLOW,14800,18070,0.6988104342,5
YA67HRO,VAUXHALL,CORSA,7-8 years old,hatchback,PETROL,manual,BLUE,7900,33571,0.3468004377,5
OY69DXZ,HYUNDAI,I30,5-6 years old,hatchback,PETROL,manual,WHITE,21900,40163,0.629442028,5
SM20EFW,AUDI,SQ2,5-6 years old,suv,PETROL,semiAutomatic,BLUE,22900,39982,0.5775604855,8
GC18DRO,MERCEDES-BENZ,A-CLASS,7-8 years old,hatchback,PETROL,semiAutomatic,SILVER,15210,61952,0.4718380649,5
LM19GDF,VOLVO,V40,5-6 years old,hatchback,PETROL,semiAutomatic,SILVER,16100,18621,0.5827450981,5
ND22VHE,KIA,E-NIRO,3-4 years old,suv,ELECTRIC,automatic,GREY,14150,28257,0.8876976893,8
WR71AVL,VAUXHALL,CROSSLAND,3-4 years old,suv,PETROL,manual,BLACK,12090,16607,0.2554085095,8
ND22GWL,DACIA,SANDERO,3-4 years old,hatchback,PETROL,manual,WHITE,10200,30918,0.6781155582,5
SM22OZN,VOLKSWAGEN,T-ROC,3-4 years old,suv,PETROL,manual,WHITE,18350,51683,0.5551866961,8
LD21XJG,BMW,3 SERIES,3-4 years old,saloon,PETROL,semiAutomatic,BLACK,26650,17297,0.6280674153,5
DL24UXC,FORD,PUMA,0-2 years old,suv,PETROL,semiAutomatic,BLACK,19900,17477,0.5329472184,8
PF22BUJ,VAUXHALL,CORSA,3-4 years old,hatchback,PETROL,manual,GREY,13400,29799,0.4226711685,5
BJ21TXR,SEAT,TARRACO,3-4 years old,suv,PETROL,automatic,WHITE,19000,29279,0.6571038103,8
CA19YWW,VAUXHALL,MOKKA X,5-6 years old,suv,PETROL,semiAutomatic,ORANGE,13400,20078,0.6231937251,8
SC21EYO,VAUXHALL,CORSA,3-4 years old,hatchback,PETROL,manual,ORANGE,10200,28595,0.7692563879,5
YP21BNN,FORD,FOCUS,3-4 years old,hatchback,PETROL,manual,GREY,14350,28992,0.7855474149,5
YG70VFD,MAZDA,CX-5,3-4 years old,suv,PETROL,manual,GREY,16400,48172,0.5514638952,8
SH69PLU,RENAULT,KADJAR,5-6 years old,suv,PETROL,manual,BLUE,11400,40797,0.712551655,8
DV23VMH,NISSAN,JUKE,0-2 years old,suv,PETROL,manual,BLACK,12860,42205,0.6673581562,8
WU67VTM,FORD,FOCUS,7-8 years old,hatchback,PETROL,manual,SILVER,8400,33015,0.8519879051,5
VK21HZG,VOLKSWAGEN,POLO,3-4 years old,hatchback,PETROL,manual,BLUE,12350,50110,0.8941247425,5
MD23ONZ,PEUGEOT,E-2008,0-2 years old,suv,ELECTRIC,automatic,GREY,14250,32719,0.6639227039,8
SA70VPL,TOYOTA,RAV4,3-4 years old,suv,PETROLELECTRICHYBRID,automatic,WHITE,22900,27150,0.8627539202,8
R20VWC,VOLKSWAGEN,GOLF,7-8 years old,hatchback,PETROL,semiAutomatic,WHITE,23320,27500,0.5913330122,5
DL21YPX,MINI,HATCHBACK,3-4 years old,hatchback,PETROL,manual,WHITE,14900,18529,0.9251365503,5
RV68XXS,MERCEDES-BENZ,GLA,5-6 years old,suv,PETROL,semiAutomatic,GREY,16600,54827,0.8462283606,8
BG68UYH,CITROEN,C3,5-6 years old,hatchback,PETROL,manual,RED,8190,14266,0.8247506681,5
EK23SVY,KIA,STONIC,0-2 years old,suv,PETROL,manual,RED,15590,27465,0.5759311047,8
OY18ZGH,FORD,FIESTA,7-8 years old,hatchback,PETROL,manual,BLUE,8250,47908,0.6250171117,5
DY20FYF,VAUXHALL,CORSA,5-6 years old,hatchback,PETROL,manual,BLACK,11400,15002,0.6659106134,5
MD69KVF,BMW,X1,5-6 years old,suv,DIESEL,semiAutomatic,BLACK,18100,45685,0.8543611753,8
DP73WKS,HYUNDAI,TUCSON,0-2 years old,suv,PETROLELECTRICHYBRID,semiAutomatic,SILVER,23900,35447,0.5696973779,8
DY71XWO,VAUXHALL,CORSA,3-4 years old,hatchback,PETROL,manual,RED,10540,40912,0.7160218683,5
HF69WLC,TOYOTA,RAV4,5-6 years old,suv,PETROLELECTRICHYBRID,automatic,WHITE,24250,28276,0.4772674682,8
VE21TGK,VOLKSWAGEN,TIGUAN,3-4 years old,suv,PETROL,semiAutomatic,WHITE,24900,20066,0.7643419923,8
FV72XMD,TOYOTA,RAV4,0-2 years old,suv,PETROLPLUGINELECTRICHYBRID,automatic,BLUE,26900,55183,0.4457400864,8
LK19GUA,VOLKSWAGEN,T-CROSS,5-6 years old,suv,PETROL,automatic,WHITE,14550,34172,0.6805546031,8
LD72VTG,CITROEN,C3,0-2 years old,hatchback,DIESEL,manual,BEIGE,9850,52000,0.7648009701,5
EY68OLX,RENAULT,CLIO,5-6 years old,hatchback,PETROL,manual,BLUE,7000,65819,0.6345269031,5
LD20VSZ,MINI,HATCHBACK,5-6 years old,hatchback,PETROL,manual,BLUE,11950,49595,0.7973201687,5
NK19NNX,FORD,FIESTA,5-6 years old,hatchback,PETROL,manual,WHITE,11150,30092,0.7717193289,5
EY69UDN,AUDI,Q3,5-6 years old,suv,PETROL,semiAutomatic,RED,20650,49087,0.4051733856,8
G13LSF,MERCEDES-BENZ,A-CLASS,7-8 years old,hatchback,PETROL,semiAutomatic,WHITE,15700,23369,0.7494498026,5
SW20NHP,MG,HS,5-6 years old,suv,PETROL,semiAutomatic,WHITE,14350,33253,0.6915976908,8
SA18NXO,VAUXHALL,CROSSLAND X,7-8 years old,suv,PETROL,manual,WHITE,10250,15240,0.3767356868,8
SD21WVK,TOYOTA,AYGO,3-4 years old,hatchback,PETROL,manual,RED,8900,31663,0.6707958407,5
BN22GEU,PEUGEOT,2008,3-4 years old,suv,PETROL,semiAutomatic,BLACK,17850,23929,0.7148597809,8
BL70GTZ,LAND ROVER,RANGE ROVER EVOQUE,3-4 years old,suv,PETROLPLUGINELECTRICHYBRID,automatic,BLACK,20390,33464,0.8229505554,8
HS68RYB,RENAULT,CAPTUR,5-6 years old,suv,DIESEL,manual,SILVER,9150,52596,0.6582711636,8
YC21ZGF,TOYOTA,COROLLA TOURING SPORT,3-4 years old,estate,PETROLELECTRICHYBRID,automatic,WHITE,16670,37102,0.7092453634,7
V111LJS,MAZDA,MAZDA3,5-6 years old,hatchback,PETROL,manual,RED,13750,14021,0.6064880401,5
BJ17SVX,AUDI,A5,7-8 years old,coupe,DIESEL,semiAutomatic,BLACK,14950,48332,0.6885732888,4
WR69ZPH,VOLKSWAGEN,POLO,5-6 years old,hatchback,PETROL,manual,SILVER,12000,41869,0.763932549,5
SM22YSB,FORD,PUMA,3-4 years old,suv,PETROL,manual,BLACK,13800,48395,0.6703324469,8
KN20XMJ,JAGUAR,F-PACE,5-6 years old,suv,DIESEL,automatic,GREY,21180,60555,0.7445665896,8
YA21UOO,SEAT,ARONA,3-4 years old,suv,PETROL,manual,BLUE,12650,27497,0.8268445213,8
EG68KXX,RENAULT,CLIO,5-6 years old,hatchback,PETROL,manual,BLUE,9100,38576,0.7030785023,5
VE22AOB,VAUXHALL,CORSA,3-4 years old,hatchback,PETROL,manual,BLUE,13150,18373,0.7072068723,5
YX71OTB,NISSAN,JUKE,3-4 years old,suv,PETROL,manual,GREY,14500,11133,0.6673581562,8
YS21FYM,FORD,FIESTA,3-4 years old,hatchback,PETROL,manual,RED,9500,52073,0.785934,5
KD17XON,MERCEDES-BENZ,CLA,7-8 years old,coupe,DIESEL,semiAutomatic,SILVER,13700,59488,0.596761091,4
VN22KHZ,VAUXHALL,CORSA,3-4 years old,hatchback,PETROL,manual,BLUE,9350,58738,0.8135150837,5
YH71EXE,PEUGEOT,E-208,3-4 years old,hatchback,ELECTRIC,automatic,BLUE,12000,34615,0.6546918538,5
LD20TZL,MINI,HATCHBACK,5-6 years old,hatchback,PETROL,manual,SILVER,14250,42012,0.8789651561,5
AK22ZPF,BMW,1 SERIES,3-4 years old,hatchback,DIESEL,semiAutomatic,BLACK,15900,60562,0.7685289415,5
NJ20ZWL,MAZDA,CX-5,5-6 years old,suv,PETROL,manual,BLUE,14100,44101,0.5443190697,8
KR22UPY,SKODA,OCTAVIA,3-4 years old,estate,PETROL,semiAutomatic,BLACK,26900,31017,0.6990645629,7
MJ22UCP,FORD,PUMA,3-4 years old,suv,PETROL,manual,BLACK,16100,18893,0.7128731303,8
BT70YGK,TESLA,MODEL S,3-4 years old,hatchback,ELECTRIC,automatic,RED,27890,36471,0.3624293394,5
AY18YVN,RENAULT,KOLEOS,7-8 years old,suv,DIESEL,manual,BLACK,13100,52274,0.3964402039,8
GK23PDY,VOLKSWAGEN,GOLF,0-2 years old,hatchback,PETROLPLUGINELECTRICHYBRID,semiAutomatic,GREY,16380,52664,0.6793025897,5
BV70UXL,KIA,PICANTO,3-4 years old,hatchback,PETROL,manual,BLACK,11390,18100,0.4943388386,5
EJ70ZCA,VOLKSWAGEN,POLO,3-4 years old,hatchback,PETROL,manual,GREY,13900,19064,0.8941247425,5
YO73LVV,HYUNDAI,BAYON,0-2 years old,suv,PETROL,semiAutomatic,BLUE,15400,8803,0.4259876555,8
HK22OFV,HYUNDAI,KONA,3-4 years old,suv,ELECTRIC,automatic,BLACK,15700,36093,0.6048001615,8
WF18CKP,HONDA,JAZZ,7-8 years old,hatchback,PETROL,automatic,BLUE,11740,29311,0.4491750806,5
NC21BHZ,VOLKSWAGEN,T-CROSS,3-4 years old,suv,PETROL,manual,GREY,15390,20431,0.545733464,8
VF22SYG,JAGUAR,F-PACE,3-4 years old,suv,PETROLPLUGINELECTRICHYBRID,automatic,GREY,32600,20501,0.5919900573,8
YS19ZVG,VOLVO,XC40,5-6 years old,suv,PETROL,manual,RED,16790,47942,0.4191290089,8
EA67FGV,FORD,FOCUS,7-8 years old,hatchback,PETROL,manual,SILVER,6650,72096,0.8519879051,5
FJ19VAU,SEAT,LEON,5-6 years old,hatchback,PETROL,manual,WHITE,10550,41479,0.6191813852,5
YS70HYB,FORD,FIESTA,3-4 years old,hatchback,PETROL,manual,WHITE,12400,7430,0.6445669954,5
HJ22WPL,NISSAN,QASHQAI,3-4 years old,suv,PETROL,semiAutomatic,WHITE,19650,48039,0.531700793,8
YG71OAV,LAND ROVER,RANGE ROVER EVOQUE,3-4 years old,suv,PETROLPLUGINELECTRICHYBRID,automatic,GREY,23500,48323,0.6709657263,8
NA22HHZ,RENAULT,CAPTUR,3-4 years old,suv,PETROL,manual,GREY,15200,23803,0.5952057493,8
PK22XGR,FORD,PUMA,3-4 years old,suv,PETROL,manual,BLUE,15800,33110,0.6526485189,8
SJ19BMK,RENAULT,CLIO,5-6 years old,hatchback,DIESEL,manual,SILVER,8350,56283,0.6526609253,5
SA71UYV,SKODA,OCTAVIA,3-4 years old,estate,PETROLPLUGINELECTRICHYBRID,semiAutomatic,BLUE,14400,59576,0.6531960924,7
YD19EPX,AUDI,A1,5-6 years old,hatchback,PETROL,manual,WHITE,13650,40099,0.7548887236,5
SB71YKM,FORD,ECOSPORT,3-4 years old,suv,PETROL,manual,BLUE,12790,9054,0.6459626073,8
CU72LWO,VOLVO,XC60,0-2 years old,suv,PETROLPLUGINELECTRICHYBRID,semiAutomatic,BLACK,35900,39304,0.1461174424,8
WH18HUO,RENAULT,CAPTUR,7-8 years old,suv,PETROL,semiAutomatic,ORANGE,11500,31043,0.1895571249,8
WD71GVA,PEUGEOT,3008,3-4 years old,suv,PETROLPLUGINELECTRICHYBRID,semiAutomatic,WHITE,19900,17337,0.7637644982,8
NL68BVE,HONDA,CIVIC,5-6 years old,hatchback,PETROL,manual,BLUE,10050,53638,0.6457797921,5
YN22KHP,FORD,KUGA,3-4 years old,suv,PETROL,manual,BLACK,14900,30521,0.3666449082,8
LD20VUU,MINI,HATCHBACK,5-6 years old,hatchback,PETROL,semiAutomatic,BLUE,17000,26024,0.8393760892,5
MM72XOX,VOLKSWAGEN,T-ROC,0-2 years old,suv,PETROL,semiAutomatic,GREY,24650,16101,0.4735773386,8
PJ23EHZ,PEUGEOT,2008,0-2 years old,suv,PETROL,manual,ORANGE,17150,19567,0.4498162669,8
KP20EHU,SEAT,ARONA,3-4 years old,suv,PETROL,semiAutomatic,RED,14700,11410,0.6397447197,8
YF20XUY,RENAULT,KADJAR,5-6 years old,suv,PETROL,manual,BLACK,10950,51719,0.712551655,8
BD22WGY,KIA,SPORTAGE,3-4 years old,suv,PETROLELECTRICHYBRID,automatic,BRONZE,23300,25754,0.6719815458,8
MX19XMY,FORD,FIESTA,5-6 years old,hatchback,PETROL,manual,GREY,9590,27961,0.7074737961,5
GF22DSV,FORD,KUGA,3-4 years old,suv,PETROL,manual,BLACK,19750,18357,0.6889921845,8
SD67CNE,RENAULT,CAPTUR,7-8 years old,suv,PETROL,manual,GREY,7700,57159,0.5728258999,8
CK71YPT,FORD,FOCUS,3-4 years old,hatchback,DIESEL,manual,RED,14410,54040,0.8621089037,5
WM70RKE,MERCEDES-BENZ,E-CLASS,3-4 years old,coupe,DIESEL,semiAutomatic,SILVER,24690,32084,0.710809342,4
EN22KKR,BMW,1 SERIES,0-2 years old,hatchback,PETROL,semiAutomatic,WHITE,21280,24352,0.7094367777,5
DG70WJZ,AUDI,A1,3-4 years old,hatchback,PETROL,manual,BLUE,15900,21134,0.7318844269,5
YS70HZW,FORD,FIESTA,3-4 years old,hatchback,PETROL,manual,WHITE,10900,25703,0.6445669954,5
YX68HMV,VOLVO,XC90,5-6 years old,suv,DIESEL,semiAutomatic,GREY,25150,78316,0.7782536701,8
BP23WFY,BMW,I4 GRAN COUPE,0-2 years old,hatchback,ELECTRIC,automatic,WHITE,29900,33007,0.4566489399,5
VK71XLW,NISSAN,JUKE,3-4 years old,suv,PETROL,semiAutomatic,GREY,14850,23096,0.6760847429,8
YM21KVF,BMW,3 SERIES,3-4 years old,estate,DIESEL,semiAutomatic,WHITE,20100,53103,0.7219057789,7
PF17CXT,RENAULT,CAPTUR,7-8 years old,suv,DIESEL,semiAutomatic,ORANGE,11850,15337,0.4002496984,8
YS20RBX,FORD,ECOSPORT,5-6 years old,suv,PETROL,manual,GREY,11750,27359,0.5868002265,8
DV23VVJ,NISSAN,JUKE,0-2 years old,suv,PETROL,manual,BLACK,12890,41855,0.6673581562,8
PK70WYV,NISSAN,JUKE,3-4 years old,suv,PETROL,manual,WHITE,13800,32315,0.5991086774,8
YH21AYT,HYUNDAI,TUCSON,3-4 years old,suv,PETROL,manual,WHITE,17400,13141,0.6771340597,8
EX21KPR,VOLKSWAGEN,POLO,3-4 years old,hatchback,PETROL,manual,GREY,14500,12166,0.8941247425,5
YF21ORP,SEAT,TARRACO,3-4 years old,suv,DIESEL,automatic,RED,21000,45861,0.7563139164,8
NU18WNN,SKODA,FABIA,7-8 years old,hatchback,PETROL,manual,BEIGE,8850,33908,0.3320679515,5
MW22SZU,RENAULT,ARKANA,3-4 years old,suv,PETROLELECTRICHYBRID,semiAutomatic,BLACK,14400,52636,0.7307925943,8
BW18OMO,FIAT,500,7-8 years old,hatchback,PETROL,manual,GREY,7000,45606,0.7296316775,5
PK70NVA,MERCEDES-BENZ,A-CLASS,3-4 years old,hatchback,PETROL,semiAutomatic,SILVER,19500,23934,0.6758647797,5
GD69VLP,FORD,FIESTA,5-6 years old,hatchback,PETROL,manual,BLACK,9850,42471,0.5885436695,5
YE22FMX,SKODA,KODIAQ,3-4 years old,suv,PETROL,automatic,BLUE,21600,23428,0.5259775204,8
YP68ZCJ,SEAT,ARONA,5-6 years old,suv,PETROL,manual,WHITE,10600,30429,0.5797557082,8
YE21LHP,SEAT,ATECA,3-4 years old,suv,PETROL,manual,WHITE,15390,30890,0.612215839,8
CA22HCJ,SKODA,KODIAQ,3-4 years old,suv,PETROL,manual,BLUE,18200,51531,0.7314782425,8
DL69PXR,MITSUBISHI,OUTLANDER,5-6 years old,suv,PETROLPLUGINELECTRICHYBRID,automatic,BLACK,14900,40247,0.8044253885,8
DC66AMP,MINI,HATCHBACK,3-4 years old,hatchback,ELECTRIC,automatic,RED,12600,26338,0.9646294913,5
DY68MKA,VAUXHALL,CORSA,5-6 years old,hatchback,PETROL,manual,WHITE,7400,51943,0.7520020781,5
GF71KJU,VAUXHALL,CROSSLAND,3-4 years old,suv,PETROL,manual,ORANGE,11450,18062,0.4336238695,8
LS21UPD,AUDI,A4,3-4 years old,saloon,DIESEL,semiAutomatic,GREY,21050,34238,0.4921197984,5
WN23YNB,VOLKSWAGEN,GOLF,0-2 years old,hatchback,DIESEL,semiAutomatic,GREY,27400,22475,0.8416905094,5
BU70EXR,VOLVO,XC40,3-4 years old,suv,PETROLPLUGINELECTRICHYBRID,semiAutomatic,BLACK,17790,73094,0.8771427518,8
ST18KVS,AUDI,A1,7-8 years old,hatchback,PETROL,manual,WHITE,12300,48053,0.6250828621,5
BJ22JYK,HYUNDAI,KONA,3-4 years old,suv,PETROL,manual,BLACK,15100,16987,0.5253258003,8
YT72KUA,HYUNDAI,KONA,0-2 years old,suv,PETROLELECTRICHYBRID,automatic,WHITE,16400,59716,0.5904022029,8
DN22FPV,MG,HS,3-4 years old,suv,PETROL,manual,RED,14700,21969,0.6103534847,8
SR22FWZ,HYUNDAI,TUCSON,3-4 years old,suv,PETROL,manual,BLUE,18900,32300,0.6692106179,8
VN21AVR,FORD,FIESTA,3-4 years old,hatchback,PETROL,manual,BLUE,14140,17045,0.6315967273,5
MA22XNF,VOLKSWAGEN,T-CROSS,3-4 years old,suv,PETROL,automatic,WHITE,16500,40348,0.6935979614,8
LC19ANP,TOYOTA,C-HR,5-6 years old,suv,PETROLELECTRICHYBRID,automatic,GREY,14900,47143,0.6558753219,8
YF23CZD,VOLKSWAGEN,GOLF,0-2 years old,hatchback,PETROL,manual,SILVER,14730,51699,0.6943525292,5
DY67HFL,VAUXHALL,CORSA,7-8 years old,hatchback,PETROL,manual,GREY,8000,32782,0.5924325782,5
HT69BUF,RENAULT,KADJAR,5-6 years old,suv,PETROL,manual,GREY,13000,33371,0.6632452438,8
NA69OBL,VAUXHALL,ASTRA,5-6 years old,hatchback,PETROL,manual,RED,10700,34825,0.7264463545,5
KP20XYU,VOLKSWAGEN,GOLF,5-6 years old,hatchback,PETROL,semiAutomatic,BLUE,19100,29055,0.6152718795,5
YT67HMJ,MINI,HATCHBACK,7-8 years old,hatchback,PETROL,semiAutomatic,BLACK,13900,41684,0.6815709903,5
OE21XNR,BMW,X1,3-4 years old,suv,PETROL,semiAutomatic,BLACK,23400,23745,0.9156522029,8
YY71ABF,VOLVO,XC40,3-4 years old,suv,PETROLPLUGINELECTRICHYBRID,semiAutomatic,BLACK,19300,65976,0.8498033846,8
YG20PFD,BMW,1 SERIES,5-6 years old,hatchback,PETROL,semiAutomatic,WHITE,20250,23687,0.8090128825,5
VU22AWR,VOLKSWAGEN,TIGUAN,3-4 years old,suv,DIESEL,manual,WHITE,20900,25678,0.805529198,8
HJ67VVW,LAND ROVER,RANGE ROVER EVOQUE,7-8 years old,suv,DIESEL,automatic,BLACK,14900,59952,0.8344864806,8
YV68HNC,DACIA,SANDERO STEPWAY,5-6 years old,hatchback,PETROL,manual,BLUE,8000,38650,0.864167887,5
SD18KWO,NISSAN,MICRA,7-8 years old,hatchback,PETROL,manual,ORANGE,8000,46103,0.4358061349,5
LR17TOT,PEUGEOT,3008,5-6 years old,suv,DIESEL,manual,BLACK,11090,59270,0.6609978568,8
BN22YDZ,AUDI,A3,3-4 years old,hatchback,DIESEL,manual,WHITE,18750,56557,0.8593909566,5
VN19SBU,LAND ROVER,RANGE ROVER EVOQUE,5-6 years old,suv,DIESEL,automatic,RED,19700,52442,0.848382663,8
YE22PNX,SKODA,KAMIQ,3-4 years old,suv,PETROL,semiAutomatic,BLUE,18700,31328,0.8004265906,8
DY70FMP,NISSAN,JUKE,3-4 years old,suv,PETROL,semiAutomatic,RED,14520,36103,0.563873164,8
NV67WCC,MERCEDES-BENZ,E-CLASS,7-8 years old,saloon,DIESEL,semiAutomatic,BLUE,17100,70723,0.4245905819,5
MD21BWL,AUDI,A3,3-4 years old,hatchback,PETROLPLUGINELECTRICHYBRID,semiAutomatic,RED,17900,29966,0.8005056941,5
KM68OHF,VOLKSWAGEN,GOLF SV,5-6 years old,mpv,DIESEL,semiAutomatic,BLACK,11900,27857,0.2762018039,8
NJ20EEN,SEAT,ARONA,5-6 years old,suv,PETROL,manual,GREY,10900,57863,0.7431757904,8
FY18OKK,VAUXHALL,MOKKA X,7-8 years old,suv,PETROL,manual,WHITE,8750,43625,0.7248686313,8
VA21BZR,BMW,3 SERIES,3-4 years old,saloon,PETROLPLUGINELECTRICHYBRID,semiAutomatic,GREY,18700,48530,0.8592402857,5
WL68JVA,FORD,KA+,5-6 years old,hatchback,PETROL,manual,SILVER,8200,39464,0.7312512865,5
WJ19UAW,CITROEN,C5 AIRCROSS,5-6 years old,suv,PETROL,manual,GREY,10750,44762,0.6107081462,8
LS22NUP,VAUXHALL,CROSSLAND,3-4 years old,suv,PETROL,semiAutomatic,BLUE,13950,29482,0.6137825576,8
FE71SJO,VAUXHALL,MOKKA-E,3-4 years old,suv,ELECTRIC,automatic,BLACK,12900,14785,0.7798590333,8
AU20WFZ,CITROEN,C5 AIRCROSS,5-6 years old,suv,PETROL,manual,WHITE,10550,71110,0.6107081462,8
MA21ZBD,SKODA,FABIA,3-4 years old,hatchback,PETROL,semiAutomatic,WHITE,12600,39000,0.8191915409,5
WR19AXD,FORD,FIESTA,5-6 years old,hatchback,PETROL,manual,SILVER,9150,44205,0.7263704508,5
SK70ZVS,AUDI,A1,3-4 years old,hatchback,PETROL,manual,YELLOW,14400,12106,0.8330010305,5
KO21AFJ,MERCEDES-BENZ,GLB,3-4 years old,suv,DIESEL,semiAutomatic,RED,25900,35577,0.4851787574,8
DE21WBK,VOLKSWAGEN,TIGUAN,3-4 years old,suv,PETROL,semiAutomatic,WHITE,23200,32218,0.7643419923,8
DE21XPM,VOLKSWAGEN,GOLF,3-4 years old,hatchback,PETROLPLUGINELECTRICHYBRID,semiAutomatic,BLACK,17500,52079,0.8603212192,5
YL72XTM,SUZUKI,VITARA,0-2 years old,suv,PETROL,manual,RED,16760,16396,0.4783915917,8
BK69XGP,RENAULT,CLIO,5-6 years old,hatchback,PETROL,manual,BLUE,10300,19646,0.7030785023,5
FP22DAO,KIA,XCEED,3-4 years old,hatchback,PETROL,manual,BLACK,15460,25286,0.7382612584,5
KW22GHN,TOYOTA,C-HR,0-2 years old,suv,PETROLELECTRICHYBRID,automatic,PURPLE,19590,16817,0.632001864,8
MF22XDM,VOLKSWAGEN,TAIGO,3-4 years old,suv,PETROL,automatic,GREY,18100,31552,0.4316716436,8
WF24VGU,BYD,ATTO 3,0-2 years old,suv,ELECTRIC,automatic,WHITE,23100,4499,0.2368876937,8
WR22OBX,VOLKSWAGEN,ARTEON,3-4 years old,estate,PETROLPLUGINELECTRICHYBRID,semiAutomatic,GREY,18200,64686,0.449688193,7
SJ68TBO,TOYOTA,AYGO,5-6 years old,hatchback,PETROL,manual,GREY,9150,9388,0.6266606252,5
MX71TEU,FIAT,500,3-4 years old,hatchback,PETROL,manual,GREY,9450,30004,0.5587143222,5
MD70GXN,MINI,HATCHBACK,3-4 years old,hatchback,PETROL,semiAutomatic,BLACK,18150,19237,0.6719918404,5
WK22TZC,SUZUKI,VITARA,3-4 years old,suv,PETROL,manual,TURQUOISE,14150,29616,0.7056304524,8
FJ19VHG,FIAT,500,5-6 years old,hatchback,PETROL,manual,PINK,7700,48282,0.7296316775,5
VO69KBE,VOLKSWAGEN,GOLF,5-6 years old,hatchback,PETROL,manual,GREY,13250,49833,0.8042090102,5
EA22VUR,BMW,X5,3-4 years old,suv,DIESEL,semiAutomatic,GREY,37190,67733,0.5134185499,8
AW19JVF,MINI,CLUBMAN,5-6 years old,estate,PETROL,semiAutomatic,WHITE,13850,44791,0.598465319,7
LX22UWF,SKODA,KAROQ,3-4 years old,suv,PETROL,automatic,BLACK,19900,39106,0.4860250403,8
HF68XNL,TOYOTA,YARIS,5-6 years old,hatchback,PETROL,manual,GREY,10300,32642,0.7151284777,5
ML21XSF,VOLKSWAGEN,T-ROC,3-4 years old,suv,PETROL,manual,BLACK,15780,27672,0.8468896794,8
SC21ZTX,RENAULT,CLIO,3-4 years old,hatchback,PETROL,manual,RED,12400,32194,0.6222864417,5
EK68EBJ,KIA,PICANTO,5-6 years old,hatchback,PETROL,manual,WHITE,9700,40031,0.5932596361,5
GV68ZFA,AUDI,Q2,5-6 years old,suv,PETROL,manual,BLACK,12950,55600,0.6965979423,8
SK70GVG,NISSAN,LEAF,3-4 years old,hatchback,ELECTRIC,automatic,WHITE,9200,15766,0.7157433916,5
NL68HCC,VAUXHALL,CORSA,5-6 years old,hatchback,PETROL,manual,RED,9300,23482,0.7577657658,5
DH19NBG,CITROEN,C3,5-6 years old,hatchback,PETROL,manual,RED,8150,43682,0.6368536286,5
KM69OFZ,PEUGEOT,308,5-6 years old,hatchback,PETROL,manual,WHITE,11250,27214,0.8186413252,5
DE21VPJ,VOLKSWAGEN,T-ROC,3-4 years old,suv,PETROL,manual,WHITE,18650,28441,0.657356367,8
VE22AVZ,VOLKSWAGEN,ID.3,3-4 years old,hatchback,ELECTRIC,automatic,GREY,14000,43758,0.8075787482,5
VN70ZWC,VAUXHALL,CORSA-E,3-4 years old,hatchback,ELECTRIC,automatic,RED,9950,31673,0.6633615316,5
LP21UXV,PEUGEOT,E-2008,3-4 years old,suv,ELECTRIC,automatic,WHITE,12300,39909,0.6639227039,8
MC72FBJ,TOYOTA,C-HR,0-2 years old,suv,PETROLELECTRICHYBRID,automatic,WHITE,20880,35111,0.5051634835,8
LA23TWN,MG,HS,0-2 years old,suv,PETROL,manual,RED,14250,17663,0.6649249934,8
PF70HZC,LAND ROVER,RANGE ROVER,3-4 years old,suv,PETROLPLUGINELECTRICHYBRID,automatic,SILVER,38880,18949,0.5946520747,8
HV69JNN,SEAT,ARONA,5-6 years old,suv,DIESEL,manual,BLACK,11130,41239,0.3137952358,8
SF71XWL,VOLVO,XC60,3-4 years old,suv,DIESEL,semiAutomatic,WHITE,31150,30018,0.3964764527,8
DK19FJF,FORD,KUGA,5-6 years old,suv,PETROL,automatic,GREY,15100,21023,0.7154697746,8
WP71LMJ,MINI,HATCHBACK,3-4 years old,hatchback,PETROL,semiAutomatic,GREY,20850,9342,0.643116832,5
MT22UFW,VOLKSWAGEN,ID.4,3-4 years old,suv,ELECTRIC,automatic,GREY,18250,13216,0.7671850243,8
SA72KZC,SKODA,OCTAVIA,0-2 years old,estate,DIESEL,manual,BLUE,14250,61928,0.8524990541,7
SD71VZM,AUDI,A3,3-4 years old,hatchback,PETROLPLUGINELECTRICHYBRID,semiAutomatic,BLUE,16700,71322,0.7125994194,5
GY22XCR,MERCEDES-BENZ,EQA,3-4 years old,suv,ELECTRIC,automatic,WHITE,22200,20014,0.778763284,8
YX67OMT,FORD,FIESTA,7-8 years old,hatchback,PETROL,manual,WHITE,7800,46541,0.6208554799,5
YD21KLO,AUDI,A3,3-4 years old,hatchback,PETROLPLUGINELECTRICHYBRID,semiAutomatic,WHITE,14900,70315,0.7859101408,5
WX68ZDW,MERCEDES-BENZ,GLC,5-6 years old,suv,PETROL,semiAutomatic,GREY,22750,33761,0.5782122624,8
YF71FFR,BMW,3 SERIES,3-4 years old,estate,DIESEL,semiAutomatic,WHITE,22700,62311,0.6112960821,7
NA22FYD,BMW,IX3,3-4 years old,suv,ELECTRIC,automatic,WHITE,25250,42677,0.6067068617,8
SO19HYR,VOLKSWAGEN,GOLF,5-6 years old,hatchback,PETROL,manual,WHITE,14650,29842,0.8042090102,5
PN68EZE,MERCEDES-BENZ,GLC,5-6 years old,suv,PETROL,semiAutomatic,BLUE,23900,20306,0.5782122624,8
WG68MJY,KIA,SPORTAGE,5-6 years old,suv,DIESEL,manual,GREY,10700,78957,0.6935954723,8
MW22EHU,TOYOTA,C-HR,3-4 years old,suv,PETROLELECTRICHYBRID,automatic,BLACK,18290,28089,0.6514316148,8
GD69ABN,VOLKSWAGEN,PASSAT,5-6 years old,saloon,DIESEL,manual,BLUE,16400,15823,0.9474180836,5
YC68EYM,FORD,FIESTA,5-6 years old,hatchback,PETROL,manual,GREY,9200,32545,0.7436463026,5
NA20DKJ,TOYOTA,C-HR,5-6 years old,suv,PETROLELECTRICHYBRID,automatic,BLACK,14200,72227,0.6514316148,8
WF23XOA,VOLKSWAGEN,POLO,0-2 years old,hatchback,PETROL,manual,GREY,15900,13579,0.7129077678,5
MW20NVS,LAND ROVER,RANGE ROVER EVOQUE,3-4 years old,suv,DIESEL,automatic,GREY,18670,35546,0.7918924352,8
Y9LBX,LEXUS,LBX,0-2 years old,suv,PETROLELECTRICHYBRID,automatic,WHITE,31900,2332,0.1119949973,8
CA70ORL,TOYOTA,YARIS,3-4 years old,hatchback,PETROLELECTRICHYBRID,automatic,SILVER,14200,18526,0.6770300573,5
SG19WLL,DS,DS 7 CROSSBACK,5-6 years old,suv,PETROL,semiAutomatic,GREY,14650,66548,0.6285030215,8
VK22LJF,VAUXHALL,CORSA,3-4 years old,hatchback,PETROL,automatic,GREY,12450,35373,0.8284535811,5
BU70FXP,BMW,1 SERIES,3-4 years old,hatchback,PETROL,semiAutomatic,GREY,18750,40515,0.8090128825,5
FV73JWD,VAUXHALL,CROSSLAND,0-2 years old,suv,PETROL,manual,BLUE,14800,19772,0.2758450878,8
PK21FHD,VOLKSWAGEN,POLO,3-4 years old,hatchback,PETROL,manual,GREY,14750,34381,0.778203679,5
DU18NYP,DACIA,SANDERO,7-8 years old,hatchback,PETROL,manual,WHITE,6250,40000,0.6733767249,5
EK21BXJ,FORD,FIESTA,3-4 years old,hatchback,PETROL,manual,RED,11370,10100,0.4641935568,5
GC19NLY,BMW,1 SERIES,5-6 years old,hatchback,PETROL,manual,BLACK,12500,34672,0.6487079099,5
LA21DBZ,KIA,SPORTAGE,3-4 years old,suv,PETROL,automatic,SILVER,18400,38028,0.6641198368,8
KX18LCW,AUDI,A6,7-8 years old,saloon,DIESEL,semiAutomatic,BLACK,15420,69560,0.342303515,5
HY72TYV,VOLKSWAGEN,TAIGO,0-2 years old,suv,PETROL,manual,GREY,18350,18948,0.4225635627,8
BU19BDO,MINI,CLUBMAN,5-6 years old,estate,PETROL,manual,BLACK,10950,51189,0.6722927285,7
BG68UWO,HYUNDAI,I10,5-6 years old,hatchback,PETROL,manual,WHITE,7900,22612,0.6535094247,5
BF72PHZ,TOYOTA,AYGO X,0-2 years old,hatchback,PETROL,manual,BLUE,12690,11700,0.6589083421,5
FY72ZFD,MG,MG3,0-2 years old,hatchback,PETROL,manual,BLUE,10770,3830,0.8115080544,5
SA21OVH,LAND ROVER,RANGE ROVER EVOQUE,3-4 years old,suv,DIESEL,manual,BLACK,19200,28009,0.8246960162,8
CM11CFM,CITROEN,C4,3-4 years old,hatchback,PETROL,manual,BLACK,13100,27113,0.5528045006,5
SB69HFO,FORD,FIESTA,5-6 years old,hatchback,PETROL,manual,WHITE,9400,40630,0.6216254486,5
FV67GDZ,RENAULT,KOLEOS,7-8 years old,suv,DIESEL,manual,WHITE,11800,46725,0.3828181954,8
BP65OLR,CITROEN,C1,9+ years old,hatchback,PETROL,manual,BLUE,5500,60434,0.4553634764,5
HS18GFJ,BMW,4 SERIES GRAN COUPE,7-8 years old,hatchback,PETROL,semiAutomatic,WHITE,15500,55103,0.7681792704,5
FJ71TZV,LAND ROVER,RANGE ROVER EVOQUE,3-4 years old,suv,PETROLPLUGINELECTRICHYBRID,automatic,BLACK,20700,50453,0.8229505554,8
LC71VRJ,DS,DS 3 CROSSBACK,3-4 years old,suv,ELECTRIC,automatic,GREY,9400,37961,0.7152659954,8
MW21PVL,SKODA,OCTAVIA,3-4 years old,estate,DIESEL,manual,BLUE,13250,74011,0.8524990541,7
BP20MEV,FORD,FOCUS,3-4 years old,hatchback,PETROL,manual,WHITE,13300,15652,0.6663431568,5
MW21GDJ,BMW,2 SERIES GRAN COUPE,3-4 years old,saloon,PETROL,manual,BLACK,16700,41909,0.7655567983,5
DT21APV,VAUXHALL,CROSSLAND,3-4 years old,suv,PETROL,manual,BLUE,10750,38888,0.2786567817,8
SH18OJC,VAUXHALL,CORSA,7-8 years old,hatchback,PETROL,manual,GREY,9300,22574,0.6708313476,5
YH73RGY,RENAULT,ARKANA,0-2 years old,suv,PETROLELECTRICHYBRID,semiAutomatic,GREY,18900,20732,0.6099131875,8
HJ20LWW,BMW,X1,5-6 years old,suv,PETROL,semiAutomatic,GREY,20200,26065,0.7997110096,8
RV21VYU,AUDI,A3,3-4 years old,saloon,PETROL,semiAutomatic,WHITE,18190,22951,0.6507447487,5
SH19BWJ,SKODA,SUPERB,5-6 years old,hatchback,DIESEL,manual,SILVER,11750,60291,0.6114047063,5
NA22LHV,KIA,EV6,3-4 years old,suv,ELECTRIC,automatic,GREY,19000,52586,0.6582979616,8
DY67NTN,VAUXHALL,INSIGNIA GRAND SPORT,7-8 years old,hatchback,PETROL,manual,SILVER,9800,43399,0.7201112329,5
LS21VTW,FORD,FOCUS,3-4 years old,hatchback,DIESEL,automatic,WHITE,12950,71169,0.8004323758,5
BC18CVM,LEXUS,CT,7-8 years old,hatchback,PETROLELECTRICHYBRID,automatic,WHITE,16400,33911,0.5595479293,5
VK68YLY,MERCEDES-BENZ,B-CLASS,5-6 years old,hatchback,DIESEL,semiAutomatic,BLACK,12150,44926,0.491104005,5
AE24XVW,NISSAN,QASHQAI,0-2 years old,suv,PETROL,manual,SILVER,23250,9016,0.5616196685,8
G22CAE,KIA,PICANTO,0-2 years old,hatchback,PETROL,manual,YELLOW,13690,7775,0.6868807253,5
LB24ZZD,FORD,PUMA,0-2 years old,suv,PETROL,semiAutomatic,WHITE,19390,18372,0.5714079223,8
EU19KYN,NISSAN,MICRA,5-6 years old,hatchback,PETROL,manual,GREY,9550,18312,0.5794975005,5
CK71OTX,KIA,SPORTAGE,3-4 years old,suv,PETROL,manual,RED,14900,41114,0.8327527567,8
LM21PNU,TOYOTA,C-HR,3-4 years old,suv,PETROLELECTRICHYBRID,automatic,GREY,16900,34485,0.6514316148,8
DY72ZPN,NISSAN,LEAF,0-2 years old,hatchback,ELECTRIC,automatic,GREY,14200,12274,0.3924284111,5
AV21NYG,NISSAN,JUKE,3-4 years old,suv,PETROL,semiAutomatic,SILVER,15660,15193,0.563873164,8
DA19OGL,AUDI,A6,5-6 years old,saloon,DIESEL,semiAutomatic,GREY,18900,56668,0.7650139106,5
RJ23EVM,VOLKSWAGEN,T-ROC,0-2 years old,suv,PETROL,semiAutomatic,GREY,25550,10801,0.4735773386,8
SL68ZVF,TOYOTA,AYGO,5-6 years old,hatchback,PETROL,manual,BLACK,8650,40685,0.5559641305,5
VF21NNG,VOLKSWAGEN,PASSAT,3-4 years old,estate,PETROLPLUGINELECTRICHYBRID,semiAutomatic,GREY,18790,32899,0.9241313152,7
SH69XAJ,FORD,ECOSPORT,5-6 years old,suv,PETROL,manual,YELLOW,11950,19727,0.5868002265,8
VN21NXF,VOLKSWAGEN,PASSAT,3-4 years old,estate,PETROLPLUGINELECTRICHYBRID,semiAutomatic,GREY,19340,36994,0.7429963254,7
KY21XUO,HYUNDAI,IONIQ,3-4 years old,hatchback,PETROLELECTRICHYBRID,automatic,BLUE,12890,76418,0.7123299632,5
PF67HPX,RENAULT,CAPTUR,7-8 years old,suv,PETROL,manual,SILVER,7850,63337,0.5728258999,8
NG68AWW,MERCEDES-BENZ,C-CLASS,5-6 years old,saloon,PETROL,semiAutomatic,GREY,14650,44170,0.6672034511,5
MJ73CYZ,DACIA,SANDERO STEPWAY,0-2 years old,hatchback,PETROL,manual,GREY,13800,16085,0.4787665461,5
YD68SCC,AUDI,Q3,5-6 years old,suv,PETROL,semiAutomatic,GREY,22550,35565,0.6736522089,8
VF17CPZ,FORD,KUGA,7-8 years old,suv,DIESEL,semiAutomatic,BLUE,13400,50040,0.3664502194,8
HJ21SFO,AUDI,A3,3-4 years old,hatchback,PETROL,semiAutomatic,GREY,17890,46017,0.7321525072,5
VO71KRD,VAUXHALL,MOKKA-E,3-4 years old,suv,ELECTRIC,automatic,RED,12500,30541,0.6952155389,8
HV22XJX,PEUGEOT,208,3-4 years old,hatchback,PETROL,manual,WHITE,12600,25299,0.6911242431,5
AK22BOV,LAND ROVER,RANGE ROVER SPORT,3-4 years old,suv,DIESEL,semiAutomatic,GREY,36270,48994,0.307343085,8
FX23SOU,LAND ROVER,RANGE ROVER VELAR,0-2 years old,suv,DIESEL,automatic,WHITE,25900,60450,0.7412196782,8
YP70XPY,MINI,HATCHBACK,3-4 years old,hatchback,PETROL,manual,WHITE,12950,22335,0.8812773049,5
SW19KUA,AUDI,A4,5-6 years old,saloon,PETROL,manual,BLACK,14640,52073,0.7572902149,5
SG19ZYL,VAUXHALL,MOKKA X,5-6 years old,suv,PETROL,manual,ORANGE,10250,21916,0.7248686313,8
SM21MXK,VOLVO,XC40,3-4 years old,suv,PETROL,manual,WHITE,19050,33110,0.9063092306,8
VK21BWZ,VAUXHALL,CORSA,3-4 years old,hatchback,PETROL,manual,BLUE,10500,21833,0.7807076729,5
YX68JOH,FORD,ECOSPORT,5-6 years old,suv,PETROL,manual,BLACK,9750,36191,0.6459626073,8
HJ21NXW,AUDI,A3,3-4 years old,hatchback,PETROL,semiAutomatic,WHITE,20800,19491,0.7321525072,5
SO22FKP,DACIA,SANDERO,3-4 years old,hatchback,PETROLLIQUEFIEDPETROLEUMGAS,manual,WHITE,9800,7918,0.5835787544,5
LB70VKF,LAND ROVER,RANGE ROVER SPORT,3-4 years old,suv,DIESEL,semiAutomatic,BLACK,32050,48108,0.3817784695,8
K200FOG,MERCEDES-BENZ,C-CLASS,7-8 years old,coupe,PETROL,semiAutomatic,BLACK,14700,72995,0.6396188762,4
FH21ZKU,AUDI,Q3,3-4 years old,suv,DIESEL,semiAutomatic,BLACK,19650,74810,0.7101385524,8
HG22GNV,JAGUAR,I-PACE,0-2 years old,suv,ELECTRIC,automatic,BLUE,24900,23537,0.7460899293,8
BK71YCX,VAUXHALL,CORSA,3-4 years old,hatchback,PETROL,manual,GREY,11490,22053,0.4769368965,5
YC73NXP,VOLKSWAGEN,GOLF,0-2 years old,hatchback,PETROL,manual,GREY,16400,33776,0.6943525292,5
YX73VMO,PEUGEOT,3008,0-2 years old,suv,PETROLPLUGINELECTRICHYBRID,semiAutomatic,WHITE,22900,12211,0.543582241,8
AP68VEU,AUDI,Q5,5-6 years old,suv,DIESEL,semiAutomatic,BLACK,20690,74500,0.7118386645,8
PG19NXK,AUDI,Q7,5-6 years old,suv,DIESEL,semiAutomatic,GREY,29300,70620,0.6968390278,8
SY70XSZ,AUDI,RS Q3,3-4 years old,suv,PETROL,semiAutomatic,GREY,36350,36012,0.4465257708,8
MT21KGA,PEUGEOT,208,3-4 years old,hatchback,PETROL,manual,GREY,12850,22337,0.5571583156,5
SB19BVG,FORD,FIESTA,5-6 years old,hatchback,PETROL,manual,WHITE,10700,23913,0.5885436695,5
MA22FHG,FORD,ECOSPORT,3-4 years old,suv,PETROL,manual,WHITE,13510,13578,0.5868002265,8
EO20GKN,FORD,FIESTA,5-6 years old,hatchback,PETROL,manual,BLUE,12250,16901,0.4201108981,5
LT22OHZ,VOLKSWAGEN,ID.4,3-4 years old,suv,ELECTRIC,automatic,GREY,15500,46066,0.7671850243,8
DG71EYM,HYUNDAI,TUCSON,3-4 years old,suv,PETROL,manual,BLACK,15500,46738,0.6768552323,8
HJ10MPJ,NISSAN,QASHQAI,5-6 years old,suv,PETROL,manual,SILVER,13900,25709,0.7633078225,8
FA21MFK,LEXUS,NX,3-4 years old,suv,PETROLELECTRICHYBRID,automatic,GREY,27840,28826,0.2452754079,8
FD18HFO,FORD,KUGA,7-8 years old,suv,DIESEL,manual,BLUE,9550,72138,0.8019842813,8
YD71GBY,KIA,STONIC,3-4 years old,suv,PETROL,manual,GREY,12700,26206,0.721618098,8
ML68OHZ,HYUNDAI,TUCSON,5-6 years old,suv,PETROL,manual,BLUE,10500,64123,0.7231668933,8
SH71DXM,KIA,SPORTAGE,3-4 years old,suv,DIESEL,manual,WHITE,13890,38615,0.8806928511,8
VX69KUT,FORD,FOCUS,5-6 years old,hatchback,PETROL,automatic,BLUE,12850,50156,0.506296424,5
MD71YMH,FORD,PUMA,3-4 years old,suv,PETROL,semiAutomatic,RED,16210,58156,0.5835296981,8
WN22VFT,AUDI,E-TRON GT,3-4 years old,saloon,ELECTRIC,automatic,GREY,39500,38814,0.3020675761,5
WF70YFY,SEAT,TARRACO,3-4 years old,suv,PETROL,automatic,BLACK,23350,25098,0.7097528565,8
LS71SNU,FIAT,500,3-4 years old,hatchback,PETROL,manual,BLUE,9900,19492,0.9526462946,5
NA22MLO,NISSAN,LEAF,3-4 years old,hatchback,ELECTRIC,automatic,BLACK,10500,14254,0.7157433916,5
YD22OXJ,PEUGEOT,2008,3-4 years old,suv,PETROL,manual,ORANGE,15400,29427,0.6867148172,8
CE68KWL,RENAULT,CAPTUR,5-6 years old,suv,DIESEL,manual,BLUE,7890,50618,0.6253452214,8
WO72NYD,NISSAN,JUKE,0-2 years old,suv,PETROLELECTRICHYBRID,automatic,BLUE,15900,33728,0.5708017094,8
PF72UDV,TOYOTA,COROLLA TOURING SPORT,0-2 years old,estate,PETROLELECTRICHYBRID,automatic,SILVER,19730,12842,0.8388151748,7
WK70UYE,SUZUKI,VITARA,3-4 years old,suv,PETROL,manual,BLACK,11350,62251,0.7056304524,8
CP68NVE,VOLKSWAGEN,TIGUAN,5-6 years old,suv,DIESEL,manual,WHITE,16200,39766,0.685952221,8
BK73NLG,RENAULT,MEGANE E-TECH,0-2 years old,hatchback,ELECTRIC,automatic,BLACK,19900,12490,0.335722426,5
SD66JUW,DACIA,SANDERO STEPWAY,7-8 years old,hatchback,PETROL,manual,WHITE,6630,34440,0.1422419613,5
PK19UJG,AUDI,Q2,5-6 years old,suv,DIESEL,manual,BLUE,13950,51626,0.8487472553,8
RE21FNW,VOLKSWAGEN,T-ROC,3-4 years old,suv,PETROL,semiAutomatic,SILVER,17750,69384,0.7672516598,8
SD67KMX,RENAULT,CAPTUR,7-8 years old,suv,PETROL,manual,CREAM,8150,61153,0.6259984688,8
BK72NFN,FORD,FIESTA,0-2 years old,hatchback,PETROL,manual,WHITE,15450,28106,0.387458863,5
SA68UXN,MINI,COUNTRYMAN,5-6 years old,suv,DIESEL,semiAutomatic,BLUE,12700,59512,0.6950491796,8
LM22DYT,VOLKSWAGEN,GOLF,3-4 years old,hatchback,PETROL,manual,GREY,14750,44314,0.7393450786,5
YE18LZX,FORD,FOCUS,7-8 years old,hatchback,PETROL,manual,GREY,10450,30144,0.6768995572,5
YL71GKO,VAUXHALL,ASTRA,3-4 years old,hatchback,PETROL,manual,RED,12110,30493,0.7635592589,5
KN67MYD,PEUGEOT,308,7-8 years old,hatchback,DIESEL,manual,GREY,9050,48814,0.3590789442,5
OV69LCE,HYUNDAI,I20,5-6 years old,hatchback,PETROL,automatic,GREY,11800,28391,0.5646645456,5
HS68YTH,BMW,4 SERIES,5-6 years old,coupe,DIESEL,semiAutomatic,BLUE,17600,30685,0.7311585069,4
YP21LLV,VOLVO,XC40,3-4 years old,suv,PETROLPLUGINELECTRICHYBRID,semiAutomatic,WHITE,22400,40998,0.7494379774,8
WP69PNV,VOLKSWAGEN,GOLF,5-6 years old,hatchback,DIESEL,semiAutomatic,BLACK,16950,33022,0.7553821602,5
SW71DZV,AUDI,A1,3-4 years old,hatchback,PETROL,semiAutomatic,WHITE,18880,12106,0.6860756432,5
VN22WYU,VOLKSWAGEN,T-CROSS,3-4 years old,suv,PETROL,automatic,SILVER,17850,9638,0.5436547722,8
HN69BZA,RENAULT,CAPTUR,5-6 years old,suv,PETROL,manual,GREY,9800,38202,0.6280174875,8
DA69NBY,SKODA,KODIAQ,5-6 years old,suv,DIESEL,automatic,WHITE,20800,71932,0.7362583765,8
VU71HWC,VOLKSWAGEN,T-ROC,3-4 years old,suv,PETROL,manual,GREY,15250,48195,0.856993743,8
GF70VPJ,FORD,KUGA,3-4 years old,suv,DIESEL,manual,BLUE,15150,43534,0.3430045219,8
FL20HBB,VOLKSWAGEN,POLO,5-6 years old,hatchback,PETROL,manual,GREY,13610,22571,0.7191443889,5
EK71OSA,DACIA,SANDERO STEPWAY,3-4 years old,hatchback,PETROL,automatic,WHITE,13100,23781,0.6527544247,5
ET17PYO,FORD,FIESTA,7-8 years old,hatchback,PETROL,manual,SILVER,8500,31327,0.4662355513,5
YE72LNG,DACIA,SANDERO STEPWAY,0-2 years old,hatchback,PETROL,manual,BLACK,13200,10415,0.6215781943,5
MH68VPL,FORD,FOCUS,5-6 years old,hatchback,DIESEL,manual,GREY,10600,72057,0.7214041137,5
DC18YVW,SEAT,IBIZA,5-6 years old,hatchback,PETROL,manual,RED,10750,33858,0.6634445741,5
SL69NMK,MERCEDES-BENZ,CLA,5-6 years old,coupe,PETROL,semiAutomatic,WHITE,20600,24550,0.6875606583,4
BG69WXT,AUDI,A1,5-6 years old,hatchback,PETROL,manual,BLUE,13580,24639,0.8330010305,5
OW69BZC,SEAT,IBIZA,5-6 years old,hatchback,PETROL,manual,GREY,12400,27437,0.773818125,5
MJ71KZK,RENAULT,CAPTUR,3-4 years old,suv,PETROL,manual,BLUE,12150,24566,0.6039345055,8
YS69TVT,BMW,1 SERIES,5-6 years old,hatchback,DIESEL,semiAutomatic,BLACK,14800,74203,0.8368662878,5
ND71LSO,VOLVO,XC40,3-4 years old,suv,PETROLPLUGINELECTRICHYBRID,semiAutomatic,BLACK,21400,37585,0.904800509,8
FG22LLA,KIA,XCEED,3-4 years old,hatchback,PETROL,manual,WHITE,12350,43692,0.8152067414,5
FP21VDX,AUDI,A3,3-4 years old,hatchback,PETROL,semiAutomatic,GREY,20950,33559,0.7321525072,5
NL18OTE,BMW,X1,7-8 years old,suv,PETROL,semiAutomatic,ORANGE,18450,20110,0.6146828032,8
PN20RSZ,KIA,XCEED,5-6 years old,hatchback,PETROL,semiAutomatic,YELLOW,15040,36591,0.5405826034,5
WL19UVV,VOLKSWAGEN,POLO,5-6 years old,hatchback,PETROL,semiAutomatic,GREY,15850,39331,0.8143117109,5
NG22GOX,MINI,HATCHBACK,3-4 years old,hatchback,ELECTRIC,automatic,SILVER,12200,21526,0.9581766853,5
NG71LUO,NISSAN,LEAF,3-4 years old,hatchback,ELECTRIC,automatic,RED,9600,23757,0.7157433916,5
J200GOO,BMW,2 SERIES ACTIVE TOURER,7-8 years old,hatchback,PETROL,semiAutomatic,SILVER,11650,35963,0.6705181368,5
GL18OWU,SKODA,RAPID,7-8 years old,hatchback,PETROL,manual,BLUE,8850,39804,0.2448653714,5
YB18WEW,VOLKSWAGEN,GOLF,7-8 years old,hatchback,PETROL,semiAutomatic,SILVER,15350,38453,0.7160234954,5
SL18YUW,VAUXHALL,CORSA,7-8 years old,hatchback,PETROL,manual,RED,9000,19304,0.7577657658,5
YR21GZC,FORD,PUMA,3-4 years old,suv,PETROL,manual,BLACK,14350,32332,0.7128731303,8
KP72CHL,BMW,I4 GRAN COUPE,0-2 years old,hatchback,ELECTRIC,automatic,GREY,27900,37260,0.4566489399,5
KS71SKV,MINI,HATCHBACK,3-4 years old,hatchback,ELECTRIC,automatic,BLACK,13150,26811,0.9646294913,5
VN67TUA,MERCEDES-BENZ,E-CLASS,7-8 years old,saloon,DIESEL,semiAutomatic,BLUE,24350,20212,0.4577151343,5
DN22DDX,FORD,PUMA,3-4 years old,suv,PETROL,manual,BLACK,16300,19104,0.6526485189,8
GK69OYG,CITROEN,C3,5-6 years old,hatchback,PETROL,manual,BLACK,9050,25078,0.7290862572,5
KP68KVS,VOLKSWAGEN,TOUAREG,5-6 years old,suv,DIESEL,semiAutomatic,BLUE,27700,62876,0.5317480852,8
VK20VDX,VAUXHALL,CORSA,5-6 years old,hatchback,PETROL,manual,BLACK,10500,33181,0.6659106134,5
GH19MWW,FORD,ECOSPORT,5-6 years old,suv,PETROL,manual,BLUE,11050,9564,0.6459626073,8
WA21YBL,MERCEDES-BENZ,A-CLASS,3-4 years old,saloon,DIESEL,semiAutomatic,WHITE,18750,36881,0.687924044,5
YC70LHX,VOLKSWAGEN,PASSAT,3-4 years old,saloon,DIESEL,manual,BLACK,12850,71718,0.9474180836,5
WP21AHO,VOLKSWAGEN,GOLF,3-4 years old,hatchback,PETROLPLUGINELECTRICHYBRID,semiAutomatic,GREY,18400,40792,0.8603212192,5
WT19RAX,SKODA,KAROQ,5-6 years old,suv,DIESEL,manual,BLUE,14440,30604,0.5575807306,8
DN17LHY,VAUXHALL,CORSA,7-8 years old,hatchback,PETROL,manual,GREY,8850,38346,0.7808888912,5
DS69MXB,VAUXHALL,GRANDLAND X,5-6 years old,suv,PETROL,manual,GREY,9800,43025,0.706794838,8
SA68FRC,RENAULT,CLIO,5-6 years old,hatchback,PETROL,manual,RED,7600,75041,0.7030785023,5
RE70GDU,FORD,FIESTA,3-4 years old,hatchback,PETROL,manual,WHITE,12000,28289,0.7268279387,5
CJ71KSV,CITROEN,C4,3-4 years old,hatchback,PETROL,semiAutomatic,BLACK,15350,14905,0.8144397722,5
DC68KHT,SUZUKI,SWIFT,5-6 years old,hatchback,PETROL,manual,BLUE,8100,47022,0.5098991859,5
DE20WTU,VOLKSWAGEN,GOLF,5-6 years old,hatchback,DIESEL,semiAutomatic,BLUE,17500,41580,0.5870047714,5
EA71VZH,MINI,HATCHBACK,3-4 years old,hatchback,ELECTRIC,automatic,RED,11900,37947,0.9646294913,5
NU22ZFK,HYUNDAI,KONA,3-4 years old,suv,PETROL,manual,BLACK,15050,23089,0.5253258003,8
LV68VGJ,HYUNDAI,I10,5-6 years old,hatchback,PETROL,manual,WHITE,6900,50468,0.6535094247,5
SN70UDE,MERCEDES-BENZ,GLC COUPE,3-4 years old,suv,DIESEL,semiAutomatic,BLACK,32440,24322,0.4860395011,8
CP71FUY,VAUXHALL,MOKKA,3-4 years old,suv,PETROL,manual,GREY,14360,33110,0.6456930493,8
DE69WNN,MERCEDES-BENZ,GLC,5-6 years old,suv,DIESEL,semiAutomatic,GREY,24700,56879,0.5930775653,8
HT69OJX,VAUXHALL,GRANDLAND X,5-6 years old,suv,DIESEL,manual,GREY,11850,50486,0.6475633981,8
MJ70HGU,SEAT,ATECA,3-4 years old,suv,PETROL,manual,GREY,15850,34833,0.612215839,8
NA22MLX,NISSAN,LEAF,3-4 years old,hatchback,ELECTRIC,automatic,BLACK,9100,55725,0.7157433916,5
ST22LPJ,FORD,PUMA,3-4 years old,suv,PETROL,manual,BLACK,14800,46738,0.6526485189,8
BU70NHZ,MERCEDES-BENZ,CLA,3-4 years old,coupe,PETROL,semiAutomatic,WHITE,21000,34843,0.7955762217,4
ND19VAH,SEAT,ARONA,5-6 years old,suv,PETROL,manual,WHITE,10650,49211,0.6872801374,8
SX70CCN,VAUXHALL,CORSA-E,3-4 years old,hatchback,ELECTRIC,automatic,BLACK,11100,15745,0.6633615316,5
YT22OZS,CITROEN,C3,3-4 years old,hatchback,PETROL,manual,BLACK,11930,13406,0.7580797784,5
OE71SXU,MERCEDES-BENZ,EQC,3-4 years old,suv,ELECTRIC,automatic,WHITE,20880,71495,0.6067364892,8
SO18OPW,FORD,ECOSPORT,5-6 years old,suv,PETROL,manual,BLUE,8950,43705,0.5996248044,8
SY21WMV,LAND ROVER,DISCOVERY SPORT,3-4 years old,suv,DIESEL,automatic,GREY,23200,33291,0.765631959,8
DS24THN,FORD,PUMA,0-2 years old,suv,PETROL,semiAutomatic,GREY,20700,15138,0.5329472184,8
LL18DRZ,MERCEDES-BENZ,GLA,7-8 years old,suv,PETROL,manual,WHITE,13150,60593,0.7118571794,8
DE22EPL,VOLKSWAGEN,TIGUAN,3-4 years old,suv,DIESEL,semiAutomatic,GREY,20950,32584,0.4805046905,8
WG70EAF,VOLVO,XC40,3-4 years old,suv,PETROLPLUGINELECTRICHYBRID,semiAutomatic,GREY,17900,68540,0.904800509,8
PJ19KLL,AUDI,A1,5-6 years old,hatchback,PETROL,manual,YELLOW,16850,39196,0.3720228392,5
KR67HVJ,PEUGEOT,3008,7-8 years old,suv,PETROL,manual,RED,9150,59395,0.5415621,8
VN17YMT,HYUNDAI,I20,7-8 years old,hatchback,PETROL,manual,RED,8700,37375,0.2079420729,5
YH19THK,TOYOTA,C-HR,5-6 years old,suv,PETROLELECTRICHYBRID,automatic,GREY,14750,53903,0.6426166818,8
CA18AVJ,HYUNDAI,I10,7-8 years old,hatchback,PETROL,manual,SILVER,10150,17154,0.6544771655,5
RO22GJF,TOYOTA,C-HR,3-4 years old,suv,PETROLELECTRICHYBRID,automatic,RED,18400,6596,0.8159571805,8
PN71OAO,VOLKSWAGEN,T-ROC,3-4 years old,suv,DIESEL,manual,GREY,17650,34959,0.7707012416,8
BG20KNM,VOLKSWAGEN,T-ROC,5-6 years old,suv,PETROL,manual,BLUE,15600,46515,0.6345144103,8
YP21KCX,CITROEN,C3,3-4 years old,hatchback,PETROL,manual,BLACK,10770,22983,0.7580797784,5
VO71XLU,VOLKSWAGEN,T-ROC,3-4 years old,suv,DIESEL,manual,GREY,17890,26992,0.7222152598,8
ML19NDC,KIA,SPORTAGE,5-6 years old,suv,DIESEL,manual,WHITE,11900,50277,0.6935954723,8
YF66FBD,BMW,1 SERIES,7-8 years old,hatchback,PETROL,manual,WHITE,9900,51587,0.7425164539,5
WK22WZC,CITROEN,C5 AIRCROSS,3-4 years old,suv,DIESEL,manual,WHITE,16590,9545,0.7098299292,8
SV17ZYY,FORD,KA+,7-8 years old,hatchback,PETROL,manual,WHITE,7750,35176,0.7089302158,5
FP22SNX,TOYOTA,COROLLA,3-4 years old,hatchback,PETROLELECTRICHYBRID,automatic,WHITE,17550,44690,0.4136199896,5
MD21AKV,PEUGEOT,3008,3-4 years old,suv,PETROLPLUGINELECTRICHYBRID,semiAutomatic,RED,16610,30567,0.834990111,8
KU70GYT,MERCEDES-BENZ,A-CLASS,3-4 years old,hatchback,PETROL,semiAutomatic,BLACK,14850,67685,0.871104356,5
MD19FHN,RENAULT,CAPTUR,5-6 years old,suv,DIESEL,semiAutomatic,BLUE,11530,26153,0.7596223219,8
FH18GVC,AUDI,A3,7-8 years old,hatchback,DIESEL,manual,BLACK,14700,45631,0.5605024816,5
SM23EJZ,KIA,STONIC,0-2 years old,suv,PETROL,automatic,RED,16210,8116,0.624890951,8
YD21LHC,SEAT,ARONA,3-4 years old,suv,PETROL,manual,RED,11400,33911,0.7867568238,8
HT19VAD,FORD,FOCUS,5-6 years old,hatchback,PETROL,manual,BLUE,10900,38970,0.7566815442,5
DG70WHS,VOLKSWAGEN,TIGUAN,3-4 years old,suv,DIESEL,semiAutomatic,BLACK,18700,39378,0.8332957699,8
VK21NTO,VOLKSWAGEN,T-CROSS,3-4 years old,suv,PETROL,manual,SILVER,14240,33232,0.6782556641,8
CF22ZNT,PEUGEOT,508,3-4 years old,hatchback,PETROL,semiAutomatic,WHITE,16300,17774,0.7407828303,5
PJ18RSV,CITROEN,C3,7-8 years old,hatchback,PETROL,manual,GREY,8500,34172,0.7290862572,5
DP22EEO,HYUNDAI,KONA,0-2 years old,suv,PETROLELECTRICHYBRID,automatic,GREY,14890,28647,0.8075988782,8
HJ69KHH,AUDI,TT,5-6 years old,coupe,PETROL,semiAutomatic,BLACK,19400,40870,0.8741788231,4
RE21JZJ,HYUNDAI,TUCSON,3-4 years old,suv,PETROLELECTRICHYBRID,semiAutomatic,RED,20390,16307,0.6124440033,8
AP21WJJ,AUDI,Q2,3-4 years old,suv,PETROL,manual,BLUE,16850,27639,0.4582865883,8
PD51AND,MERCEDES-BENZ,GLA,7-8 years old,suv,DIESEL,semiAutomatic,SILVER,13850,67277,0.7283654084,8
PK72JOV,NISSAN,LEAF,0-2 years old,hatchback,ELECTRIC,automatic,WHITE,10890,11452,0.3962476314,5
NX72XRM,VOLKSWAGEN,GOLF,0-2 years old,hatchback,PETROL,manual,BLUE,17300,19031,0.8160303561,5
WD19YRS,BMW,X4,5-6 years old,suv,DIESEL,semiAutomatic,GREY,19700,74215,0.436526306,8
YC21MGX,SEAT,ARONA,3-4 years old,suv,PETROL,manual,BLACK,12350,47765,0.6229392025,8
YH69GYO,RENAULT,CLIO,5-6 years old,hatchback,PETROL,manual,BLACK,9050,39942,0.7332459175,5
DS69UJZ,VAUXHALL,CORSA,5-6 years old,hatchback,PETROL,manual,WHITE,8900,37485,0.6514062209,5
WO68WHC,NISSAN,MICRA,5-6 years old,hatchback,PETROL,manual,RED,9050,22498,0.6573973936,5
YE21HPV,FIAT,500X,3-4 years old,suv,PETROL,manual,BLUE,12250,36108,0.5537664046,8
EO18MHN,FORD,FIESTA,7-8 years old,hatchback,PETROL,manual,BLUE,8700,47413,0.6250171117,5
HF21CXD,MITSUBISHI,SHOGUN SPORT,3-4 years old,suv,DIESEL,automatic,WHITE,25150,33505,0.6605642479,8
SD20VYZ,NISSAN,JUKE,5-6 years old,suv,PETROL,semiAutomatic,BLUE,15900,9278,0.563873164,8
RV22TZM,AUDI,A4 AVANT,3-4 years old,estate,PETROL,semiAutomatic,BLUE,24200,48066,0.6826918815,7
SJ68AUL,MINI,COUNTRYMAN,5-6 years old,suv,PETROL,manual,SILVER,14550,38858,0.3826452452,8
WN70ZRP,FIAT,500,3-4 years old,hatchback,PETROL,manual,BLUE,9950,30807,0.7634479387,5
KR22AUX,SKODA,KAROQ,3-4 years old,suv,PETROL,automatic,RED,22350,48884,0.4817111053,8
DP21OBE,VAUXHALL,CROSSLAND,3-4 years old,suv,PETROL,manual,WHITE,9200,58167,0.548978487,8
DA22LSX,PEUGEOT,2008,3-4 years old,suv,PETROL,manual,WHITE,13650,40539,0.6407047777,8
GV18SBZ,NISSAN,QASHQAI,7-8 years old,suv,DIESEL,manual,RED,11750,50118,0.6329076701,8
YA18ZZX,VOLKSWAGEN,TIGUAN,7-8 years old,suv,DIESEL,semiAutomatic,WHITE,19400,35443,0.6724198399,8
WR23CWN,NISSAN,JUKE,0-2 years old,suv,PETROL,manual,SILVER,11670,37476,0.6576663151,8
VE70KSX,VOLKSWAGEN,T-CROSS,3-4 years old,suv,PETROL,automatic,SILVER,15550,40142,0.8204613675,8
HY68TOA,VAUXHALL,GRANDLAND X,5-6 years old,suv,PETROL,manual,RED,8690,34765,0.706794838,8
GX70KVJ,FORD,PUMA,3-4 years old,suv,PETROL,manual,BLUE,14810,20036,0.6703324469,8
BV71EVD,SEAT,LEON,3-4 years old,hatchback,PETROLPLUGINELECTRICHYBRID,semiAutomatic,BLACK,17050,17253,0.7402780933,5
AF68LWU,HYUNDAI,I30,5-6 years old,hatchback,PETROL,manual,GREY,22500,29022,0.629442028,5
NJ18CXM,CITROEN,C3,7-8 years old,hatchback,PETROL,manual,WHITE,8200,43047,0.6098591419,5
CV22KRE,VOLKSWAGEN,T-CROSS,3-4 years old,suv,PETROL,automatic,GREY,18300,18543,0.6935979614,8
CV22CTY,CITROEN,C5 AIRCROSS,3-4 years old,suv,PETROL,manual,RED,16850,6054,0.6123609164,8
BJ24YRV,PEUGEOT,408,0-2 years old,saloon,PETROL,semiAutomatic,BLUE,20810,18581,0.3906926942,5
SY20WWJ,CITROEN,C4 CACTUS,5-6 years old,suv,PETROL,manual,GREY,9750,32522,0.6303795257,8
LP21NLL,VOLKSWAGEN,POLO,3-4 years old,hatchback,PETROL,manual,GREY,14300,22467,0.7191443889,5
DL17EVW,FORD,FIESTA,7-8 years old,hatchback,PETROL,manual,BLACK,8900,23977,0.6192602866,5
WU22KVZ,AUDI,Q3,3-4 years old,suv,PETROL,manual,WHITE,18900,49542,0.795270973,8
NU70OWX,VAUXHALL,CORSA,3-4 years old,hatchback,PETROL,manual,BLUE,9250,54638,0.7692563879,5
FY68XCM,PEUGEOT,3008,5-6 years old,suv,PETROL,manual,RED,12450,45191,0.6499360062,8
EX21KSJ,VOLKSWAGEN,POLO,3-4 years old,hatchback,PETROL,manual,SILVER,13650,32316,0.8941247425,5
WJ68ULK,KIA,PICANTO,5-6 years old,hatchback,PETROL,manual,GREEN,10150,20500,0.5489953865,5
AF69XHS,HONDA,CIVIC,5-6 years old,hatchback,PETROL,automatic,BLACK,13000,47017,0.7677070218,5
YH22HXT,LAND ROVER,DISCOVERY SPORT,3-4 years old,suv,DIESEL,automatic,BLACK,25350,49666,0.498741971,8
LM68OXH,NISSAN,QASHQAI,5-6 years old,suv,DIESEL,manual,RED,10500,79083,0.7238611692,8
YP72MPU,SKODA,KODIAQ,0-2 years old,suv,PETROL,automatic,WHITE,28550,28102,0.7495931207,8
LV21YYU,FORD,ECOSPORT,3-4 years old,suv,PETROL,manual,BLUE,10450,48551,0.5343984288,8
EN18WRJ,FIAT,500,7-8 years old,hatchback,PETROL,manual,RED,6500,57174,0.7296316775,5
SM68UCO,NISSAN,QASHQAI,5-6 years old,suv,PETROL,manual,GREY,11450,50365,0.7276786896,8
BP71KFU,MINI,HATCHBACK,3-4 years old,hatchback,PETROL,manual,BLACK,14550,35788,0.6872779901,5
YT72LFH,HYUNDAI,SANTA FE,0-2 years old,suv,PETROLELECTRICHYBRID,semiAutomatic,SILVER,25400,48616,0.5204067573,8
GV72JNL,LAND ROVER,RANGE ROVER EVOQUE,0-2 years old,suv,PETROLPLUGINELECTRICHYBRID,automatic,WHITE,23500,32927,0.8229505554,8
CE17CDK,FIAT,500C,7-8 years old,convertible,PETROL,manual,WHITE,7250,44228,0.6312545897,4
VU21TRZ,VOLKSWAGEN,T-ROC,3-4 years old,suv,PETROL,manual,GREY,17880,24351,0.6345144103,8
SL73JRZ,KIA,SPORTAGE,0-2 years old,suv,PETROLELECTRICHYBRID,automatic,WHITE,28840,19143,0.5115431641,8
MJ19PFA,LAND ROVER,RANGE ROVER EVOQUE,5-6 years old,suv,DIESEL,automatic,GREY,16500,61020,0.7918924352,8
CU70MDZ,MERCEDES-BENZ,A-CLASS,3-4 years old,hatchback,PETROL,semiAutomatic,GREY,16600,59987,0.7651016989,5
HN69CSF,RENAULT,CAPTUR,5-6 years old,suv,PETROL,manual,BLUE,10300,28987,0.6280174875,8
YC20GPX,SKODA,OCTAVIA,5-6 years old,estate,PETROL,manual,GREY,9450,72916,0.6584875736,7
WN22OVS,VOLKSWAGEN,MULTIVAN,3-4 years old,mpv,PETROL,semiAutomatic,BLUE,46070,29163,0.2080827364,8
BX22WZV,MAZDA,MAZDA3,3-4 years old,hatchback,PETROL,manual,WHITE,15420,12821,0.7265384023,5
WM68LPX,FIAT,500,5-6 years old,hatchback,PETROL,manual,WHITE,8200,34099,0.7600347872,5
CR52AZE,DACIA,SANDERO,0-2 years old,hatchback,PETROL,manual,BLUE,12300,13238,0.5637725757,5
DY72OGP,VAUXHALL,CORSA,0-2 years old,hatchback,PETROL,manual,WHITE,11500,15584,0.7528453117,5
YF22YHW,NISSAN,QASHQAI,3-4 years old,suv,PETROL,semiAutomatic,SILVER,18000,20985,0.7510294679,8
NA22YHW,KIA,EV6,3-4 years old,suv,ELECTRIC,automatic,BLACK,19600,64230,0.6502423891,8
SS14DWS,BMW,2 SERIES,5-6 years old,convertible,PETROL,semiAutomatic,BLUE,17850,19698,0.7362906857,4
HG19DFN,RENAULT,CLIO,5-6 years old,hatchback,PETROL,manual,RED,10000,21722,0.7030785023,5
LS68ZSE,VOLKSWAGEN,UP!,5-6 years old,hatchback,PETROL,manual,BLACK,8700,71899,0.6746910106,5
EP19FXA,FORD,FIESTA,5-6 years old,hatchback,PETROL,semiAutomatic,SILVER,12100,9145,0.8116521397,5
LF70OJR,SKODA,SCALA,3-4 years old,hatchback,PETROL,semiAutomatic,SILVER,14550,34543,0.2650513274,5
KY19USC,HYUNDAI,I30,5-6 years old,hatchback,PETROL,manual,GREY,9600,43838,0.5823161283,5
BL70MLY,VAUXHALL,CORSA,3-4 years old,hatchback,PETROL,manual,BLUE,11500,37252,0.5697411791,5
VA21BVT,VOLKSWAGEN,T-ROC,3-4 years old,suv,PETROL,semiAutomatic,GREY,20250,22608,0.8008007235,8
HY19XRK,VAUXHALL,CORSA,5-6 years old,hatchback,PETROL,manual,WHITE,9900,22937,0.6817760707,5
LG18TPY,CITROEN,C3,7-8 years old,hatchback,PETROL,manual,BLUE,8650,29038,0.8247506681,5
RV22OMT,TOYOTA,C-HR,3-4 years old,suv,PETROLELECTRICHYBRID,automatic,BLUE,17300,44019,0.6514316148,8
CV67NBG,FORD,KA+,7-8 years old,hatchback,PETROL,manual,GOLD,8000,14722,0.7089302158,5
WK68KUA,TOYOTA,AYGO,5-6 years old,hatchback,PETROL,manual,WHITE,9050,37166,0.5559641305,5
HJ23ZBT,AUDI,Q2,0-2 years old,suv,PETROL,manual,BLACK,22790,15542,0.7017661872,8
AF23LLG,MG,ZS,0-2 years old,suv,PETROL,semiAutomatic,BLUE,16070,8014,0.5980213349,8
YF21UTA,CUPRA,FORMENTOR,3-4 years old,suv,PETROL,manual,BLACK,20050,24121,0.7207754703,8
EA73YGZ,HONDA,HR-V,0-2 years old,suv,PETROLELECTRICHYBRID,automatic,WHITE,19900,46836,0.4946233762,8
YP22PYJ,VOLVO,XC60,3-4 years old,suv,PETROLPLUGINELECTRICHYBRID,semiAutomatic,BLUE,31200,36245,0.585389096,8
AP70PCZ,RENAULT,CAPTUR,3-4 years old,suv,PETROL,manual,BLUE,12500,17051,0.4803501475,8
BV67KDZ,AUDI,A4,7-8 years old,saloon,DIESEL,manual,BLUE,14450,42709,0.3478599289,5
FN22LWO,HYUNDAI,TUCSON,3-4 years old,suv,PETROL,manual,RED,15900,51589,0.6768552323,8
DL68YHA,VAUXHALL,ASTRA,5-6 years old,hatchback,PETROL,manual,BLACK,7800,54120,0.6661879359,5
RF21SMV,VOLKSWAGEN,T-CROSS,3-4 years old,suv,PETROL,manual,SILVER,15350,20032,0.6782556641,8
OY69BBV,KIA,RIO,5-6 years old,hatchback,PETROL,manual,RED,10150,55810,0.5504656871,5
WP68WZB,FORD,KUGA,5-6 years old,suv,PETROL,manual,WHITE,12850,31392,0.7598977334,8
MA72WPU,RENAULT,ARKANA,0-2 years old,suv,PETROLELECTRICHYBRID,semiAutomatic,BLACK,16100,25256,0.7307925943,8
AK22HPC,TOYOTA,C-HR,3-4 years old,suv,PETROLELECTRICHYBRID,automatic,BLUE,15800,42221,0.8159571805,8
MX68UUB,FORD,FOCUS,5-6 years old,hatchback,PETROL,manual,BLACK,12200,40755,0.7659880894,5
LS22MLZ,JEEP,COMPASS,3-4 years old,suv,PETROLPLUGINELECTRICHYBRID,automatic,BLACK,21400,6523,0.7103663555,8
CA24NPO,HYUNDAI,TUCSON,0-2 years old,suv,PETROL,manual,GREY,25050,6785,0.4395085262,8
MW69VRT,FORD,FIESTA,5-6 years old,hatchback,PETROL,manual,RED,10800,17740,0.5885436695,5
MT19OVL,FORD,ECOSPORT,5-6 years old,suv,PETROL,manual,BLUE,9900,19066,0.469943324,8
YC18EET,MINI,HATCHBACK,7-8 years old,hatchback,PETROL,semiAutomatic,SILVER,13000,34673,0.7968198547,5
FN22JBY,CUPRA,FORMENTOR,3-4 years old,suv,PETROL,semiAutomatic,BLACK,20280,55381,0.6480452601,8
SD20VEM,BMW,5 SERIES,5-6 years old,saloon,DIESEL,semiAutomatic,WHITE,21550,25110,0.4750361643,5
RJ22NLU,AUDI,A6,0-2 years old,saloon,PETROL,semiAutomatic,BLACK,20900,28539,0.8450595594,5
PK22LZM,RENAULT,CAPTUR,3-4 years old,suv,PETROL,semiAutomatic,GREY,14890,9678,0.6973396467,8
MJ72YPD,AUDI,A3,0-2 years old,hatchback,PETROL,manual,BLACK,19500,32430,0.7773953858,5
CP72FZS,BMW,2 SERIES ACTIVE TOURER,0-2 years old,hatchback,PETROLPLUGINELECTRICHYBRID,automatic,BLACK,21900,24208,0.4682378391,5
YT71XGR,FORD,PUMA,3-4 years old,suv,PETROL,manual,BLUE,13800,33993,0.6216618938,8
KM23XPH,MERCEDES-BENZ,GLB,0-2 years old,suv,PETROL,semiAutomatic,RED,27350,40778,0.4127691095,8
FD74ZHH,CITROEN,E-BERLINGO,0-2 years old,mpv,ELECTRIC,automatic,BLACK,18800,3277,0.2081962056,8
SW20KCC,VAUXHALL,CROSSLAND X,3-4 years old,suv,PETROL,semiAutomatic,GREY,12750,4536,0.6279243229,8
PJ71VVS,PEUGEOT,2008,3-4 years old,suv,PETROL,manual,ORANGE,16880,8275,0.6867148172,8
RA19NWG,AUDI,A3,5-6 years old,hatchback,PETROL,manual,BLACK,12900,44754,0.6432090946,5
KR21BXJ,SKODA,KAROQ,3-4 years old,suv,PETROL,automatic,WHITE,23200,27429,0.7337141621,8
BA19OFL,VOLKSWAGEN,POLO,5-6 years old,hatchback,PETROL,manual,WHITE,12550,20842,0.820079491,5
SF17DKS,RENAULT,CAPTUR,7-8 years old,suv,PETROL,manual,SILVER,7900,48292,0.4170287936,8
DV21RYT,VAUXHALL,CORSA,3-4 years old,hatchback,PETROL,manual,GREY,12100,12482,0.7160218683,5
MT21RZA,LAND ROVER,RANGE ROVER EVOQUE,3-4 years old,suv,DIESEL,automatic,WHITE,20680,48415,0.624681075,8
YA18LNV,AUDI,Q5,7-8 years old,suv,DIESEL,semiAutomatic,BLUE,19900,64634,0.6968759646,8
HW22MYF,PEUGEOT,3008,3-4 years old,suv,PETROL,semiAutomatic,GREY,18900,30106,0.5785007542,8
GF20HRN,TESLA,MODEL 3,5-6 years old,saloon,ELECTRIC,automatic,RED,16200,67506,0.6976622483,5
DE21VZN,VOLKSWAGEN,TIGUAN,3-4 years old,suv,PETROL,semiAutomatic,WHITE,23050,41096,0.7643419923,8
FV21WVJ,MINI,HATCHBACK,3-4 years old,hatchback,PETROL,semiAutomatic,BLACK,22300,26786,0.4909763951,5
BD22AYE,BMW,X1,3-4 years old,suv,PETROL,semiAutomatic,GREY,23450,27397,0.9156522029,8
WV22YGW,MERCEDES-BENZ,CLA,3-4 years old,estate,PETROLPLUGINELECTRICHYBRID,semiAutomatic,GREY,18900,66406,0.7524238507,7
LB21VXK,MG,MG5,3-4 years old,estate,ELECTRIC,automatic,BLUE,10250,24452,0.5503264486,7
YM72TXG,HYUNDAI,KONA,0-2 years old,suv,PETROLELECTRICHYBRID,automatic,BLACK,13900,44996,0.8075988782,8
MF19DFO,CITROEN,C1,5-6 years old,hatchback,PETROL,manual,RED,8400,21240,0.6084265267,5
YH21VZJ,MERCEDES-BENZ,B-CLASS,3-4 years old,hatchback,PETROL,semiAutomatic,WHITE,17750,18330,0.3482204965,5
YE19YLM,BMW,3 SERIES,5-6 years old,saloon,DIESEL,semiAutomatic,GREY,18050,41205,0.777191026,5
MA19ZHC,VOLKSWAGEN,TIGUAN,5-6 years old,suv,PETROL,manual,SILVER,14000,57249,0.6318378993,8
RO72LRA,AUDI,E-TRON,0-2 years old,suv,ELECTRIC,automatic,BLUE,23600,22313,0.8110123992,8
WX68HDK,JEEP,COMPASS,5-6 years old,suv,PETROL,manual,GREY,11900,48038,0.7274033828,8
GJ69OYF,FORD,FIESTA,5-6 years old,hatchback,PETROL,manual,BLUE,8250,68608,0.5885436695,5
YB19BFJ,MERCEDES-BENZ,A-CLASS,5-6 years old,hatchback,PETROL,semiAutomatic,BLACK,19650,28365,0.5965032382,5
DV19UPH,MITSUBISHI,OUTLANDER,5-6 years old,suv,PETROLPLUGINELECTRICHYBRID,automatic,WHITE,13800,58899,0.7974232651,8
PA21UJD,KIA,RIO,3-4 years old,hatchback,PETROL,manual,SILVER,11100,39008,0.4213613713,5
NL22XCH,TOYOTA,C-HR,3-4 years old,suv,PETROLELECTRICHYBRID,automatic,WHITE,16890,44247,0.6514316148,8
RV21YOA,VOLKSWAGEN,T-ROC,3-4 years old,suv,PETROL,semiAutomatic,GREY,18250,33730,0.6792670533,8
SB21WTA,BMW,2 SERIES GRAN COUPE,3-4 years old,saloon,PETROL,manual,WHITE,18200,36667,0.7787307211,5
SW67DNN,SUZUKI,SX4 S-CROSS,7-8 years old,suv,PETROL,manual,WHITE,10150,77247,0.5013423378,8
MM21OHC,SKODA,KAROQ,3-4 years old,suv,PETROL,automatic,WHITE,22450,19489,0.7692253029,8
CK69UYY,VOLKSWAGEN,T-CROSS,5-6 years old,suv,PETROL,manual,GREY,13200,30835,0.8090760679,8
GP71CZO,KIA,SPORTAGE,3-4 years old,suv,PETROL,automatic,WHITE,19450,42787,0.6641198368,8
LL69XTK,NISSAN,QASHQAI,5-6 years old,suv,DIESEL,manual,BLUE,11800,50410,0.7238611692,8
DE69ZFY,VAUXHALL,CORSA,5-6 years old,hatchback,PETROL,manual,RED,9600,16564,0.6152724434,5
SA68EHR,VAUXHALL,MOKKA X,5-6 years old,suv,PETROL,manual,WHITE,9950,51385,0.5719820251,8
HT21LWU,BMW,5 SERIES,3-4 years old,saloon,DIESEL,semiAutomatic,BLUE,22800,51172,0.8221677605,5
RO67RFF,AUDI,Q3,7-8 years old,suv,DIESEL,semiAutomatic,BLACK,13350,79785,0.3891624919,8
ML18GYX,TOYOTA,C-HR,7-8 years old,suv,PETROLELECTRICHYBRID,automatic,GREY,13400,78106,0.6426166818,8
YN19KWH,MG,MG3,5-6 years old,hatchback,PETROL,manual,RED,9100,21578,0.7131827571,5
PX22TGV,PEUGEOT,3008,3-4 years old,suv,DIESEL,manual,BLUE,18400,19594,0.7737695587,8
AJ21JDK,TESLA,MODEL 3,3-4 years old,saloon,ELECTRIC,automatic,BLUE,21400,8718,0.8495200287,5
MT22JUX,CITROEN,C3 AIRCROSS,3-4 years old,suv,PETROL,manual,GREY,12400,26913,0.6476655221,8
LL70GJV,FORD,FIESTA,3-4 years old,hatchback,PETROL,manual,BLUE,11650,12302,0.6348315107,5
GJ20PPY,KIA,RIO,5-6 years old,hatchback,PETROL,manual,RED,10300,38006,0.6187919268,5
BP71KMU,AUDI,Q3,3-4 years old,suv,PETROL,manual,WHITE,20750,36225,0.7329093215,8
FD21LYJ,BMW,2 SERIES,3-4 years old,coupe,PETROL,semiAutomatic,GREY,18400,14525,0.7876565793,4
DE22NBM,MERCEDES-BENZ,A-CLASS,3-4 years old,saloon,PETROL,semiAutomatic,BLACK,19550,39682,0.4797280274,5
KM22JDZ,SKODA,KODIAQ,3-4 years old,suv,DIESEL,automatic,BLUE,19800,74604,0.5732060184,8
LJ22LFX,MAZDA,MAZDA3,3-4 years old,hatchback,PETROL,manual,GREY,14000,27469,0.7664612576,5
MC21ZFL,PEUGEOT,3008,3-4 years old,suv,PETROL,semiAutomatic,GREY,17040,35404,0.5785007542,8
YX71WNZ,MG,ZS EV,3-4 years old,suv,ELECTRIC,automatic,BLACK,11000,35234,0.7300088437,8
YA72DHX,RENAULT,ZOE,0-2 years old,hatchback,ELECTRIC,automatic,GREY,10900,19417,0.3904708427,5
BK71JAO,VOLKSWAGEN,POLO,3-4 years old,hatchback,PETROL,manual,BLACK,14190,11913,0.5906678598,5
OX19OET,JAGUAR,F-PACE,5-6 years old,suv,DIESEL,automatic,WHITE,22350,43722,0.742907322,8
SD22RXP,AUDI,Q2,3-4 years old,suv,PETROL,manual,GREY,19600,25501,0.4582865883,8
LF70UWG,TOYOTA,AYGO,3-4 years old,hatchback,PETROL,manual,WHITE,10150,20874,0.6334621188,5
FG21USV,AUDI,A3,3-4 years old,hatchback,PETROLPLUGINELECTRICHYBRID,semiAutomatic,BLACK,16250,65631,0.6898674611,5
LL71HZP,TOYOTA,COROLLA TOURING SPORT,3-4 years old,estate,PETROLELECTRICHYBRID,automatic,WHITE,17900,34888,0.8441437952,7
WR22DAA,AUDI,A3,3-4 years old,hatchback,PETROL,manual,WHITE,18450,13901,0.8145324178,5
EY22YYB,DACIA,SANDERO STEPWAY,3-4 years old,hatchback,PETROL,manual,GREY,10200,49798,0.5911685495,5
SE19JXN,KIA,SPORTAGE,5-6 years old,suv,PETROL,manual,RED,12200,51000,0.8327527567,8
OX17DVR,HONDA,HR-V,7-8 years old,suv,DIESEL,manual,RED,10200,47466,0.3290597357,8
YY20DWE,VOLVO,S90,5-6 years old,saloon,PETROLPLUGINELECTRICHYBRID,semiAutomatic,BLUE,23250,50263,0.7169563603,5
VE22AKZ,VAUXHALL,CORSA-E,3-4 years old,hatchback,ELECTRIC,automatic,RED,10500,23321,0.7385442986,5
DL70LXE,VAUXHALL,CORSA,3-4 years old,hatchback,PETROL,manual,GREY,10150,27119,0.7692563879,5
YG69NAA,MINI,HATCHBACK,5-6 years old,hatchback,PETROL,semiAutomatic,SILVER,15400,45774,0.7545893407,5
SD67KXV,RENAULT,KADJAR,7-8 years old,suv,DIESEL,manual,BLUE,8950,57301,0.5874485051,8
GP19DYG,MERCEDES-BENZ,A-CLASS,5-6 years old,hatchback,DIESEL,semiAutomatic,SILVER,16950,22488,0.5893588846,5
CU72UOH,SEAT,ATECA,0-2 years old,suv,DIESEL,semiAutomatic,SILVER,19900,31048,0.4335548952,8
NA68NWG,KIA,NIRO,5-6 years old,suv,PETROLPLUGINELECTRICHYBRID,automatic,WHITE,12500,51720,0.4718651823,8
VO70RFJ,VOLKSWAGEN,POLO,3-4 years old,hatchback,PETROL,manual,WHITE,12400,48524,0.7191443889,5
GL67XFA,PEUGEOT,208,7-8 years old,hatchback,PETROL,manual,RED,9000,24128,0.3680667302,5
RE72NBF,AUDI,A3,0-2 years old,hatchback,PETROL,manual,WHITE,17450,33926,0.8145324178,5
KU67MXX,VAUXHALL,CORSA,7-8 years old,hatchback,PETROL,manual,RED,7900,21143,0.5924325782,5
KN22XDK,VAUXHALL,MOKKA-E,3-4 years old,suv,ELECTRIC,automatic,WHITE,13400,9668,0.8684809309,8
GL19JCV,BMW,4 SERIES GRAN COUPE,5-6 years old,hatchback,DIESEL,semiAutomatic,BLUE,17400,48365,0.6224044456,5
RE22AWV,FIAT,500 CABRIO,3-4 years old,convertible,ELECTRIC,automatic,GREY,12850,40204,0.6369704759,4
CK69BUA,SKODA,KAROQ,5-6 years old,suv,PETROL,manual,GREY,13100,49457,0.7046899802,8
WD24JZP,HYUNDAI,KONA,0-2 years old,suv,ELECTRIC,automatic,WHITE,21850,7493,0.2762431833,8
DY20FNK,VAUXHALL,GRANDLAND X,5-6 years old,suv,PETROL,manual,GREY,13220,18891,0.6069233549,8
GD21NPC,SEAT,LEON,3-4 years old,hatchback,PETROL,manual,BLACK,14000,52293,0.875202701,5
VA22LCG,ALFA ROMEO,GIULIA,3-4 years old,saloon,PETROL,semiAutomatic,WHITE,23550,10770,0.6278795107,5
ET18NVC,JEEP,RENEGADE,7-8 years old,suv,PETROL,manual,GREY,10250,35430,0.6766447312,8
BK73HXB,KIA,NIRO,0-2 years old,suv,PETROLELECTRICHYBRID,automatic,BLACK,18290,33794,0.5608743223,8
LV72XKE,MERCEDES-BENZ,EQA,0-2 years old,suv,ELECTRIC,automatic,GREY,26400,16892,0.2360720237,8
FV18KTC,BMW,4 SERIES,7-8 years old,coupe,DIESEL,semiAutomatic,BLACK,12900,77481,0.6661358417,4
HG22KMY,VAUXHALL,CORSA,3-4 years old,hatchback,PETROL,manual,WHITE,10200,51039,0.8135150837,5
LL68ZGZ,VAUXHALL,CORSA,5-6 years old,hatchback,PETROL,manual,RED,9750,21603,0.7577657658,5
LS71OYA,KIA,NIRO,3-4 years old,suv,PETROLELECTRICHYBRID,automatic,WHITE,19750,13447,0.6299460484,8
SL67LNT,MERCEDES-BENZ,GLC,7-8 years old,suv,DIESEL,semiAutomatic,WHITE,20700,49325,0.5967187621,8
VE70SZX,VAUXHALL,CROSSLAND X,3-4 years old,suv,PETROL,manual,BLUE,9950,37728,0.6448362169,8
WN23DZH,KIA,NIRO EV,0-2 years old,suv,ELECTRIC,automatic,WHITE,23800,14529,0.4570004829,8
KT69WEP,MERCEDES-BENZ,E-CLASS,5-6 years old,saloon,DIESEL,semiAutomatic,SILVER,20700,61424,0.8249870644,5
AF72WNZ,BMW,2 SERIES GRAN COUPE,0-2 years old,saloon,PETROL,manual,GREY,19450,35512,0.7787307211,5
LD19XFB,MINI,HATCHBACK,5-6 years old,hatchback,PETROL,manual,GREY,11150,43603,0.6518794009,5
SV68FBL,MAZDA,CX-5,5-6 years old,suv,PETROL,automatic,BLACK,17400,36241,0.5681789293,8
KM68BSU,FORD,FIESTA,5-6 years old,hatchback,PETROL,manual,SILVER,8450,60332,0.6208554799,5
SB69KTL,PEUGEOT,2008,5-6 years old,suv,PETROL,semiAutomatic,BLACK,12750,26300,0.6891683477,8
LP21KFO,AUDI,A3,3-4 years old,hatchback,PETROL,manual,BLUE,13000,74035,0.8952300327,5
BG22XFU,MINI,HATCHBACK,3-4 years old,hatchback,PETROL,manual,GREEN,17030,21593,0.7606419164,5
WG22CJF,KIA,PROCEED,3-4 years old,estate,PETROL,manual,BLUE,16250,28788,0.8284705971,7
GJ71RGU,VOLKSWAGEN,T-ROC,3-4 years old,convertible,PETROL,semiAutomatic,GREY,22850,35004,0.7676422261,4
LT19CUA,JAGUAR,XF,5-6 years old,saloon,PETROL,automatic,WHITE,16100,33547,0.5410385764,5
NV71EKY,MERCEDES-BENZ,CLA,3-4 years old,coupe,PETROL,semiAutomatic,BLACK,22500,54985,0.940422595,4
SH19FXV,NISSAN,QASHQAI,5-6 years old,suv,DIESEL,manual,GREY,11000,64278,0.7238611692,8
CE71YRR,AUDI,Q3,3-4 years old,suv,PETROL,manual,BLACK,18050,53380,0.4745103124,8
HY68MDK,MERCEDES-BENZ,CLA,5-6 years old,coupe,PETROL,semiAutomatic,WHITE,13900,62977,0.7589674052,4
NC71TVT,VOLKSWAGEN,T-CROSS,3-4 years old,suv,PETROL,automatic,BLACK,17870,16963,0.8204613675,8
GY20WNC,AUDI,S3,3-4 years old,hatchback,PETROL,semiAutomatic,WHITE,22890,34086,0.6808429197,5
GR19HLZ,VAUXHALL,MOKKA X,5-6 years old,suv,PETROL,manual,SILVER,10600,19621,0.7248686313,8
RJ73JDX,KIA,NIRO EV,0-2 years old,suv,ELECTRIC,automatic,WHITE,19600,14369,0.3547671433,8
KR69EAX,PEUGEOT,208,5-6 years old,hatchback,PETROL,manual,GREY,8050,34643,0.7090944195,5
YF22SKD,BMW,1 SERIES,3-4 years old,hatchback,PETROL,semiAutomatic,BLACK,22250,18135,0.7094367777,5
YN21OND,FIAT,500,3-4 years old,hatchback,PETROL,manual,GREY,9750,16843,0.9526462946,5
HA59BAM,MERCEDES-BENZ,EQC,5-6 years old,suv,ELECTRIC,automatic,BLACK,21700,45316,0.7125019511,8
OV22WSZ,JAGUAR,I-PACE,3-4 years old,suv,ELECTRIC,automatic,BLUE,19900,63860,0.7460899293,8
CF21JWA,VOLKSWAGEN,POLO,3-4 years old,hatchback,PETROL,manual,GREY,14300,25389,0.7191443889,5
YA18YSS,BMW,4 SERIES,7-8 years old,coupe,PETROL,semiAutomatic,SILVER,17050,39559,0.7173247909,4
BK70YUC,AUDI,Q2,3-4 years old,suv,DIESEL,manual,BLACK,14300,56919,0.8487472553,8
LS70VCZ,TOYOTA,AYGO,3-4 years old,hatchback,PETROL,manual,BLACK,9380,17191,0.7913055387,5
AX67GJG,HYUNDAI,KONA,7-8 years old,suv,PETROL,manual,WHITE,11500,36216,0.4957665453,8
ND69GOA,RENAULT,MEGANE,5-6 years old,hatchback,DIESEL,manual,BLUE,8950,66921,0.5136789041,5
EA19YCS,HYUNDAI,I10,5-6 years old,hatchback,PETROL,manual,GREY,8200,36907,0.667006545,5
KM74BHD,VOLKSWAGEN,ID.7,0-2 years old,saloon,ELECTRIC,automatic,WHITE,32400,5152,0.06010127626,5
LS68TUJ,VAUXHALL,MOKKA X,5-6 years old,suv,PETROL,manual,BLACK,8150,56315,0.7248686313,8
NJ67GDV,CITROEN,C3,7-8 years old,hatchback,PETROL,semiAutomatic,BLUE,10650,25768,0.6871564678,5
WF23FUY,KIA,PICANTO,0-2 years old,hatchback,PETROL,automatic,BLACK,14400,5443,0.6744098388,5
KR69OWK,SKODA,KAROQ,5-6 years old,suv,PETROL,automatic,GREY,20750,20652,0.7692253029,8
NX21KWA,FORD,FOCUS,3-4 years old,hatchback,PETROL,manual,BLACK,14850,28218,0.6841036133,5
KY19EZG,HONDA,CIVIC,5-6 years old,hatchback,PETROL,manual,BLUE,10000,58489,0.6457797921,5
GV18OBO,VOLKSWAGEN,POLO,7-8 years old,hatchback,PETROL,manual,WHITE,13050,17574,0.763932549,5
CK73DVX,RENAULT,MEGANE E-TECH,0-2 years old,hatchback,ELECTRIC,automatic,BLACK,19800,18518,0.335722426,5
SC22VNJ,MERCEDES-BENZ,CLA,3-4 years old,coupe,DIESEL,semiAutomatic,WHITE,20400,56370,0.6977836293,4
ET18WLO,FORD,FIESTA,7-8 years old,hatchback,PETROL,manual,BLUE,8900,29346,0.6208554799,5
YN19SBK,VAUXHALL,ASTRA,5-6 years old,estate,PETROL,manual,RED,9100,53880,0.6085860647,7
CN71UBL,DACIA,DUSTER,3-4 years old,suv,PETROLLIQUEFIEDPETROLEUMGAS,manual,WHITE,9950,55464,0.5765339964,8
SC69XEY,AUDI,A4,5-6 years old,saloon,PETROL,manual,GREY,17600,49864,0.8013259248,5
AK21VRW,PEUGEOT,2008,3-4 years old,suv,PETROL,semiAutomatic,RED,16900,28280,0.6517824466,8
LF23HSS,KIA,SPORTAGE,0-2 years old,suv,PETROLPLUGINELECTRICHYBRID,automatic,RED,25870,11712,0.644206495,8
AY22ZYB,DS,DS 3 CROSSBACK,3-4 years old,suv,DIESEL,manual,GREY,13600,23395,0.7177903863,8
WN22XXJ,AUDI,A3,3-4 years old,saloon,PETROL,semiAutomatic,BLACK,21120,37171,0.6329781123,5
PK22DHO,FORD,FOCUS,3-4 years old,hatchback,PETROL,manual,BLUE,16400,19512,0.7245685927,5
DV21WWT,NISSAN,LEAF,3-4 years old,hatchback,ELECTRIC,automatic,GREY,9750,14383,0.7157433916,5
RV19HXE,VAUXHALL,CORSA,5-6 years old,hatchback,PETROL,manual,RED,8250,29517,0.8512996345,5
OV70MZU,POLESTAR,2,3-4 years old,hatchback,ELECTRIC,automatic,GREY,22500,29342,0.673843921,5
AK21TLX,BMW,3 SERIES,3-4 years old,saloon,PETROLPLUGINELECTRICHYBRID,semiAutomatic,GREY,18900,24847,0.9591916977,5
KS23APZ,BMW,2 SERIES GRAN COUPE,0-2 years old,saloon,DIESEL,semiAutomatic,RED,24060,30306,0.770989263,5
SA67YJE,SUZUKI,SWIFT,7-8 years old,hatchback,PETROL,manual,SILVER,8550,27240,0.5468236629,5
YB21XJP,SKODA,FABIA,3-4 years old,estate,PETROL,semiAutomatic,WHITE,12500,44024,0.6615158917,7
ML68APK,NISSAN,QASHQAI,5-6 years old,suv,DIESEL,manual,BLUE,10850,59798,0.7238611692,8
HL19YLZ,BMW,X1,5-6 years old,suv,PETROL,semiAutomatic,GREY,18330,26795,0.5333518669,8
CF70EOY,MG,ZS,3-4 years old,suv,PETROL,manual,BLACK,12250,32577,0.6459010545,8
DF21VVU,SEAT,LEON,3-4 years old,hatchback,PETROLPLUGINELECTRICHYBRID,semiAutomatic,GREY,16300,22980,0.8209255814,5
SC18XEV,VAUXHALL,CORSA,5-6 years old,hatchback,PETROL,manual,GREY,9470,11892,0.6708313476,5
BK20VWL,SKODA,OCTAVIA,5-6 years old,estate,DIESEL,manual,WHITE,14700,32800,0.8225903405,7
EF18XGY,FORD,FOCUS,7-8 years old,hatchback,PETROL,manual,GREY,6580,77548,0.6768995572,5
BT20KMJ,HYUNDAI,TUCSON,3-4 years old,suv,DIESEL,manual,GREY,13900,57408,0.4082066062,8
YE68NRK,TOYOTA,AYGO,5-6 years old,hatchback,PETROL,manual,WHITE,7000,64713,0.6707958407,5
LL22UTS,PEUGEOT,3008,3-4 years old,suv,PETROL,semiAutomatic,GREY,18650,27707,0.5785007542,8
AO22NJV,FORD,PUMA,3-4 years old,suv,PETROL,manual,WHITE,14900,11710,0.6738770985,8
BL22AXS,SKODA,KAROQ,3-4 years old,suv,PETROL,manual,WHITE,20300,11962,0.4515133822,8
VK22LRZ,VAUXHALL,CORSA,3-4 years old,hatchback,PETROL,manual,GREY,11190,14946,0.8135150837,5
YH18GVD,MINI,HATCHBACK,7-8 years old,hatchback,PETROL,manual,BLUE,12400,39808,0.474508278,5
CE23GXN,DACIA,SANDERO STEPWAY,0-2 years old,hatchback,PETROL,manual,WHITE,12300,25147,0.4335889765,5
YK19GJA,JAGUAR,XE,5-6 years old,saloon,DIESEL,automatic,RED,15900,47202,0.3393325419,5
FN21PXK,SEAT,LEON,3-4 years old,hatchback,PETROL,manual,GREY,13900,33262,0.8205767509,5
MJ71OGN,VOLKSWAGEN,TIGUAN ALLSPACE,3-4 years old,suv,DIESEL,semiAutomatic,BLUE,25000,39647,0.3591458255,8
MM22AFV,DACIA,SANDERO,3-4 years old,hatchback,PETROL,manual,WHITE,10150,39671,0.6781155582,5
CV20JVN,AUDI,Q2,5-6 years old,suv,DIESEL,manual,BLACK,18050,21242,0.7661574406,8
LK72WBP,MINI,COUNTRYMAN,0-2 years old,suv,PETROLPLUGINELECTRICHYBRID,semiAutomatic,GREY,24890,16026,0.7914215896,8
WG67EFA,RENAULT,CAPTUR,7-8 years old,suv,PETROL,manual,ORANGE,8600,32268,0.6259984688,8
KW22GGZ,SEAT,ARONA,0-2 years old,suv,PETROL,semiAutomatic,SILVER,14330,19817,0.7021550419,8
NM03SRM,TOYOTA,AYGO,7-8 years old,hatchback,PETROL,semiAutomatic,YELLOW,8900,41665,0.4125070858,5
MT21KHL,PEUGEOT,208,3-4 years old,hatchback,PETROL,manual,WHITE,11350,43195,0.5780245855,5
DV22PVU,HYUNDAI,IONIQ,3-4 years old,hatchback,ELECTRIC,automatic,BLUE,10200,53028,0.6446326375,5
DX72YOD,KIA,SPORTAGE,0-2 years old,suv,PETROLELECTRICHYBRID,automatic,RED,24100,20532,0.8344546325,8
OW68XTS,FORD,FOCUS VIGNALE,5-6 years old,estate,DIESEL,manual,PURPLE,14100,43848,0.3847341572,7
MD21DFZ,PEUGEOT,3008,3-4 years old,suv,PETROL,semiAutomatic,GREY,17800,20162,0.7618570162,8
WD71EKO,MERCEDES-BENZ,A-CLASS,3-4 years old,hatchback,PETROLPLUGINELECTRICHYBRID,semiAutomatic,WHITE,18650,56440,0.6738373846,5
WN22YNV,AUDI,A6,3-4 years old,saloon,PETROL,semiAutomatic,BLACK,20370,32072,0.8216475846,5
KR22OSE,SUZUKI,SWIFT,3-4 years old,hatchback,PETROL,manual,RED,12700,17924,0.5876616856,5
BU70KNF,MERCEDES-BENZ,C-CLASS,3-4 years old,coupe,PETROL,semiAutomatic,BLUE,20000,36232,0.8752836166,4
DG68SXM,CITROEN,C3 AIRCROSS,5-6 years old,suv,PETROL,manual,RED,8900,50946,0.5065397766,8
BM68HZJ,FORD,FOCUS VIGNALE,5-6 years old,estate,DIESEL,automatic,GREY,11800,71747,0.3811654125,7
YD21VLK,TOYOTA,COROLLA TOURING SPORT,3-4 years old,estate,PETROLELECTRICHYBRID,automatic,WHITE,14700,58719,0.8441437952,7
WD24GOK,VOLVO,XC40,0-2 years old,suv,ELECTRIC,automatic,BLACK,34550,15942,0.2988352567,8
YA67TZK,TOYOTA,YARIS,7-8 years old,hatchback,PETROLELECTRICHYBRID,automatic,RED,11400,27212,0.7389302461,5
NC19BKF,SEAT,ARONA,5-6 years old,suv,PETROL,semiAutomatic,SILVER,11950,36545,0.6819673285,8
LT19HGG,AUDI,A3,5-6 years old,hatchback,PETROL,semiAutomatic,BLACK,14900,38791,0.8408559004,5
DA21AOX,AUDI,A1,3-4 years old,hatchback,PETROL,manual,GREY,15340,16880,0.616833383,5
HT68GVK,FIAT,PANDA,5-6 years old,hatchback,PETROL,manual,RED,7050,40629,0.6750272259,5
AV71OHB,BMW,1 SERIES,3-4 years old,hatchback,PETROL,semiAutomatic,BLUE,21550,18355,0.787349322,5
YO21ELV,FORD,PUMA,3-4 years old,suv,PETROL,manual,SILVER,15200,19842,0.7128731303,8
LD21XJJ,BMW,3 SERIES,3-4 years old,saloon,PETROL,semiAutomatic,BLACK,24290,30743,0.6280674153,5
GX70KKT,BMW,1 SERIES,3-4 years old,hatchback,PETROL,semiAutomatic,GREY,19850,35021,0.8090128825,5
DF21OBC,VOLKSWAGEN,T-CROSS,3-4 years old,suv,PETROL,manual,BLUE,14500,22709,0.8090760679,8
FV70RFE,CITROEN,C5 AIRCROSS,3-4 years old,suv,DIESEL,manual,BLACK,13700,31298,0.7578495435,8
FP70RNV,SEAT,ATECA,3-4 years old,suv,PETROL,manual,WHITE,17750,24427,0.7143253737,8
LD20ZSW,BMW,4 SERIES,5-6 years old,coupe,PETROL,semiAutomatic,BLACK,18900,31930,0.9045103422,4
LX19TXY,SEAT,ATECA,5-6 years old,suv,PETROL,semiAutomatic,BLUE,15850,36420,0.7672966502,8
CU21RYR,MG,MG3,3-4 years old,hatchback,PETROL,manual,RED,9750,17214,0.7982490024,5
MW21RXA,VOLKSWAGEN,T-ROC,3-4 years old,suv,PETROL,semiAutomatic,WHITE,20700,11186,0.8008007235,8
NG21AYX,TOYOTA,PRIUS,3-4 years old,hatchback,PETROLELECTRICHYBRID,automatic,BLUE,13890,69247,0.8703465258,5
MX22UDO,FORD,PUMA,3-4 years old,suv,PETROL,manual,BLACK,15750,17733,0.7128731303,8
KT21WXE,JAGUAR,F-PACE,3-4 years old,suv,DIESEL,automatic,GREY,31850,35257,0.4085098726,8
RJ22XEG,VOLKSWAGEN,POLO,3-4 years old,hatchback,PETROL,manual,BLACK,16400,21178,0.6503199879,5
LJ23MJM,KIA,NIRO,0-2 years old,suv,PETROLELECTRICHYBRID,automatic,RED,22100,18518,0.4535026301,8
EY71AWN,NISSAN,LEAF,3-4 years old,hatchback,ELECTRIC,automatic,BLACK,8150,44862,0.7397459502,5
PE21XLT,PEUGEOT,3008,3-4 years old,suv,PETROLPLUGINELECTRICHYBRID,semiAutomatic,BLUE,15500,46372,0.7244396282,8
LM22DJD,MERCEDES-BENZ,CLA,3-4 years old,estate,PETROL,semiAutomatic,BLACK,20200,46191,0.7094440119,7
MA21FYD,CITROEN,C3,3-4 years old,hatchback,PETROL,manual,BLACK,10140,25820,0.6590438491,5
MX68ZZH,BMW,2 SERIES ACTIVE TOURER,5-6 years old,hatchback,PETROL,semiAutomatic,BLUE,11350,57390,0.7300304917,5
CJ21LXU,AUDI,A1,3-4 years old,hatchback,PETROL,semiAutomatic,BLACK,17800,21599,0.7121369307,5
AJ23HPO,KIA,PICANTO,0-2 years old,hatchback,PETROL,manual,SILVER,12900,2079,0.8035193707,5
VE70EPF,VOLKSWAGEN,T-CROSS,3-4 years old,suv,PETROL,manual,BLACK,14400,33830,0.6782556641,8
EX19XMR,VOLKSWAGEN,POLO,5-6 years old,hatchback,PETROL,semiAutomatic,GREY,14000,22044,0.8300341779,5
AK22OGJ,FORD,PUMA,3-4 years old,suv,PETROL,semiAutomatic,BLUE,17050,31849,0.5714079223,8
MF71OTC,PEUGEOT,5008,3-4 years old,suv,PETROL,semiAutomatic,BLACK,23900,18307,0.8051920837,8
BL70GFU,AUDI,Q3,3-4 years old,suv,PETROL,manual,SILVER,15790,68892,0.7329093215,8
S333DMR,BMW,M4,5-6 years old,coupe,PETROL,semiAutomatic,GREY,33550,31572,0.8483827964,4
FG68NVZ,MINI,HATCHBACK,5-6 years old,hatchback,PETROL,manual,GREY,11450,47141,0.7450078719,5
DA71GZT,LEXUS,UX,3-4 years old,suv,ELECTRIC,automatic,GREY,16700,10493,0.5853837731,8
HT21TUJ,BMW,3 SERIES,3-4 years old,saloon,PETROL,semiAutomatic,BLACK,22450,45755,0.8997671264,5
SA72FUH,KIA,XCEED,0-2 years old,hatchback,PETROL,manual,GREY,14350,31959,0.5360598428,5
MK21HGD,VOLKSWAGEN,POLO,3-4 years old,hatchback,PETROL,manual,SILVER,14200,23594,0.7191443889,5
VN70GHV,VOLKSWAGEN,T-ROC,3-4 years old,suv,PETROL,semiAutomatic,BLUE,21650,26618,0.7672516598,8
BG68WWO,HYUNDAI,I10,5-6 years old,hatchback,PETROL,manual,RED,7400,16196,0.6535094247,5
HJ67HBX,RENAULT,CAPTUR,7-8 years old,suv,PETROL,manual,WHITE,9200,45094,0.5565580837,8
PO67XHG,TOYOTA,AYGO,7-8 years old,hatchback,PETROL,manual,RED,5950,59337,0.6421966284,5
GU21VNN,LAND ROVER,DISCOVERY SPORT,3-4 years old,suv,DIESEL,automatic,ORANGE,23390,60290,0.5890076605,8
MH72CGE,FIAT,500,0-2 years old,hatchback,PETROL,manual,RED,10800,8605,0.9526462946,5
FP67XHM,PEUGEOT,208,7-8 years old,hatchback,PETROL,manual,RED,8950,19930,0.3680667302,5
WB19KLK,VOLVO,XC90,5-6 years old,suv,DIESEL,semiAutomatic,SILVER,32900,28183,0.6719992646,8
SH70SPZ,VAUXHALL,CORSA,3-4 years old,hatchback,PETROL,manual,RED,10230,37885,0.782442271,5
WJ67XMY,BMW,1 SERIES,7-8 years old,hatchback,PETROL,semiAutomatic,BLACK,16300,49193,0.6394348732,5
YK21UTL,MERCEDES-BENZ,A-CLASS,3-4 years old,hatchback,DIESEL,manual,GREY,16900,27374,0.8981607309,5
WF22OUL,MG,HS,3-4 years old,suv,PETROL,manual,BLACK,14550,24276,0.6103534847,8
OE21XMH,VOLKSWAGEN,UP!,3-4 years old,hatchback,PETROL,manual,BLACK,10900,25708,0.8195744907,5
AK68ETU,KIA,OPTIMA,5-6 years old,estate,DIESEL,manual,BLUE,12450,38778,0.6489306817,7
BK21KDF,SKODA,OCTAVIA,3-4 years old,estate,PETROLPLUGINELECTRICHYBRID,semiAutomatic,BLUE,19850,48782,0.8316288219,7
SM71LWY,BMW,3 SERIES,3-4 years old,estate,DIESEL,semiAutomatic,BLUE,20200,62986,0.7219057789,7
BL21HPK,HYUNDAI,IONIQ,3-4 years old,hatchback,PETROLELECTRICHYBRID,automatic,WHITE,14290,32750,0.7972774741,5
PY20HCK,MERCEDES-BENZ,E-CLASS,5-6 years old,saloon,DIESEL,semiAutomatic,BLACK,26400,29732,0.381503027,5
DA22LPO,BMW,X1,3-4 years old,suv,PETROL,semiAutomatic,BLUE,22170,29403,0.9156522029,8
LA21ENR,KIA,E-NIRO,3-4 years old,suv,ELECTRIC,automatic,GREY,14100,48943,0.7100866966,8
YC70UON,MINI,HATCHBACK,3-4 years old,hatchback,PETROL,semiAutomatic,ORANGE,14300,49357,0.5631259254,5
ML19ZYX,MINI,CONVERTIBLE,5-6 years old,convertible,PETROL,semiAutomatic,GREY,17250,18947,0.7299968488,4
BT71HHB,VOLKSWAGEN,GOLF,3-4 years old,hatchback,PETROL,manual,GREY,16200,30736,0.6943525292,5
ME19XPX,PEUGEOT,308,5-6 years old,hatchback,PETROL,manual,BLACK,10960,22499,0.8186413252,5
FE19XDS,VAUXHALL,MOKKA X,5-6 years old,suv,PETROL,manual,SILVER,9900,35312,0.7248686313,8
FE70VHB,BMW,1 SERIES,3-4 years old,hatchback,PETROL,semiAutomatic,BLUE,18750,41862,0.8090128825,5
GP68VNV,MINI,CLUBMAN,5-6 years old,estate,PETROL,semiAutomatic,BLACK,12200,68504,0.406863303,7
YC23LXL,VOLKSWAGEN,GOLF,0-2 years old,hatchback,PETROL,semiAutomatic,WHITE,24900,37357,0.8295922305,5
VO22MUB,BMW,3 SERIES,3-4 years old,estate,PETROLPLUGINELECTRICHYBRID,semiAutomatic,BLUE,23300,40958,0.8631232066,7
YF21AFJ,FORD,FOCUS,3-4 years old,hatchback,PETROL,automatic,BLUE,15450,31671,0.7194861239,5
DP70NZA,NISSAN,LEAF,3-4 years old,hatchback,ELECTRIC,automatic,BLACK,9050,23585,0.7157433916,5
LS21GNN,MERCEDES-BENZ,GLA,3-4 years old,suv,PETROL,semiAutomatic,RED,20580,75371,0.3195888163,8
SO18MYT,CITROEN,C4 CACTUS,5-6 years old,suv,PETROL,manual,BLACK,8350,56209,0.9001685889,8
KR71EUY,AUDI,A3,3-4 years old,hatchback,PETROLPLUGINELECTRICHYBRID,semiAutomatic,BLUE,21550,16388,0.7125994194,5
RE21FPG,VOLKSWAGEN,T-ROC,3-4 years old,suv,PETROL,semiAutomatic,BLUE,21190,20067,0.7672516598,8
LL22FZS,AUDI,A3,3-4 years old,saloon,PETROL,semiAutomatic,BLACK,22180,24340,0.6329781123,5
SD72XJP,VAUXHALL,MOKKA,0-2 years old,suv,PETROL,manual,BLUE,14020,25405,0.4881942021,8
WN70JPJ,PEUGEOT,3008,3-4 years old,suv,PETROL,semiAutomatic,BRONZE,15950,36880,0.7693951684,8
DV23VAU,NISSAN,JUKE,0-2 years old,suv,PETROL,manual,BLACK,12890,41790,0.6673581562,8
RE20PNX,VOLKSWAGEN,T-ROC,5-6 years old,suv,PETROL,semiAutomatic,BLACK,20000,43776,0.7672516598,8
DN22TZD,NISSAN,LEAF,3-4 years old,hatchback,ELECTRIC,automatic,RED,10000,35252,0.4327252831,5
CJ23XJZ,MG,MG4,0-2 years old,suv,ELECTRIC,automatic,BLACK,16900,11440,0.5700672262,8
EJ22YOC,PEUGEOT,E-2008,3-4 years old,suv,ELECTRIC,automatic,BLACK,14250,31114,0.7544094133,8
CX73OVW,SKODA,OCTAVIA,0-2 years old,estate,DIESEL,manual,BLUE,20210,13971,0.8524990541,7
FX70XXV,TOYOTA,YARIS,3-4 years old,hatchback,PETROLELECTRICHYBRID,automatic,GREY,14890,12905,0.5114324958,5
KM21WKD,SEAT,TARRACO,3-4 years old,suv,PETROL,automatic,GREY,20550,63384,0.7097528565,8
ML71PUA,BMW,IX3,3-4 years old,suv,ELECTRIC,automatic,BLACK,21450,65386,0.4427020664,8
YA70VRU,VOLKSWAGEN,T-ROC,3-4 years old,suv,PETROL,manual,GREY,13250,65958,0.7459438358,8
GY71WVJ,BMW,1 SERIES,3-4 years old,hatchback,PETROL,semiAutomatic,BLUE,21550,12759,0.787349322,5
LM21DVB,TOYOTA,C-HR,3-4 years old,suv,PETROLELECTRICHYBRID,automatic,WHITE,17390,27571,0.6514316148,8
LT18UGF,FIAT,500,7-8 years old,hatchback,PETROL,manual,WHITE,6350,44933,0.7319694771,5
EY22JKV,NISSAN,QASHQAI,3-4 years old,suv,PETROL,manual,GREY,15100,33831,0.8094125198,8
MC19JZD,SKODA,KODIAQ,5-6 years old,suv,DIESEL,automatic,WHITE,17650,76850,0.825007579,8
CF72DYA,CITROEN,C3,0-2 years old,hatchback,PETROL,manual,GREY,11130,30131,0.7580797784,5
HK71OBF,HYUNDAI,KONA,3-4 years old,suv,PETROL,manual,WHITE,15450,16107,0.5799235268,8
YW67EUK,MAZDA,CX-5,7-8 years old,suv,DIESEL,automatic,GREY,17020,19362,0.4589424719,8
SD18XWE,RENAULT,CLIO,7-8 years old,hatchback,PETROL,manual,SILVER,6430,74630,0.6457279516,5
LS69XDV,LAND ROVER,RANGE ROVER VELAR,5-6 years old,suv,DIESEL,automatic,BLACK,22100,36791,0.7479893616,8
GX19JWY,FORD,FIESTA,5-6 years old,hatchback,PETROL,manual,RED,16150,22128,0.7436064742,5
YY70KRN,AUDI,A5,3-4 years old,coupe,PETROL,semiAutomatic,WHITE,21500,28859,0.6334696237,4
DE22PXJ,KIA,SPORTAGE,3-4 years old,suv,PETROL,manual,WHITE,21600,29626,0.6897363487,8
YY22MPZ,FORD,PUMA,3-4 years old,suv,PETROL,semiAutomatic,SILVER,16950,29380,0.5714079223,8
LS22BTE,TOYOTA,RAV4,3-4 years old,suv,PETROLELECTRICHYBRID,automatic,BLACK,24600,30224,0.8627539202,8
OU19HCF,BMW,3 SERIES,5-6 years old,saloon,DIESEL,manual,BLUE,17250,60083,0.4085418897,5
CK22LSD,PEUGEOT,208,3-4 years old,hatchback,PETROL,manual,GREY,12670,43061,0.7577618165,5
LX22TXB,AUDI,Q3,3-4 years old,suv,PETROL,semiAutomatic,GREY,26000,41266,0.7071493734,8
YK19LEC,MAZDA,MX-5,5-6 years old,convertible,PETROL,manual,SILVER,17400,17897,0.7683030293,4
SB19ZPG,VAUXHALL,MOKKA X,5-6 years old,suv,PETROL,manual,SILVER,9150,42631,0.7158333313,8
YP21CNV,FORD,KUGA,3-4 years old,suv,PETROLPLUGINELECTRICHYBRID,automatic,GREY,16550,56305,0.6922565727,8
AV20WFK,JAGUAR,E-PACE,5-6 years old,suv,PETROL,automatic,RED,20700,46477,0.7352929808,8
CU21JXJ,MAZDA,CX-30,3-4 years old,suv,PETROL,manual,WHITE,17650,32033,0.2327630238,8
MM21OZH,SKODA,KAROQ,3-4 years old,suv,PETROL,automatic,GREY,21800,24607,0.7692253029,8
DL68OOU,AUDI,Q2,5-6 years old,suv,DIESEL,manual,BLACK,15400,39146,0.7661574406,8
VK21RCO,VOLKSWAGEN,T-CROSS,3-4 years old,suv,PETROL,automatic,BLUE,15750,24234,0.8204613675,8
CA22LJZ,PEUGEOT,E-208,3-4 years old,hatchback,ELECTRIC,automatic,GREY,11250,27876,0.7832295308,5
CF71UOB,CITROEN,C4,3-4 years old,hatchback,PETROL,semiAutomatic,BLACK,14890,19929,0.8144397722,5
WU21TPZ,VOLKSWAGEN,GOLF,3-4 years old,hatchback,PETROL,manual,YELLOW,18100,33173,0.6152056805,5
MW70NCC,SKODA,KAROQ,3-4 years old,suv,PETROL,manual,GREY,15050,35130,0.7046899802,8
DU69NZD,NISSAN,X-TRAIL,5-6 years old,suv,DIESEL,manual,GREY,14600,56293,0.6894007177,8
MK72OMS,SKODA,OCTAVIA,0-2 years old,hatchback,PETROL,manual,GREY,13250,59266,0.8342233238,5
WR70XXB,TOYOTA,RAV4,3-4 years old,suv,PETROLELECTRICHYBRID,automatic,BLACK,20900,71344,0.4772674682,8
YP69CPY,FORD,FOCUS,5-6 years old,hatchback,PETROL,manual,SILVER,12500,25162,0.7102910802,5
YP22VTU,VOLVO,C40,3-4 years old,suv,ELECTRIC,automatic,BLACK,23890,36139,0.4199865265,8
NL23XTY,KIA,SPORTAGE,0-2 years old,suv,PETROLELECTRICHYBRID,automatic,GREY,24400,51647,0.684172208,8
KW19XPT,MERCEDES-BENZ,CLS,5-6 years old,coupe,DIESEL,semiAutomatic,BLACK,24250,61140,0.4233230118,4
RF67WWV,JAGUAR,XF,7-8 years old,saloon,PETROL,automatic,GREY,17250,21432,0.4954167092,5
VN22ZYE,VAUXHALL,CORSA,3-4 years old,hatchback,PETROL,manual,BLUE,12350,9914,0.8135150837,5
BL70XVO,NISSAN,QASHQAI,3-4 years old,suv,PETROL,semiAutomatic,BLACK,17000,20133,0.6135231126,8
LO20USH,SEAT,TARRACO,5-6 years old,suv,PETROL,semiAutomatic,WHITE,20150,47019,0.7054196482,8
PK71XYM,BMW,3 SERIES,3-4 years old,estate,PETROLPLUGINELECTRICHYBRID,semiAutomatic,BLACK,18250,78213,0.6940814439,7
LM21DVT,FORD,PUMA,3-4 years old,suv,PETROL,manual,RED,13250,40192,0.6703324469,8
NL70VLN,VOLVO,XC60,3-4 years old,suv,DIESEL,semiAutomatic,SILVER,23280,43693,0.4686403887,8
CA22NNT,MG,HS,3-4 years old,suv,PETROL,manual,WHITE,13750,16950,0.6649249934,8
DS22ONH,KIA,SPORTAGE,0-2 years old,suv,PETROLELECTRICHYBRID,automatic,RED,22900,34512,0.8344546325,8
DE22PHO,AUDI,Q3,3-4 years old,suv,PETROL,manual,WHITE,25380,18647,0.6855336446,8
YH71LZA,PEUGEOT,2008,3-4 years old,suv,PETROL,manual,ORANGE,14650,35318,0.6867148172,8
DF70OKZ,VOLVO,XC60,3-4 years old,suv,PETROL,semiAutomatic,SILVER,26400,32227,0.5076786761,8
MA22OUX,RENAULT,ZOE,3-4 years old,hatchback,ELECTRIC,automatic,BLACK,8900,50376,0.7950844283,5
AM53MUZ,MERCEDES-BENZ,C-CLASS,5-6 years old,coupe,DIESEL,semiAutomatic,GREY,17700,57227,0.6092897268,4
LC71HWM,BMW,3 SERIES,3-4 years old,estate,DIESEL,semiAutomatic,WHITE,18800,70087,0.7219057789,7
HJ22GZO,BMW,X2,3-4 years old,suv,PETROL,semiAutomatic,BLACK,22500,18119,0.6218748892,8
VK22LWN,VAUXHALL,CORSA,3-4 years old,hatchback,PETROL,automatic,BLACK,13260,15174,0.8284535811,5
DF21HLZ,PEUGEOT,3008,3-4 years old,suv,DIESEL,manual,GREY,13550,54479,0.7587908727,8
DE20YMF,VOLKSWAGEN,TIGUAN,5-6 years old,suv,PETROL,semiAutomatic,WHITE,19650,64676,0.8512178956,8
MW22CHX,VOLKSWAGEN,ID.3,3-4 years old,hatchback,ELECTRIC,automatic,GREY,15750,23473,0.8075787482,5
HV22WFP,MINI,HATCHBACK,3-4 years old,hatchback,ELECTRIC,automatic,SILVER,13100,25775,0.9646294913,5
CV22LWZ,SEAT,ARONA,3-4 years old,suv,PETROL,manual,WHITE,14400,23876,0.6171122805,8
WD19RYW,FORD,FIESTA,5-6 years old,hatchback,PETROL,manual,SILVER,9150,39368,0.7074737961,5
FN72LPK,SEAT,LEON,0-2 years old,hatchback,DIESEL,manual,SILVER,14850,41997,0.8326837227,5
FG21HZT,CITROEN,C3,3-4 years old,hatchback,PETROL,manual,BLACK,10550,22598,0.6590438491,5
DL22OVX,HYUNDAI,TUCSON,3-4 years old,suv,PETROL,manual,WHITE,18390,15136,0.6692106179,8
MD19UWN,KIA,PICANTO,5-6 years old,hatchback,PETROL,manual,BLUE,7600,42668,0.7156880317,5
WT19NCO,NISSAN,QASHQAI,5-6 years old,suv,PETROL,semiAutomatic,BLUE,15050,15236,0.6223208921,8
YR22CCU,VOLVO,C40,3-4 years old,suv,ELECTRIC,automatic,BLUE,24400,31112,0.4199865265,8
YO70DJJ,FORD,PUMA,3-4 years old,suv,PETROL,manual,GREY,14700,31918,0.7128731303,8
YR21UUF,FORD,FIESTA,3-4 years old,hatchback,PETROL,manual,GREY,13370,8178,0.7065676714,5
RE72LGG,VOLKSWAGEN,GOLF,0-2 years old,hatchback,PETROL,manual,BLUE,17400,14985,0.8160303561,5
SK70ZFZ,TOYOTA,C-HR,3-4 years old,suv,PETROLELECTRICHYBRID,automatic,BLUE,16300,38467,0.6514316148,8
LG70UDW,BMW,3 SERIES,3-4 years old,saloon,PETROL,semiAutomatic,BLUE,23450,27125,0.5952802903,5
HN70WWR,VOLVO,XC40,3-4 years old,suv,PETROL,semiAutomatic,BLACK,22100,32017,0.8465091397,8
WR20HPO,FORD,FIESTA,5-6 years old,hatchback,PETROL,manual,GREY,12850,18604,0.8678524071,5
PE68URM,SEAT,ARONA,5-6 years old,suv,PETROL,semiAutomatic,BLACK,13900,20405,0.6397447197,8
GC18ZKV,VOLKSWAGEN,BEETLE,5-6 years old,hatchback,PETROL,semiAutomatic,BLUE,13400,57704,0.473445659,5
DE21YWR,SEAT,ATECA,3-4 years old,suv,PETROL,semiAutomatic,BLACK,15900,31661,0.7158785502,8
GV23VKM,AUDI,A1,0-2 years old,hatchback,PETROL,semiAutomatic,GREY,17650,37986,0.7121369307,5
BX19YCV,MAZDA,MX-5,5-6 years old,convertible,PETROL,manual,BLACK,15600,13756,0.679233204,4
BD20JYY,FORD,PUMA,5-6 years old,suv,PETROL,manual,WHITE,14250,26878,0.4705504426,8
HF73UYA,CUPRA,LEON,0-2 years old,hatchback,PETROL,semiAutomatic,GREY,23500,33690,0.8275954143,5
SK71AYD,AUDI,A4 AVANT,3-4 years old,estate,DIESEL,semiAutomatic,GREY,22350,44335,0.6825530526,7
VE70NLP,HYUNDAI,TUCSON,3-4 years old,suv,PETROL,manual,BRONZE,15360,41314,0.3752130295,8
VN22KOU,VAUXHALL,CORSA-E,3-4 years old,hatchback,ELECTRIC,automatic,BLUE,12200,15229,0.7385442986,5
WR22GKP,VOLKSWAGEN,T-CROSS,3-4 years old,suv,PETROL,automatic,GREY,18100,10979,0.6935979614,8
PJ22OOA,MERCEDES-BENZ,C-CLASS,3-4 years old,convertible,DIESEL,semiAutomatic,GREY,27400,30501,0.5481887363,4
DV22YCT,NISSAN,QASHQAI,3-4 years old,suv,PETROL,semiAutomatic,BLACK,17950,21288,0.7510294679,8
SG67CZH,NISSAN,QASHQAI,7-8 years old,suv,PETROL,manual,BLUE,11900,53338,0.6374539279,8
OE22AVO,JAGUAR,I-PACE,3-4 years old,suv,ELECTRIC,automatic,BLACK,22900,31373,0.7460899293,8
AF69VFR,SKODA,KAROQ,5-6 years old,suv,PETROL,manual,BLUE,13220,32121,0.5024876964,8
LD19CLV,KIA,PICANTO,5-6 years old,hatchback,PETROL,manual,SILVER,8700,11305,0.7156880317,5
YB72NTD,SEAT,IBIZA,0-2 years old,hatchback,PETROL,manual,RED,14700,19513,0.7574263674,5
YH70EOR,VOLKSWAGEN,GOLF,3-4 years old,hatchback,PETROL,manual,BLACK,13850,47977,0.7393450786,5
GC16HWE,DACIA,SANDERO STEPWAY,9+ years old,hatchback,PETROL,manual,WHITE,5550,68824,0.1422419613,5
VA22EUK,VAUXHALL,CORSA,3-4 years old,hatchback,PETROL,manual,GREY,10540,24486,0.8135150837,5
CT19HZU,AUDI,Q2,5-6 years old,suv,DIESEL,manual,RED,12650,55755,0.8487472553,8
FV71RYF,TOYOTA,AYGO X,3-4 years old,hatchback,PETROL,manual,WHITE,10800,16312,0.6589083421,5
WF71EWO,BMW,3 SERIES,3-4 years old,estate,DIESEL,semiAutomatic,WHITE,21330,39631,0.7219057789,7
PY22ASV,TOYOTA,COROLLA,3-4 years old,hatchback,PETROLELECTRICHYBRID,automatic,BLUE,15890,24667,0.7997111498,5
LD22WWY,MAZDA,MAZDA3,3-4 years old,hatchback,PETROL,manual,BLUE,16300,17375,0.7275870319,5
WG22DTK,JAGUAR,I-PACE,3-4 years old,suv,ELECTRIC,automatic,WHITE,21150,47270,0.7460899293,8
YF21CGK,CUPRA,FORMENTOR,3-4 years old,suv,PETROL,semiAutomatic,GREY,25900,15927,0.7233343067,8
FE17ECZ,AUDI,TT,7-8 years old,coupe,PETROL,manual,SILVER,14050,35637,0.7151751612,4
CK21JPJ,DS,DS 3 CROSSBACK,3-4 years old,suv,PETROL,semiAutomatic,BLACK,12950,38908,0.7968568419,8
EF69TWC,BMW,X1,5-6 years old,suv,PETROL,semiAutomatic,GREY,19900,31065,0.7249972018,8
ML69PZZ,PEUGEOT,2008,5-6 years old,suv,PETROL,manual,GREY,9200,46383,0.7246585203,8
RV21CFJ,VOLKSWAGEN,T-ROC,3-4 years old,convertible,PETROL,semiAutomatic,BLACK,23050,27456,0.7676422261,4
KR19BHY,SUZUKI,SWIFT,5-6 years old,hatchback,PETROL,manual,RED,8400,49191,0.5540315719,5
ET19FGU,FIAT,500,5-6 years old,hatchback,PETROL,manual,GREEN,8050,31754,0.7296316775,5
DV71XVR,NISSAN,MICRA,3-4 years old,hatchback,PETROL,automatic,GREY,12340,28072,0.6160331479,5
YE21NCZ,LAND ROVER,RANGE ROVER VELAR,3-4 years old,suv,DIESEL,automatic,GREY,25000,71963,0.7818970185,8
BD19AXO,MERCEDES-BENZ,GLC,5-6 years old,suv,PETROL,semiAutomatic,GREY,20600,41418,0.6655883698,8
KO69FHF,CITROEN,C5 AIRCROSS,5-6 years old,suv,DIESEL,semiAutomatic,RED,13900,29862,0.62615688,8
SA16PFH,BMW,X5,9+ years old,suv,DIESEL,automatic,GREY,25000,45114,0.4495214044,8
OV21KUH,PEUGEOT,208,3-4 years old,hatchback,PETROL,manual,GREY,11250,35644,0.3393884678,5
FH68FDL,RENAULT,TWINGO,5-6 years old,hatchback,PETROL,manual,GREEN,7400,19066,0.3397558839,5
SK24EEF,SEAT,LEON,0-2 years old,hatchback,PETROL,manual,BLUE,15650,9193,0.7610197895,5
YC70WRP,BMW,3 SERIES,3-4 years old,saloon,PETROL,semiAutomatic,GREY,18100,61640,0.8046430009,5
KS23FAO,MG,MG4,0-2 years old,suv,ELECTRIC,automatic,ORANGE,16200,12520,0.5700672262,8
OW72EBN,JAGUAR,I-PACE,0-2 years old,suv,ELECTRIC,automatic,BLACK,24200,35093,0.7460899293,8
SN21GRD,CITROEN,C1,3-4 years old,hatchback,PETROL,manual,BLACK,7800,36424,0.6772889332,5
WM70RJZ,MERCEDES-BENZ,E-CLASS,3-4 years old,coupe,DIESEL,semiAutomatic,SILVER,25050,35446,0.710809342,4
CK19WNU,KIA,STONIC,5-6 years old,suv,PETROL,manual,WHITE,10100,53053,0.8034984881,8
RO21XUP,MAZDA,MAZDA3,3-4 years old,saloon,PETROL,automatic,BLACK,17250,34444,0.5992900823,5
LR70ORW,NISSAN,JUKE,3-4 years old,suv,PETROL,manual,BLUE,11750,33320,0.6922305468,8
KS21TVW,SEAT,LEON,3-4 years old,estate,PETROL,semiAutomatic,GREY,14900,46226,0.7534972973,7
KS21GBF,BMW,1 SERIES,3-4 years old,hatchback,DIESEL,manual,WHITE,14550,67983,0.8185080787,5
YC22OLP,AUDI,A4,3-4 years old,saloon,PETROL,semiAutomatic,BLACK,22370,30211,0.6358771676,5
PK70GJX,KIA,RIO,3-4 years old,hatchback,PETROL,manual,RED,9300,32581,0.7579488359,5
BD22ENF,CITROEN,C4,3-4 years old,hatchback,PETROL,semiAutomatic,GREY,15550,15886,0.8144397722,5
BG24SYR,VOLKSWAGEN,TAIGO,0-2 years old,suv,PETROL,automatic,BLACK,21400,13833,0.4316716436,8
RE22PLJ,TOYOTA,C-HR,3-4 years old,suv,PETROLELECTRICHYBRID,automatic,GREY,15850,48986,0.8159571805,8
NV23CUA,TOYOTA,YARIS,0-2 years old,hatchback,PETROLELECTRICHYBRID,automatic,WHITE,14900,41003,0.5114324958,5
EJ71YWM,FORD,PUMA,3-4 years old,suv,PETROL,manual,GREY,14250,22620,0.6738770985,8
DA70ATU,SKODA,KODIAQ,3-4 years old,suv,DIESEL,automatic,SILVER,20800,44223,0.9129150252,8
LP69NHX,MERCEDES-BENZ,CLA,5-6 years old,coupe,PETROL,semiAutomatic,WHITE,16690,71206,0.6875606583,4
FH21TGK,SUZUKI,IGNIS,3-4 years old,suv,PETROL,manual,YELLOW,12200,15219,0.5852132501,8
GV69VLU,SEAT,IBIZA,5-6 years old,hatchback,PETROL,manual,SILVER,14200,14596,0.8127964973,5
VK21BPF,VAUXHALL,CORSA,3-4 years old,hatchback,PETROL,manual,BLUE,10590,22113,0.7807076729,5
RE69UCF,BMW,5 SERIES,5-6 years old,saloon,PETROL,semiAutomatic,BLACK,19750,37282,0.7294818573,5
BK23WPL,KIA,NIRO,0-2 years old,suv,PETROLELECTRICHYBRID,automatic,ORANGE,19650,8460,0.5608743223,8
GN65XRS,PEUGEOT,3008,9+ years old,suv,DIESEL,manual,RED,6250,82872,0.4167524659,8
SB19DXK,RENAULT,CAPTUR,5-6 years old,suv,PETROL,manual,BLUE,8190,35291,0.4312015197,8
WV22GFO,HYUNDAI,TUCSON,3-4 years old,suv,PETROL,manual,BLUE,17950,41688,0.6692106179,8
BP71HXU,VAUXHALL,CROSSLAND,3-4 years old,suv,PETROL,manual,ORANGE,11900,18109,0.4229474515,8
AF69ZRO,TOYOTA,AYGO,5-6 years old,hatchback,PETROL,manual,RED,9650,25669,0.6334621188,5
YA69CXP,FIAT,500,5-6 years old,hatchback,PETROL,manual,GREY,8450,27379,0.7296316775,5
YB72OMY,KIA,SPORTAGE,0-2 years old,suv,DIESEL,automatic,WHITE,24450,22563,0.5294792015,8
CE18XYJ,MITSUBISHI,ECLIPSE CROSS,7-8 years old,suv,PETROL,semiAutomatic,GREY,11400,60140,0.6188580602,8
MM21PNJ,SKODA,FABIA,3-4 years old,hatchback,PETROL,semiAutomatic,BLUE,14650,16256,0.8191915409,5
FE67MWK,RENAULT,CAPTUR,7-8 years old,suv,PETROL,manual,RED,8600,39088,0.5728258999,8
GV21UMF,AUDI,A4,3-4 years old,saloon,DIESEL,semiAutomatic,BLUE,19500,24003,0.6433956827,5
MA21YNH,SKODA,FABIA,3-4 years old,hatchback,PETROL,semiAutomatic,GREY,13650,28479,0.8191915409,5
FE70YLT,VOLKSWAGEN,T-CROSS,3-4 years old,suv,PETROL,manual,BLACK,14100,31494,0.6490865382,8
BJ20XFM,SKODA,OCTAVIA,5-6 years old,estate,PETROL,manual,BLUE,14950,26869,0.7033420884,7
HK65CGF,BMW,3 SERIES,9+ years old,saloon,DIESEL,semiAutomatic,RED,12350,57947,0.8379845789,5
LL21HZA,AUDI,A3,3-4 years old,hatchback,PETROL,semiAutomatic,WHITE,19100,16778,0.7948188318,5
PRZ7854,VAUXHALL,MOKKA X,5-6 years old,suv,PETROL,manual,ORANGE,11000,26082,0.6647757553,8
ST19BFY,AUDI,Q5,5-6 years old,suv,DIESEL,semiAutomatic,WHITE,21490,47154,0.7645436408,8
HF20NLE,BMW,3 SERIES,5-6 years old,saloon,DIESEL,semiAutomatic,BLUE,22500,52320,0.5601459235,5
RX69HDU,FORD,FIESTA,5-6 years old,hatchback,PETROL,semiAutomatic,BLUE,12220,22390,0.582607772,5
VK22LTX,VAUXHALL,CORSA,3-4 years old,hatchback,PETROL,automatic,ORANGE,13260,14072,0.8284535811,5
WG67RUW,MERCEDES-BENZ,CLA,7-8 years old,coupe,PETROL,semiAutomatic,RED,14020,52809,0.6822956548,4
FD68VZE,HONDA,CIVIC,5-6 years old,hatchback,PETROL,automatic,WHITE,12650,47425,0.7677070218,5
WG18WOA,MERCEDES-BENZ,C-CLASS,7-8 years old,coupe,DIESEL,semiAutomatic,BLACK,17900,34281,0.7196005117,4
EK69MXD,SEAT,IBIZA,5-6 years old,hatchback,PETROL,manual,BLUE,12000,30492,0.773818125,5
VK21BND,VAUXHALL,CORSA,3-4 years old,hatchback,PETROL,manual,GREY,10800,14109,0.7807076729,5
ST72XBS,SEAT,ARONA,0-2 years old,suv,PETROL,manual,BLUE,13390,35742,0.4277293269,8
GX70RHK,MERCEDES-BENZ,A-CLASS,3-4 years old,hatchback,PETROL,manual,BLACK,15500,32417,0.796525978,5
AP22FZU,BMW,X1,3-4 years old,suv,DIESEL,semiAutomatic,BLUE,25900,28889,0.675536479,8
CF19HRR,FORD,FIESTA,5-6 years old,hatchback,PETROL,manual,GREY,10300,38328,0.3676533662,5
ET67SCX,FORD,FIESTA,7-8 years old,hatchback,PETROL,manual,BLACK,9500,23601,0.5885436695,5
SM20AUV,FORD,FOCUS,3-4 years old,hatchback,PETROL,manual,GREY,12500,22719,0.7566815442,5
NG71FYR,PEUGEOT,E-208,3-4 years old,hatchback,ELECTRIC,automatic,RED,11580,21714,0.6425736106,5
FN71NYU,KIA,STONIC,3-4 years old,suv,PETROL,manual,WHITE,12500,25467,0.721618098,8
BA21OGX,HYUNDAI,TUCSON,3-4 years old,suv,PETROLELECTRICHYBRID,semiAutomatic,SILVER,23650,17152,0.5908296575,8
LA18SLV,LAND ROVER,RANGE ROVER VELAR,5-6 years old,suv,PETROL,automatic,WHITE,25250,36499,0.6916489397,8
DE24FPF,CUPRA,FORMENTOR,0-2 years old,suv,PETROL,semiAutomatic,WHITE,20900,62649,0.8327926925,8
PJ19FXD,FIAT,500,5-6 years old,hatchback,PETROL,manual,GREY,7850,32240,0.7415576626,5
PY73BPK,NISSAN,ARIYA,0-2 years old,suv,ELECTRIC,automatic,BRONZE,24900,12795,0.2667090547,8
FG73SZW,KIA,STONIC,0-2 years old,suv,PETROL,automatic,BLACK,17300,21757,0.5223569599,8
DK20USL,MERCEDES-BENZ,CLA,5-6 years old,coupe,PETROL,semiAutomatic,WHITE,21900,46893,0.940422595,4
BP71FMU,HYUNDAI,KONA,3-4 years old,suv,ELECTRIC,automatic,BLUE,14500,25799,0.7449883555,8
HW68ARD,BMW,I8,5-6 years old,convertible,PETROLPLUGINELECTRICHYBRID,automatic,WHITE,51850,42564,0.4528278283,4
VA21LFX,VAUXHALL,CORSA,3-4 years old,hatchback,PETROL,manual,ORANGE,10900,3253,0.7692563879,5
LF18WHT,KIA,PICANTO,7-8 years old,hatchback,PETROL,manual,BLACK,8350,20208,0.7156880317,5
KM70VNZ,CITROEN,C3,3-4 years old,hatchback,PETROL,manual,BLUE,9600,42729,0.5404020589,5
DV71NDD,KIA,CEED,3-4 years old,estate,PETROL,manual,SILVER,16250,18667,0.7520126817,7
BP68RTZ,FORD,FOCUS,5-6 years old,hatchback,PETROL,manual,RED,10350,33711,0.7780295536,5
BG66VXY,VOLKSWAGEN,TIGUAN,7-8 years old,suv,DIESEL,semiAutomatic,WHITE,17900,53666,0.7842495398,8
SM21AYO,MERCEDES-BENZ,A-CLASS,3-4 years old,hatchback,PETROLPLUGINELECTRICHYBRID,semiAutomatic,BLACK,17400,31671,0.7795056823,5
CF71HTT,DACIA,DUSTER,3-4 years old,suv,PETROL,manual,GREY,12600,31513,0.6599203456,8
FP72UAE,VOLKSWAGEN,T-ROC,0-2 years old,suv,PETROL,manual,RED,20530,26881,0.5551866961,8
SL70ZYH,VOLVO,XC40,3-4 years old,suv,PETROL,manual,BLACK,18950,46253,0.8089152507,8
HN22HKC,MERCEDES-BENZ,GLE,3-4 years old,suv,PETROL,semiAutomatic,GREY,47400,37169,0.4282030535,8
HS19FJA,HYUNDAI,I10,5-6 years old,hatchback,PETROL,manual,WHITE,7900,35185,0.6535094247,5
SD18GKG,JAGUAR,E-PACE,7-8 years old,suv,PETROL,automatic,BLUE,18000,19234,0.8293446054,8
DL24FVP,FORD,PUMA,0-2 years old,suv,PETROL,semiAutomatic,GREY,19900,15596,0.5329472184,8
VO70FJY,VAUXHALL,CORSA,3-4 years old,hatchback,PETROL,manual,RED,10450,28306,0.7692563879,5
RJ72KDU,CITROEN,E-C4,0-2 years old,hatchback,ELECTRIC,automatic,BLACK,12950,25586,0.6943704415,5
KN69HSC,VOLVO,V90,5-6 years old,estate,PETROL,semiAutomatic,GREY,20000,36152,0.6792038053,7
YS70GJE,FORD,FIESTA,3-4 years old,hatchback,PETROL,manual,BLUE,10960,42248,0.7268279387,5
PF69GJE,KIA,SPORTAGE,5-6 years old,suv,PETROL,manual,BLUE,15190,29562,0.7391884959,8
VN20CXX,VOLKSWAGEN,ARTEON,5-6 years old,hatchback,PETROL,semiAutomatic,GREY,18720,66840,0.7108943092,5
DK70XWR,MG,MG3,3-4 years old,hatchback,PETROL,manual,YELLOW,9550,24160,0.7982490024,5
CK22AJX,HYUNDAI,IONIQ,3-4 years old,hatchback,ELECTRIC,automatic,WHITE,11300,27972,0.6446326375,5
YB70YFH,SEAT,ARONA,3-4 years old,suv,PETROL,semiAutomatic,WHITE,13500,17868,0.9464858846,8
MM70KME,LAND ROVER,RANGE ROVER EVOQUE,3-4 years old,suv,PETROLPLUGINELECTRICHYBRID,automatic,GREY,18570,57484,0.8229505554,8
YS70YFV,FORD,FIESTA,3-4 years old,hatchback,PETROL,manual,BLACK,12000,30368,0.7268279387,5
FP16KVE,VOLKSWAGEN,GOLF,9+ years old,hatchback,PETROL,semiAutomatic,RED,12800,26089,0.3736535532,5
LR22HLG,PEUGEOT,3008,3-4 years old,suv,PETROL,semiAutomatic,GREY,14900,50678,0.7618570162,8
KP18FBA,PEUGEOT,5008,7-8 years old,suv,DIESEL,manual,BLACK,12900,73629,0.6377059037,8
GN19JXE,VOLVO,XC60,5-6 years old,suv,PETROL,semiAutomatic,BLACK,23000,49186,0.6673134742,8
DC21FZN,VOLKSWAGEN,TIGUAN,3-4 years old,suv,PETROL,semiAutomatic,WHITE,21850,52640,0.7643419923,8
LG70YEU,KIA,NIRO,3-4 years old,suv,PETROLELECTRICHYBRID,automatic,RED,17300,18372,0.7738137936,8
YW19VZZ,LAND ROVER,RANGE ROVER SPORT,5-6 years old,suv,DIESEL,semiAutomatic,BLACK,31450,45631,0.4927848507,8
WP23NFO,NISSAN,JUKE,0-2 years old,suv,PETROL,manual,SILVER,12600,28454,0.6576663151,8
YA73XZJ,VOLKSWAGEN,POLO,0-2 years old,hatchback,PETROL,manual,BLUE,16850,23139,0.5906678598,5
SM68NMU,TOYOTA,AYGO,5-6 years old,hatchback,PETROL,manual,BLUE,8890,24883,0.6266606252,5
GU71EVC,LEXUS,UX,3-4 years old,suv,ELECTRIC,automatic,GREY,15900,20292,0.5853837731,8
PE18KTU,FIAT,500,7-8 years old,hatchback,PETROL,manual,WHITE,6750,32582,0.7319694771,5
FH17XPO,FORD,FIESTA,7-8 years old,hatchback,PETROL,manual,SILVER,7950,41692,0.6192602866,5
BR21PUK,TOYOTA,YARIS,3-4 years old,hatchback,PETROLELECTRICHYBRID,automatic,WHITE,16890,9791,0.5051607483,5
SL21CDF,TOYOTA,AYGO,3-4 years old,hatchback,PETROL,manual,GREY,8850,27728,0.6707958407,5
WV20YRA,MITSUBISHI,OUTLANDER,5-6 years old,suv,PETROLPLUGINELECTRICHYBRID,automatic,BLACK,16900,44197,0.7572970617,8
LR20CZS,VOLKSWAGEN,GOLF,5-6 years old,hatchback,PETROL,semiAutomatic,GREY,16850,33264,0.6316324047,5
YT69EPZ,TOYOTA,C-HR,5-6 years old,suv,PETROLELECTRICHYBRID,automatic,WHITE,13890,54912,0.7172861441,8
MT21HYV,PEUGEOT,3008,3-4 years old,suv,PETROL,manual,WHITE,16700,27125,0.6688939427,8
MJ70XMZ,SKODA,KAROQ,3-4 years old,suv,PETROL,automatic,GREY,20200,39483,0.7692253029,8
WG22CLJ,AUDI,A4,3-4 years old,saloon,PETROL,manual,BLACK,17700,34439,0.8568921774,5
EF22MVT,HYUNDAI,KONA,3-4 years old,suv,PETROL,manual,WHITE,15000,18097,0.5253258003,8
OV71YHO,HYUNDAI,IONIQ 5,3-4 years old,suv,ELECTRIC,automatic,GREY,18380,23196,0.6286737019,8
NK17MUO,BMW,2 SERIES,7-8 years old,convertible,PETROL,manual,BLACK,12150,42679,0.4083387861,4
KM21UMD,LAND ROVER,RANGE ROVER EVOQUE,3-4 years old,suv,DIESEL,automatic,RED,22200,37544,0.6300130254,8
KS73XUP,SUZUKI,SWIFT,0-2 years old,hatchback,PETROL,manual,RED,13300,7124,0.7216202494,5
FL21GCV,HYUNDAI,TUCSON,3-4 years old,suv,PETROL,manual,BLUE,18800,42549,0.7132848609,8
KS70ESG,CITROEN,C5 AIRCROSS,3-4 years old,suv,DIESEL,semiAutomatic,GREY,16650,18936,0.6632632694,8
VA21XMJ,VOLKSWAGEN,TIGUAN,3-4 years old,suv,PETROL,semiAutomatic,BLACK,22900,46955,0.7643419923,8
BA69OUO,VOLKSWAGEN,POLO,5-6 years old,hatchback,PETROL,manual,RED,14400,30508,0.54104327,5
RF21YFZ,SMART,FORTWO COUPE,3-4 years old,coupe,ELECTRIC,automatic,SILVER,8650,25039,0.7167181624,4
FD17XKB,TOYOTA,YARIS,7-8 years old,hatchback,PETROLELECTRICHYBRID,automatic,BRONZE,11400,28155,0.7389302461,5
L17KTB,SEAT,ARONA,5-6 years old,suv,PETROL,manual,BLUE,10750,56275,0.7431757904,8
W26BOS,MERCEDES-BENZ,C-CLASS,7-8 years old,convertible,DIESEL,automatic,BLACK,19150,27574,0.6898241682,4
DG70XAJ,VOLVO,XC40,3-4 years old,suv,PETROLPLUGINELECTRICHYBRID,semiAutomatic,BLUE,23290,21927,0.7979980186,8
NU66WZZ,VAUXHALL,CORSA,7-8 years old,hatchback,PETROL,manual,BLUE,7850,24789,0.5924325782,5
FL69MGY,VAUXHALL,ASTRA,5-6 years old,hatchback,PETROL,manual,BLACK,8300,63443,0.6911102349,5
WR22KKW,AUDI,A1,3-4 years old,hatchback,PETROL,manual,BLACK,15150,46803,0.7318844269,5
MJ69MPO,PEUGEOT,2008,5-6 years old,suv,PETROL,manual,BLACK,7600,64011,0.7246585203,8
AK74OAJ,FORD,FOCUS,0-2 years old,estate,PETROL,automatic,WHITE,21400,8803,0.2874170738,7
BT72AFX,VAUXHALL,CROSSLAND,0-2 years old,suv,PETROL,semiAutomatic,BLUE,13990,13596,0.6137825576,8
LR71NLM,SKODA,KAROQ,3-4 years old,suv,PETROL,automatic,BLUE,20900,7951,0.6859159253,8
BN68UFX,FORD,FOCUS,5-6 years old,hatchback,PETROL,manual,SILVER,12900,33995,0.8022760664,5
CF21UZG,KIA,SOUL,3-4 years old,suv,ELECTRIC,automatic,WHITE,12950,51402,0.7005016896,8
AE19ZTG,VAUXHALL,CORSA,5-6 years old,hatchback,PETROL,manual,SILVER,10150,12050,0.9032277964,5
WT68EOM,FORD,FIESTA,5-6 years old,hatchback,PETROL,manual,WHITE,9200,54831,0.6545487223,5
AK74EBP,SKODA,KAMIQ,0-2 years old,suv,PETROL,semiAutomatic,GREY,19360,3709,0.1710589831,8
YY70RVJ,LAND ROVER,DISCOVERY SPORT,3-4 years old,suv,DIESEL,automatic,BLUE,21500,47478,0.8665971311,8
LP67JNU,KIA,PICANTO,7-8 years old,hatchback,PETROL,automatic,RED,11800,12567,0.6758470365,5
FP22WVL,KIA,SPORTAGE,3-4 years old,suv,PETROLELECTRICHYBRID,automatic,RED,22490,29704,0.8344546325,8
WF21NBZ,SMART,FORFOUR,3-4 years old,hatchback,ELECTRIC,automatic,BLACK,8600,16958,0.8556082381,5
SD69XXT,SEAT,ARONA,5-6 years old,suv,PETROL,manual,RED,12280,29041,0.7101457646,8
WX68OYK,FORD,FIESTA VIGNALE,5-6 years old,hatchback,PETROL,semiAutomatic,GREY,9800,77772,0.3153716436,5
AX72KDZ,VAUXHALL,MOKKA-E,0-2 years old,suv,ELECTRIC,automatic,BLUE,14600,16257,0.7316219578,8
WR70PKO,KIA,NIRO,3-4 years old,suv,PETROLPLUGINELECTRICHYBRID,automatic,SILVER,15750,52095,0.6678196122,8
SM19EHX,LAND ROVER,RANGE ROVER SPORT,5-6 years old,suv,DIESEL,semiAutomatic,RED,26660,65363,0.6579317828,8
CX24XFO,SKODA,FABIA,0-2 years old,hatchback,PETROL,manual,WHITE,14270,13537,0.4291530241,5
FT22RHF,HONDA,HR-V,3-4 years old,suv,PETROLELECTRICHYBRID,automatic,BLACK,20500,26113,0.3900154541,8
NL22ETJ,FIAT,500E,3-4 years old,hatchback,ELECTRIC,automatic,WHITE,10890,28626,0.7940806141,5
MW21ZTV,SKODA,FABIA,3-4 years old,hatchback,PETROL,semiAutomatic,BLUE,14400,21258,0.8191915409,5
VN70KXU,VAUXHALL,CORSA,3-4 years old,hatchback,PETROL,manual,GREY,10150,25754,0.7807076729,5
FH70NTG,FORD,FOCUS,3-4 years old,hatchback,DIESEL,manual,RED,13900,28424,0.8141000105,5
WM70PSU,MERCEDES-BENZ,E-CLASS,3-4 years old,coupe,DIESEL,semiAutomatic,BLACK,25750,32887,0.710809342,4
SB67BWM,NISSAN,QASHQAI,7-8 years old,suv,PETROL,manual,BLUE,11250,30262,0.7505074257,8
YS68ATV,KIA,SPORTAGE,5-6 years old,suv,DIESEL,automatic,GREY,15890,37959,0.6052553298,8
YL19VTE,SEAT,LEON,5-6 years old,estate,PETROL,manual,BLUE,9900,67387,0.668631507,7
DSZ6760,CITROEN,C3,5-6 years old,hatchback,PETROL,manual,RED,9200,32896,0.6463707083,5
KT19OPU,CITROEN,C3,5-6 years old,hatchback,PETROL,manual,RED,8500,53065,0.6463707083,5
RE71HFJ,TOYOTA,YARIS CROSS,3-4 years old,estate,PETROLELECTRICHYBRID,automatic,RED,18400,11875,0.5004442571,7
YY71VEK,VOLVO,XC40,3-4 years old,suv,ELECTRIC,automatic,GREY,22850,29641,0.4572513775,8
VK22UVT,AUDI,Q2,3-4 years old,suv,PETROL,manual,BLUE,16400,52477,0.6849116876,8
CF70YUE,VOLVO,XC40,3-4 years old,suv,PETROL,semiAutomatic,BLACK,25400,15995,0.8296875274,8
KV17WYS,AUDI,A5,7-8 years old,coupe,DIESEL,semiAutomatic,BLACK,13700,75356,0.7880768423,4
YS22LVO,FORD,MUSTANG MACH-E,3-4 years old,suv,ELECTRIC,automatic,BLACK,24600,42241,0.5818660357,8
FV70UXF,CITROEN,C5 AIRCROSS,3-4 years old,suv,DIESEL,manual,BLACK,13050,33408,0.7578495435,8
SV21XNR,VOLKSWAGEN,PASSAT,3-4 years old,saloon,DIESEL,manual,BLACK,13700,79956,0.7990836527,5
WM19DCZ,MERCEDES-BENZ,C-CLASS,5-6 years old,saloon,PETROL,semiAutomatic,SILVER,19050,36053,0.4414651686,5
LV21HLW,LAND ROVER,RANGE ROVER SPORT,3-4 years old,suv,DIESEL,semiAutomatic,BLACK,33080,70581,0.1971260293,8
LN71KPR,MERCEDES-BENZ,A-CLASS,3-4 years old,hatchback,PETROL,semiAutomatic,WHITE,17500,27548,0.9050932449,5
DA22KOE,KIA,NIRO,3-4 years old,suv,PETROLELECTRICHYBRID,automatic,WHITE,15600,34329,0.8348416719,8
BL21LRO,NISSAN,JUKE,3-4 years old,suv,PETROL,manual,BLUE,11890,45525,0.6673581562,8
DE70FBU,TOYOTA,AYGO,3-4 years old,hatchback,PETROL,manual,GREY,11350,22641,0.5661575235,5
MH23ODW,NISSAN,LEAF,0-2 years old,hatchback,ELECTRIC,automatic,GREY,11900,11353,0.4327252831,5
G11HRR,SUZUKI,SWIFT,3-4 years old,hatchback,PETROL,manual,WHITE,10750,23867,0.7216202494,5
RF21XJC,VOLKSWAGEN,T-CROSS,3-4 years old,suv,PETROL,automatic,BLUE,16390,16725,0.8204613675,8
BF19HYP,CITROEN,C3,5-6 years old,hatchback,PETROL,manual,RED,9900,14295,0.7290862572,5
VO21NNP,VOLKSWAGEN,TIGUAN,3-4 years old,suv,PETROL,semiAutomatic,WHITE,24000,33326,0.7643419923,8
VF21WPW,VAUXHALL,CORSA-E,3-4 years old,hatchback,ELECTRIC,automatic,ORANGE,10800,22454,0.8840726497,5
ML69MVC,KIA,PICANTO,5-6 years old,hatchback,PETROL,manual,BLUE,8850,26047,0.6118070059,5
LS21HHR,MERCEDES-BENZ,C-CLASS,3-4 years old,saloon,DIESELPLUGINELECTRICHYBRID,semiAutomatic,BLUE,17700,65246,0.7867046087,5
LC21NFZ,KIA,SPORTAGE,3-4 years old,suv,DIESEL,manual,GREY,12000,72201,0.8806928511,8
FP71HXN,HYUNDAI,I20,3-4 years old,hatchback,PETROL,manual,GREY,11690,31385,0.620436851,5
HV71WSK,BMW,3 SERIES,3-4 years old,saloon,PETROL,semiAutomatic,WHITE,21200,43540,0.8637236279,5
WD18FGK,ALFA ROMEO,GIULIA,7-8 years old,saloon,DIESEL,semiAutomatic,BLACK,17650,42000,0.4002248705,5
BF67ZRZ,SUZUKI,IGNIS,7-8 years old,suv,PETROL,manual,WHITE,8950,30495,0.7025731597,8
SA67KEU,TOYOTA,YARIS,7-8 years old,hatchback,PETROL,manual,RED,7650,59497,0.6511475148,5
FX20JXM,FORD,FIESTA,3-4 years old,hatchback,PETROL,manual,RED,12400,20721,0.7268279387,5
YV23WJL,PEUGEOT,208,0-2 years old,hatchback,PETROL,semiAutomatic,BLACK,15100,19474,0.4379980628,5
CX70XZL,SEAT,LEON,3-4 years old,hatchback,PETROL,semiAutomatic,RED,21050,44994,0.6527953242,5
DV23VNF,NISSAN,JUKE,0-2 years old,suv,PETROL,manual,BLACK,13200,36386,0.6673581562,8
YO21AVB,AUDI,A5,3-4 years old,hatchback,DIESEL,semiAutomatic,BLUE,22650,45041,0.6239880345,5
RA18ZFN,MERCEDES-BENZ,A-CLASS,5-6 years old,hatchback,PETROL,semiAutomatic,WHITE,19150,31357,0.6160486934,5
VE21AMO,LEXUS,UX,3-4 years old,suv,PETROLELECTRICHYBRID,automatic,BLUE,17100,45592,0.4432185522,8
RX69KUO,FORD,FIESTA,5-6 years old,hatchback,PETROL,manual,WHITE,10710,25659,0.5885436695,5
DS69HKF,VAUXHALL,CROSSLAND X,5-6 years old,suv,PETROL,manual,BLUE,9300,38859,0.3080004378,8
RO70UUG,VAUXHALL,CORSA,3-4 years old,hatchback,PETROL,manual,GREY,8900,63039,0.7692563879,5
LL72ULZ,MERCEDES-BENZ,A-CLASS,0-2 years old,hatchback,PETROL,semiAutomatic,WHITE,20900,35857,0.7651016989,5
K7HPB,BMW,3 SERIES,7-8 years old,saloon,DIESEL,semiAutomatic,BLUE,14300,69994,0.4955428013,5
SL21BRX,VOLKSWAGEN,POLO,3-4 years old,hatchback,PETROL,manual,BLACK,14750,25416,0.6007810036,5
CF22ZFK,DS,DS 7 CROSSBACK,3-4 years old,suv,PETROLPLUGINELECTRICHYBRID,semiAutomatic,GREY,19000,25634,0.7805271697,8
HT19HFK,BMW,4 SERIES GRAN COUPE,5-6 years old,hatchback,DIESEL,semiAutomatic,BLUE,16250,64019,0.6224044456,5
LM21HPP,TOYOTA,C-HR,3-4 years old,suv,PETROLELECTRICHYBRID,automatic,WHITE,14000,70220,0.8159571805,8
WX20OEY,FORD,ECOSPORT,5-6 years old,suv,PETROL,manual,BLUE,11300,37676,0.5574629815,8
YF22GGO,VOLKSWAGEN,POLO,3-4 years old,hatchback,PETROL,manual,WHITE,15900,26519,0.6503199879,5
LC21CNE,BMW,3 SERIES,3-4 years old,saloon,PETROL,semiAutomatic,WHITE,26300,15987,0.6280674153,5
NL21OJV,KIA,E-NIRO,3-4 years old,suv,ELECTRIC,automatic,SILVER,13000,61188,0.7100866966,8
CF21VUA,AUDI,A3,3-4 years old,hatchback,PETROLPLUGINELECTRICHYBRID,semiAutomatic,BLUE,17520,50652,0.6898674611,5
NC21JUX,VOLKSWAGEN,POLO,3-4 years old,hatchback,PETROL,semiAutomatic,BLACK,17700,7103,0.6303112588,5
MJ21OSA,VOLKSWAGEN,T-ROC,3-4 years old,suv,PETROL,semiAutomatic,WHITE,19450,25849,0.8008007235,8
MF19MKO,VAUXHALL,MOKKA X,5-6 years old,suv,PETROL,manual,ORANGE,9750,38567,0.7248686313,8
PF19XLN,BMW,I3,5-6 years old,hatchback,ELECTRIC,automatic,BLACK,9950,43864,0.6585994294,5
DU21KGK,PEUGEOT,E-2008,3-4 years old,suv,ELECTRIC,automatic,WHITE,11850,54732,0.7544094133,8
DA71FHP,FORD,KUGA,3-4 years old,suv,PETROLELECTRICHYBRID,automatic,WHITE,19700,35780,0.6634708679,8
YP21HFM,FORD,FIESTA,3-4 years old,hatchback,PETROL,manual,BLACK,13900,13803,0.7343654421,5
MW71EJU,AUDI,Q2,3-4 years old,suv,PETROL,manual,GREY,18150,23109,0.6849116876,8
LS72VKF,TOYOTA,YARIS CROSS,0-2 years old,estate,PETROLELECTRICHYBRID,automatic,BLACK,19900,28620,0.525547417,7
EJ70VAD,FORD,FOCUS,3-4 years old,hatchback,PETROL,automatic,BLUE,11400,42047,0.6817118391,5
KV68AMO,PEUGEOT,308,5-6 years old,hatchback,DIESEL,manual,GREY,8400,44938,0.7099364589,5
OV70RPX,BMW,3 SERIES,3-4 years old,estate,PETROL,semiAutomatic,GREY,21500,41712,0.8621172068,7
EA19OOU,FORD,FIESTA,5-6 years old,hatchback,PETROL,manual,SILVER,10300,50703,0.6528363667,5
FN71NCV,TOYOTA,YARIS,3-4 years old,hatchback,PETROLELECTRICHYBRID,automatic,BLUE,14700,15809,0.6770300573,5
CE68SNX,FORD,FIESTA,5-6 years old,hatchback,PETROL,manual,BLUE,10900,43752,0.6193633236,5
LE71FOT,BMW,3 SERIES,3-4 years old,estate,PETROLPLUGINELECTRICHYBRID,semiAutomatic,BLUE,18820,63230,0.8631232066,7
SB71LCF,FORD,ECOSPORT,3-4 years old,suv,PETROL,manual,BLUE,13900,14677,0.5868002265,8
KP68MMJ,BMW,5 SERIES,5-6 years old,saloon,DIESEL,semiAutomatic,BLACK,18900,56236,0.3729662877,5
MT23UVA,VOLKSWAGEN,GOLF,0-2 years old,hatchback,PETROL,semiAutomatic,GREY,23840,6169,0.7630685448,5
EK70HVW,DACIA,SANDERO STEPWAY,3-4 years old,hatchback,PETROL,manual,GREY,8600,24256,0.6884489537,5
NU68YUC,SEAT,IBIZA,5-6 years old,hatchback,PETROL,manual,RED,9950,46359,0.7450907166,5
LN22UXE,NISSAN,QASHQAI,3-4 years old,suv,PETROL,semiAutomatic,BLACK,20600,32745,0.531700793,8
WJ24XMY,CITROEN,C4 X,0-2 years old,saloon,PETROL,semiAutomatic,BLACK,14900,23296,0.3404990302,5
NL21OZG,KIA,NIRO,3-4 years old,suv,PETROLPLUGINELECTRICHYBRID,automatic,SILVER,17890,26669,0.6678196122,8
CA72HZC,CITROEN,C3 AIRCROSS,0-2 years old,suv,PETROL,manual,WHITE,13250,24059,0.6760938951,8
HR04OSS,FORD,PUMA,3-4 years old,suv,PETROL,manual,BLUE,14890,13743,0.7128731303,8
BW66JXB,RENAULT,CLIO,7-8 years old,hatchback,PETROL,manual,RED,8300,42695,0.6644867023,5
YC21SBL,VAUXHALL,CORSA,3-4 years old,hatchback,PETROL,manual,ORANGE,9720,32631,0.7692563879,5
BN70NFU,SEAT,ARONA,3-4 years old,suv,PETROL,semiAutomatic,BLACK,13550,35006,0.6929452211,8
SA20NUH,VOLKSWAGEN,POLO,5-6 years old,hatchback,PETROL,manual,RED,13900,22063,0.7191443889,5
WG19KGU,SEAT,TARRACO,5-6 years old,suv,PETROL,automatic,GREY,19600,42405,0.7397347295,8
GY22NLM,FORD,FIESTA,3-4 years old,hatchback,PETROL,manual,RED,12050,16025,0.6812974381,5
MF19FDC,VAUXHALL,MOKKA X,5-6 years old,suv,PETROL,manual,GREY,9400,43025,0.7248686313,8
OY19NWT,LAND ROVER,RANGE ROVER EVOQUE,5-6 years old,suv,PETROL,automatic,WHITE,20800,40824,0.3640669198,8
VK21NBE,VOLKSWAGEN,T-CROSS,3-4 years old,suv,PETROL,manual,BLUE,13920,35860,0.6782556641,8
YH22EKF,VOLKSWAGEN,ID.4,3-4 years old,suv,ELECTRIC,automatic,WHITE,15600,45129,0.7671850243,8
MJ71FZU,SKODA,KODIAQ,3-4 years old,suv,DIESEL,automatic,GREY,22870,45762,0.6552799247,8
VN22PHK,VAUXHALL,CORSA-E,3-4 years old,hatchback,ELECTRIC,automatic,GREY,11650,23311,0.7385442986,5
LY71GFO,KIA,EV6,3-4 years old,suv,ELECTRIC,automatic,BLUE,24500,17488,0.6502423891,8
GJ69HCL,LEXUS,NX,5-6 years old,suv,PETROLELECTRICHYBRID,automatic,BLACK,19400,65999,0.5951584094,8
WF19YCW,AUDI,A4,5-6 years old,saloon,PETROL,manual,WHITE,16540,31033,0.7653117148,5
SL69HNH,LEXUS,UX,5-6 years old,suv,PETROLELECTRICHYBRID,automatic,BLUE,14490,75710,0.5206703772,8
KW72MDJ,DACIA,DUSTER,0-2 years old,suv,PETROL,semiAutomatic,WHITE,16400,15432,0.4256728324,8
MV68NMY,KIA,PICANTO,5-6 years old,hatchback,PETROL,manual,WHITE,7400,45627,0.7156880317,5
LC18XKV,SMART,FORFOUR,7-8 years old,hatchback,PETROL,automatic,GREY,10850,12937,0.5864800665,5
DL21GXN,FORD,FIESTA,3-4 years old,hatchback,PETROL,manual,GREY,12350,29025,0.7008949825,5
YC22UXN,AUDI,A1,3-4 years old,hatchback,PETROL,manual,WHITE,17050,11521,0.6398742638,5
KK19PNE,CITROEN,C3 AIRCROSS,5-6 years old,suv,DIESEL,manual,BLUE,10050,45100,0.669681982,8
YH20KGJ,SEAT,IBIZA,5-6 years old,hatchback,PETROL,manual,BLUE,12950,27265,0.5122154456,5
DA73WYG,FORD,FOCUS,0-2 years old,hatchback,PETROL,manual,BLUE,17450,27637,0.5591269648,5
SB19OBT,RENAULT,CAPTUR,5-6 years old,suv,DIESEL,manual,BLUE,10300,23691,0.6253452214,8
MF68KZE,AUDI,Q5,5-6 years old,suv,DIESEL,semiAutomatic,SILVER,19300,72377,0.7271728219,8
LA22UTO,DS,DS 7 CROSSBACK,3-4 years old,suv,PETROLPLUGINELECTRICHYBRID,semiAutomatic,BLACK,18400,32829,0.8098485482,8
NU22OJZ,FORD,PUMA,3-4 years old,suv,PETROL,manual,GREY,15250,40121,0.6526485189,8
MD67AUC,FORD,FIESTA,7-8 years old,hatchback,PETROL,manual,SILVER,8450,51713,0.8080563329,5
SA21JTK,JAGUAR,F-PACE,3-4 years old,suv,DIESEL,automatic,WHITE,26490,26242,0.6936956895,8
SH72UCW,TOYOTA,YARIS CROSS,0-2 years old,estate,PETROLELECTRICHYBRID,automatic,WHITE,19890,11959,0.5004442571,7
EA20KCC,MINI,CLUBMAN,5-6 years old,estate,PETROL,manual,WHITE,19370,14833,0.4874286169,7
WF68JXN,MERCEDES-BENZ,C-CLASS,5-6 years old,coupe,PETROL,semiAutomatic,GREY,15600,73691,0.8752836166,4
HJ70HDZ,TOYOTA,COROLLA TOURING SPORT,3-4 years old,estate,PETROLELECTRICHYBRID,automatic,BLACK,13900,69131,0.8441437952,7
HC19FHX,AUDI,Q3,5-6 years old,suv,DIESEL,manual,BLACK,20650,37546,0.5371023771,8
GJ70JNL,VOLKSWAGEN,PASSAT,3-4 years old,saloon,PETROL,semiAutomatic,GREY,16900,25499,0.8528313891,5
MM22XUK,RENAULT,KADJAR,3-4 years old,suv,PETROL,manual,RED,14950,18796,0.6419320938,8
SD71VKZ,MG,ZS,3-4 years old,suv,PETROL,manual,ORANGE,11300,29246,0.6858558469,8
CV71WTP,PEUGEOT,3008,3-4 years old,suv,PETROL,semiAutomatic,GREY,20900,12094,0.3548858462,8
BG71EUK,VOLKSWAGEN,GOLF,3-4 years old,hatchback,PETROL,manual,GREY,19850,18296,0.6152056805,5
OM60MEN,HONDA,CIVIC,5-6 years old,hatchback,PETROL,automatic,BLACK,14400,49220,0.785092941,5
YP21JCO,BMW,X1,3-4 years old,suv,PETROL,semiAutomatic,GREY,20200,38136,0.7997110096,8
YD73MJF,SKODA,OCTAVIA,0-2 years old,hatchback,PETROL,manual,BLACK,17510,8170,0.795508983,5
BJ71YVX,HYUNDAI,TUCSON,3-4 years old,suv,PETROL,manual,RED,18990,22565,0.7132848609,8
DE22XLP,AUDI,A3,3-4 years old,saloon,PETROL,semiAutomatic,WHITE,19600,33301,0.6830894499,5
LM19JFE,MERCEDES-BENZ,A-CLASS,5-6 years old,hatchback,PETROL,manual,GREY,13800,61695,0.5658895399,5
KM19VNO,VOLKSWAGEN,TIGUAN,5-6 years old,suv,DIESEL,semiAutomatic,BLACK,20200,55863,0.8005109836,8
DX22JZH,FORD,PUMA,3-4 years old,suv,PETROL,manual,BLACK,14800,59674,0.6165790142,8
DV20TKF,VAUXHALL,CROSSLAND X,5-6 years old,suv,PETROL,manual,GREY,10650,14617,0.5582820374,8
MX70OKH,LAND ROVER,RANGE ROVER EVOQUE,3-4 years old,suv,PETROLPLUGINELECTRICHYBRID,automatic,GREY,21200,36568,0.6319925573,8
LL73NWY,BMW,IX1,0-2 years old,suv,ELECTRIC,automatic,WHITE,29900,23989,0.2371025658,8
YC70ZKL,VOLKSWAGEN,POLO,3-4 years old,hatchback,PETROL,manual,WHITE,13400,38105,0.7191443889,5
GL18XPJ,AUDI,A4 AVANT,7-8 years old,estate,PETROL,semiAutomatic,GREY,20600,31274,0.417927347,7
HF70JGX,FORD,PUMA,3-4 years old,suv,PETROL,manual,RED,13890,10269,0.7542308482,8
BN22DKA,VAUXHALL,ASTRA,0-2 years old,hatchback,PETROL,semiAutomatic,YELLOW,16300,23266,0.5673980169,5
CV22ZNW,SKODA,KODIAQ,3-4 years old,suv,PETROL,manual,WHITE,20300,41904,0.7078835751,8
NJ19RHY,DS,DS 3,5-6 years old,hatchback,PETROL,semiAutomatic,RED,8200,48276,0.8676866294,5
DG23OOE,SKODA,KAROQ,0-2 years old,suv,PETROL,automatic,SILVER,26140,7152,0.3841377367,8
WD68WJA,SEAT,ARONA,5-6 years old,suv,PETROL,manual,BLACK,11250,58440,0.7101457646,8
YH18YPC,RENAULT,TWINGO,7-8 years old,hatchback,PETROL,manual,BLACK,8850,25992,0.3210330844,5
YR19DZE,SEAT,IBIZA,5-6 years old,hatchback,PETROL,manual,BLACK,11900,44257,0.8127964973,5
DP19YXL,VAUXHALL,CROSSLAND X,5-6 years old,suv,PETROL,manual,GREY,8400,60943,0.5582820374,8
KK18WKM,MINI,HATCHBACK,7-8 years old,hatchback,PETROL,manual,GREY,10750,34775,0.7206605631,5
LL20FVF,MERCEDES-BENZ,A-CLASS,5-6 years old,saloon,DIESEL,semiAutomatic,GREY,16930,30460,0.4614970327,5
NU21CUA,CITROEN,C3,3-4 years old,hatchback,PETROL,manual,GREY,10650,17302,0.7598874654,5
YR22UXH,VOLVO,XC40,3-4 years old,suv,ELECTRIC,automatic,BLACK,22200,37127,0.4396102944,8
NA22FRL,FORD,KUGA,3-4 years old,suv,PETROL,manual,SILVER,15700,58285,0.6192967167,8
NL71SNV,KIA,XCEED,3-4 years old,hatchback,PETROL,manual,BRONZE,16400,28813,0.5131941017,5
Y55ONN,VAUXHALL,CROSSLAND X,7-8 years old,suv,PETROL,manual,RED,8700,39561,0.5340918252,8
LA21FXG,AUDI,Q5,3-4 years old,suv,PETROL,semiAutomatic,WHITE,25150,70577,0.463400133,8
FL20XXE,JAGUAR,E-PACE,5-6 years old,suv,DIESEL,automatic,GREY,17850,61493,0.7739222911,8
FV22WEA,FORD,PUMA,3-4 years old,suv,PETROL,semiAutomatic,WHITE,18200,40425,0.5835296981,8
KN21ZLO,MERCEDES-BENZ,C-CLASS,3-4 years old,coupe,PETROL,semiAutomatic,BLACK,21100,37039,0.8612487519,4
FY22XBF,BMW,I4 GRAN COUPE,3-4 years old,hatchback,ELECTRIC,automatic,BLUE,27800,69042,0.4323329224,5
YR22OXM,FIAT,500E,3-4 years old,hatchback,ELECTRIC,automatic,GREY,14190,17954,0.6439433514,5
YP22VSV,PEUGEOT,E-208,3-4 years old,hatchback,ELECTRIC,automatic,BLUE,13550,21036,0.6546918538,5
VE21XUB,VOLKSWAGEN,ID.4,3-4 years old,suv,ELECTRIC,automatic,WHITE,14700,76118,0.7035059273,8
LL71CDX,HYUNDAI,TUCSON,3-4 years old,suv,PETROLELECTRICHYBRID,semiAutomatic,BLACK,21900,42479,0.5908296575,8
WN71HHU,MINI,HATCHBACK,3-4 years old,hatchback,ELECTRIC,automatic,GREY,16150,16028,0.9269801223,5
YR22KVO,SKODA,FABIA,3-4 years old,hatchback,PETROL,manual,GREY,14650,10993,0.6326273758,5
HW70EXL,MINI,HATCHBACK,3-4 years old,hatchback,PETROL,semiAutomatic,RED,18400,9260,0.4321867776,5
HF70LVT,FORD,FIESTA,3-4 years old,hatchback,PETROL,manual,RED,10890,19348,0.6894393382,5
MF23LZL,HYUNDAI,TUCSON,0-2 years old,suv,PETROL,semiAutomatic,RED,21480,12021,0.7033157387,8
SW19PNU,VAUXHALL,GRANDLAND X,5-6 years old,suv,PETROL,manual,BLUE,11400,28299,0.4790856211,8
N321CDM,BMW,5 SERIES,5-6 years old,saloon,PETROLPLUGINELECTRICHYBRID,semiAutomatic,BLACK,17900,54507,0.6700545358,5
DV22ZKE,AUDI,A3,3-4 years old,saloon,PETROL,semiAutomatic,GREY,19700,31622,0.5297716794,5
RO72OWD,VOLKSWAGEN,ID.4,0-2 years old,suv,ELECTRIC,automatic,BLUE,18790,16552,0.7671850243,8
YF68UEZ,NISSAN,QASHQAI,5-6 years old,suv,DIESEL,manual,GREY,10850,34809,0.5433533105,8
LP19CKK,MERCEDES-BENZ,B-CLASS,5-6 years old,hatchback,PETROL,semiAutomatic,BLACK,17450,17397,0.2856941506,5
MF21JTU,PEUGEOT,208,3-4 years old,hatchback,PETROL,manual,BLUE,11500,43898,0.5780245855,5
BP69HZG,FORD,FOCUS,5-6 years old,hatchback,PETROL,manual,GREY,11800,31924,0.7566815442,5
GJ70EGC,AUDI,Q3,3-4 years old,suv,PETROL,semiAutomatic,GREY,23700,32405,0.7157819374,8
WL23DXJ,PEUGEOT,208,0-2 years old,hatchback,PETROL,semiAutomatic,BLACK,15340,9772,0.4379980628,5
PG21UOE,BMW,4 SERIES,3-4 years old,convertible,PETROL,semiAutomatic,BLUE,34900,35217,0.436631487,4
VE69OXM,VAUXHALL,GRANDLAND X,5-6 years old,suv,DIESEL,manual,RED,10530,52667,0.8020197502,8
DK68KUA,FORD,KUGA,5-6 years old,suv,DIESEL,manual,GREY,14400,37336,0.6408498966,8
CE70YGF,VOLKSWAGEN,TIGUAN,3-4 years old,suv,PETROL,semiAutomatic,BLACK,21250,52246,0.8512178956,8
YE22BFU,FORD,ECOSPORT,3-4 years old,suv,PETROL,manual,BLUE,12450,21282,0.6459626073,8
PK70YZW,BMW,3 SERIES,3-4 years old,saloon,PETROLPLUGINELECTRICHYBRID,semiAutomatic,SILVER,16400,45038,0.9591916977,5
DA22GMZ,BMW,2 SERIES GRAN COUPE,3-4 years old,saloon,PETROL,semiAutomatic,BLUE,19350,49775,0.8931336541,5
CSZ3844,CITROEN,C3 AIRCROSS,5-6 years old,suv,PETROL,manual,RED,9300,27860,0.7027780748,8
CL19EER,MG,MG3,5-6 years old,hatchback,PETROL,manual,ORANGE,7750,26767,0.8115080544,5
DN19DMY,VAUXHALL,GRANDLAND X,5-6 years old,suv,DIESEL,automatic,WHITE,10500,68081,0.6472456146,8
BD72KWB,KIA,NIRO,0-2 years old,suv,PETROLELECTRICHYBRID,automatic,BLACK,17900,28359,0.5608743223,8
VN23WUW,VAUXHALL,MOKKA-E,0-2 years old,suv,ELECTRIC,automatic,BLACK,14900,16465,0.7316219578,8
KP22MHA,BMW,IX3,3-4 years old,suv,ELECTRIC,automatic,BLUE,32400,15095,0.4604073707,8
BP71WKR,FORD,ECOSPORT,3-4 years old,suv,PETROL,manual,SILVER,13500,19700,0.5343984288,8
VK22LLE,VAUXHALL,CORSA,3-4 years old,hatchback,PETROL,automatic,GREY,13520,10251,0.8284535811,5
HK22EWW,MINI,HATCHBACK,3-4 years old,hatchback,ELECTRIC,automatic,GREEN,12700,31027,0.9646294913,5
DP21AWO,HYUNDAI,TUCSON,3-4 years old,suv,PETROL,manual,BLACK,17700,27069,0.6692106179,8
LD70PMO,HONDA,CR-V,3-4 years old,suv,PETROLELECTRICHYBRID,automatic,RED,20340,41982,0.6057475851,8
YT22YBL,FORD,FIESTA,3-4 years old,hatchback,PETROL,manual,BLACK,13130,33173,0.7132648083,5
BK21WVN,FORD,FOCUS,3-4 years old,hatchback,DIESEL,manual,BLUE,12200,41880,0.8289732586,5
HS21CNA,BMW,5 SERIES,3-4 years old,saloon,DIESEL,semiAutomatic,BLUE,23750,39515,0.8221677605,5
AO21NFM,MERCEDES-BENZ,A-CLASS,3-4 years old,saloon,DIESEL,semiAutomatic,RED,20500,27657,0.687924044,5
ML22ZKP,FORD,PUMA,3-4 years old,suv,PETROL,semiAutomatic,SILVER,19900,18933,0.5835296981,8
BJ22TZG,VOLKSWAGEN,GOLF,3-4 years old,hatchback,PETROL,manual,GREY,14900,43452,0.6943525292,5
SB20AHE,FORD,FOCUS,3-4 years old,hatchback,PETROL,manual,GREY,12100,42134,0.7102910802,5
DY22XOB,NISSAN,QASHQAI,3-4 years old,suv,PETROL,manual,BLACK,13500,79021,0.6262746266,8
VK73ZVT,TOYOTA,C-HR,0-2 years old,suv,PETROLELECTRICHYBRID,automatic,GREY,21850,29995,0.3609515318,8
KF21UDK,PEUGEOT,5008,3-4 years old,suv,PETROL,semiAutomatic,BLACK,18730,45319,0.7687186309,8
KC19KEK,VAUXHALL,CORSA,5-6 years old,hatchback,PETROL,manual,BLUE,8450,37874,0.6514062209,5
YO21DDE,FORD,PUMA,3-4 years old,suv,PETROL,manual,BLUE,15300,18521,0.7128731303,8
SD23EHH,TOYOTA,AYGO X,0-2 years old,hatchback,PETROL,automatic,BLUE,14490,11805,0.6336073243,5
SD71WWZ,TOYOTA,HIGHLANDER,3-4 years old,suv,PETROLELECTRICHYBRID,automatic,WHITE,25900,69708,0.4293568004,8
RK67JVM,FIAT,500,7-8 years old,hatchback,PETROL,manual,GREEN,7750,35983,0.7600347872,5
WO21NYD,FIAT,500,3-4 years old,hatchback,PETROL,manual,GREY,9300,39848,0.730091738,5
CF69RYP,NISSAN,JUKE,5-6 years old,suv,PETROL,manual,BLACK,12450,21226,0.6127395522,8
GK69OTH,PEUGEOT,208,5-6 years old,hatchback,PETROL,manual,BLACK,8100,38839,0.7821582371,5
KT21AOW,PEUGEOT,3008,3-4 years old,suv,PETROL,manual,GREY,14880,30868,0.6688939427,8
AJ23RXR,FORD,KUGA,0-2 years old,suv,PETROLPLUGINELECTRICHYBRID,automatic,SILVER,21620,23533,0.5797603683,8
RY21OPR,VOLKSWAGEN,T-CROSS,3-4 years old,suv,PETROL,manual,BLACK,15450,21391,0.6782556641,8
DE22SYG,CUPRA,ATECA,3-4 years old,suv,PETROL,semiAutomatic,BLACK,24700,32754,0.3115713831,8
RO71UBA,BMW,I3,3-4 years old,hatchback,ELECTRIC,automatic,WHITE,14000,36393,0.5560967655,5
CF70AJU,HONDA,JAZZ,3-4 years old,hatchback,PETROLELECTRICHYBRID,automatic,RED,15900,16525,0.4647620998,5
MJ68OLC,TOYOTA,AYGO,5-6 years old,hatchback,PETROL,manual,WHITE,9100,21136,0.5559641305,5
DA18AUL,MAZDA,MAZDA3,7-8 years old,hatchback,PETROL,manual,RED,11650,35354,0.2271857666,5
EF70CWY,VOLKSWAGEN,POLO,3-4 years old,hatchback,PETROL,manual,BLACK,13900,22502,0.8941247425,5
WG70XEF,VOLKSWAGEN,POLO,3-4 years old,hatchback,PETROL,manual,GREY,14050,34557,0.5182117801,5
AU21TMV,AUDI,A3,3-4 years old,hatchback,PETROL,semiAutomatic,BLACK,19240,15739,0.7948188318,5
BJ22AEZ,HYUNDAI,KONA,3-4 years old,suv,ELECTRIC,automatic,BLACK,15400,9784,0.7449883555,8
DG68XHU,TOYOTA,YARIS,5-6 years old,hatchback,PETROLELECTRICHYBRID,automatic,WHITE,11900,33302,0.6444167132,5
KD19AOG,SEAT,LEON,5-6 years old,hatchback,PETROL,manual,BLUE,9850,50449,0.385239801,5
DN20VYS,VAUXHALL,CORSA,5-6 years old,hatchback,PETROL,manual,RED,11600,19779,0.6752351626,5
PF21TVT,BMW,3 SERIES,3-4 years old,saloon,PETROLPLUGINELECTRICHYBRID,semiAutomatic,BLUE,16250,56632,0.9591916977,5
HG21KHW,TOYOTA,COROLLA TOURING SPORT,3-4 years old,estate,PETROLELECTRICHYBRID,automatic,BLACK,18120,26078,0.7092453634,7
NU68KFF,JAGUAR,XE,5-6 years old,saloon,PETROL,automatic,RED,15150,28173,0.7869785058,5
WF71XDV,DACIA,DUSTER,3-4 years old,suv,PETROLLIQUEFIEDPETROLEUMGAS,manual,BLUE,10150,10783,0.6325331271,8
YE69SFV,MINI,HATCHBACK,5-6 years old,hatchback,PETROL,semiAutomatic,BLACK,16700,28668,0.6719918404,5
MA18FSL,KIA,SPORTAGE,7-8 years old,suv,DIESEL,manual,SILVER,10570,48233,0.6281637179,8
ML21NWJ,KIA,PICANTO,3-4 years old,hatchback,PETROL,manual,BLUE,8600,39274,0.8981487244,5
AK22EBG,HYUNDAI,KONA,3-4 years old,suv,PETROL,manual,WHITE,15400,14593,0.5253258003,8
YR22LHT,FORD,ECOSPORT,3-4 years old,suv,PETROL,manual,SILVER,12300,17677,0.6459626073,8
HK71YDC,BMW,3 SERIES,3-4 years old,saloon,PETROL,semiAutomatic,GREY,24650,7997,0.8997671264,5
YC74XUU,JEEP,AVENGER,0-2 years old,suv,PETROL,manual,BLACK,19880,6877,0.3685628876,8
VN21NZX,VOLKSWAGEN,ID.3,3-4 years old,hatchback,ELECTRIC,automatic,GREY,11400,52628,0.8446494717,5
AP22BXD,PEUGEOT,2008,3-4 years old,suv,PETROL,manual,ORANGE,15850,19486,0.6867148172,8
DY22XCO,DACIA,DUSTER,3-4 years old,suv,PETROL,manual,WHITE,12900,33051,0.4788492839,8
PK23UCM,VAUXHALL,MOKKA-E,0-2 years old,suv,ELECTRIC,automatic,WHITE,13900,24058,0.7316219578,8
LN71KPG,MERCEDES-BENZ,A-CLASS,3-4 years old,hatchback,PETROL,semiAutomatic,WHITE,17500,26614,0.9050932449,5
KT67XWH,MERCEDES-BENZ,C-CLASS,7-8 years old,saloon,PETROL,semiAutomatic,BLUE,15050,43694,0.3832211083,5
VN22KVV,VAUXHALL,CORSA-E,3-4 years old,hatchback,ELECTRIC,automatic,RED,11000,30010,0.8840726497,5
ME19MZL,TOYOTA,AYGO,5-6 years old,hatchback,PETROL,manual,WHITE,8950,20794,0.6707958407,5
GJ19YAF,VOLKSWAGEN,T-ROC,5-6 years old,suv,PETROL,semiAutomatic,BLUE,18380,26880,0.6900827859,8
LC22XRX,CITROEN,C5 AIRCROSS,3-4 years old,suv,PETROLPLUGINELECTRICHYBRID,semiAutomatic,WHITE,14850,56285,0.6890195721,8
HY68YDE,RENAULT,CLIO,5-6 years old,hatchback,PETROL,manual,GREY,9550,25672,0.7332459175,5
DY21YUT,VAUXHALL,CORSA,3-4 years old,hatchback,PETROL,manual,BLACK,11100,29162,0.7160218683,5
EU20AYL,SKODA,KAROQ,3-4 years old,suv,PETROL,automatic,GREY,17900,31408,0.6859159253,8
LC22DFK,BMW,IX3,3-4 years old,suv,ELECTRIC,automatic,BLACK,27350,28479,0.6067068617,8
KN21YYH,BMW,X1,3-4 years old,suv,PETROLPLUGINELECTRICHYBRID,semiAutomatic,BLUE,19900,44899,0.8231231665,8
EJ22LXL,SKODA,FABIA,3-4 years old,hatchback,PETROL,manual,GREY,14150,7716,0.2230324066,5
LT70HLU,AUDI,A1,3-4 years old,hatchback,PETROL,semiAutomatic,BLACK,17400,35991,0.4797089761,5
BN69URS,MERCEDES-BENZ,A-CLASS,5-6 years old,saloon,PETROL,semiAutomatic,WHITE,15670,25822,0.5934542001,5
VE70TWD,VAUXHALL,CROSSLAND X,3-4 years old,suv,PETROL,manual,WHITE,10500,21324,0.6448362169,8
DS22OHJ,SKODA,KAMIQ,3-4 years old,suv,PETROL,manual,BLUE,18450,29978,0.3156053318,8
BA19YHE,MINI,CONVERTIBLE,5-6 years old,convertible,PETROL,semiAutomatic,WHITE,13400,42883,0.6967731743,4
WF69HKL,PEUGEOT,2008,5-6 years old,suv,PETROL,manual,GREY,11500,16278,0.7246585203,8
SK70ORO,BMW,1 SERIES,3-4 years old,hatchback,PETROL,semiAutomatic,WHITE,16250,72856,0.8090128825,5
SB71TZS,KIA,RIO,3-4 years old,hatchback,PETROL,manual,BLACK,9350,40983,0.7260136993,5
CA67OSB,RENAULT,CAPTUR,7-8 years old,suv,PETROL,manual,SILVER,7850,62987,0.5728258999,8
BJ71EEZ,BMW,2 SERIES GRAN COUPE,3-4 years old,saloon,PETROL,manual,WHITE,19800,23885,0.7787307211,5
KN19UVH,VAUXHALL,CORSA,5-6 years old,hatchback,PETROL,manual,BLUE,9800,25944,0.7606693874,5
VK22LKU,VAUXHALL,CORSA,3-4 years old,hatchback,PETROL,manual,GREY,10840,21043,0.8135150837,5
WG18TWE,NISSAN,JUKE,7-8 years old,suv,PETROL,automatic,BLUE,10900,31816,0.7759933694,8
WM69ZPX,PEUGEOT,208,5-6 years old,hatchback,PETROL,semiAutomatic,RED,13100,40372,0.5296713851,5
PF18MZU,KIA,PICANTO,5-6 years old,hatchback,PETROL,manual,BLACK,7800,38851,0.6118070059,5
EJ70YTO,FORD,FOCUS,3-4 years old,estate,DIESEL,automatic,RED,17500,24454,0.7832241403,7
BG22PVD,FORD,PUMA,3-4 years old,suv,PETROL,manual,BLACK,15050,26743,0.6703324469,8
DE70YFS,AUDI,Q2,3-4 years old,suv,PETROL,manual,BLACK,16840,18752,0.8795817611,8
EJ23OSA,PEUGEOT,208,0-2 years old,hatchback,PETROL,manual,BLUE,13900,22098,0.4854046995,5
VN71UJB,VAUXHALL,CORSA,3-4 years old,hatchback,PETROL,manual,GREY,11790,32140,0.5697411791,5
CX22YWZ,SUZUKI,VITARA,3-4 years old,suv,PETROL,manual,GREY,13600,63292,0.4783915917,8
SR67AYT,AUDI,Q2,7-8 years old,suv,DIESEL,semiAutomatic,GREY,17900,52659,0.7294872762,8
CV23NGU,SUZUKI,S-CROSS,0-2 years old,suv,PETROLELECTRICHYBRID,semiAutomatic,BLUE,17550,9618,0.4144040236,8
SJ19YKV,HYUNDAI,KONA,5-6 years old,suv,PETROL,manual,GREY,9700,59174,0.7050360005,8
BP71EEB,VOLVO,XC40,3-4 years old,suv,PETROLPLUGINELECTRICHYBRID,semiAutomatic,BLACK,19900,60395,0.841771532,8
FV73HZC,FIAT,500E,0-2 years old,hatchback,ELECTRIC,automatic,GREY,12350,1665,0.8233650694,5
DE71TYZ,VOLVO,XC60,3-4 years old,suv,PETROLPLUGINELECTRICHYBRID,semiAutomatic,BLACK,31800,33396,0.5045822829,8
RV21YWN,VOLKSWAGEN,T-ROC,3-4 years old,suv,PETROL,semiAutomatic,BLUE,20400,44161,0.7672516598,8
BG22PRX,AUDI,Q2,3-4 years old,suv,DIESEL,semiAutomatic,BLACK,19650,21360,0.805217877,8
EY20UGO,SEAT,ARONA,5-6 years old,suv,PETROL,manual,GREY,11000,50922,0.6872801374,8
MJ22TWK,CITROEN,C4,3-4 years old,hatchback,PETROL,manual,RED,15100,7666,0.6525829806,5
YB71HLU,AUDI,A3,3-4 years old,hatchback,PETROL,manual,BLACK,18950,24351,0.6962843915,5
DS19FWO,VAUXHALL,CORSA,5-6 years old,hatchback,PETROL,manual,RED,8350,40314,0.6871908869,5
YT69HJZ,NISSAN,X-TRAIL,5-6 years old,suv,DIESEL,manual,WHITE,15900,63092,0.6082464901,8
GX68WCT,VAUXHALL,GRANDLAND X,5-6 years old,suv,DIESEL,manual,GREY,9700,39983,0.6106414342,8
YA19LMY,SEAT,TARRACO,5-6 years old,suv,PETROL,automatic,WHITE,18450,50652,0.3991512303,8
LV17NPJ,FORD,KUGA,7-8 years old,suv,PETROL,manual,BLUE,9850,56420,0.6686599358,8
LR70CYU,PEUGEOT,2008,3-4 years old,suv,DIESEL,manual,RED,13550,37732,0.6843196515,8
YE22WBZ,VOLKSWAGEN,GOLF,3-4 years old,hatchback,DIESEL,manual,WHITE,15950,41964,0.868363609,5
CK20GRX,MG,HS,5-6 years old,suv,PETROL,manual,RED,11620,55930,0.6103534847,8
CA22OXB,FORD,ECOSPORT,3-4 years old,suv,PETROL,manual,BLUE,13110,15559,0.6459626073,8
MT71OBB,VAUXHALL,CORSA,3-4 years old,hatchback,PETROL,manual,RED,12000,21307,0.6336698448,5
DX22WKE,AUDI,Q2,3-4 years old,suv,PETROL,manual,BLACK,18500,21925,0.6849116876,8
FP22YTR,KIA,SPORTAGE,3-4 years old,suv,PETROLELECTRICHYBRID,automatic,RED,21900,32865,0.8344546325,8
RJ22GYB,KIA,CEED,3-4 years old,hatchback,PETROL,manual,RED,14170,26629,0.7914896289,5
WO19MZL,MERCEDES-BENZ,C-CLASS,5-6 years old,saloon,PETROL,semiAutomatic,SILVER,18450,36651,0.6742774542,5
EF72MXW,FORD,FOCUS,0-2 years old,hatchback,PETROL,manual,SILVER,16200,9971,0.2168534538,5
AO22DFP,PEUGEOT,3008,3-4 years old,suv,PETROL,semiAutomatic,GREY,19640,14290,0.5785007542,8
VN22XZE,VAUXHALL,CORSA-E,3-4 years old,hatchback,ELECTRIC,automatic,ORANGE,11950,9058,0.8840726497,5
AP16MYH,MERCEDES-BENZ,GLC,9+ years old,suv,DIESEL,semiAutomatic,GREY,18120,65668,0.5513846869,8
RE21OOB,TOYOTA,COROLLA TOURING SPORT,3-4 years old,estate,PETROLELECTRICHYBRID,automatic,GREY,15150,61165,0.8441437952,7
DX70ZFF,NISSAN,LEAF,3-4 years old,hatchback,ELECTRIC,automatic,SILVER,8250,56694,0.7157433916,5
RF69FFD,AUDI,A4 AVANT,5-6 years old,estate,PETROL,semiAutomatic,BLACK,24290,13677,0.59055931,7
FV70MDF,VOLKSWAGEN,POLO,3-4 years old,hatchback,PETROL,semiAutomatic,BLUE,17000,44476,0.8143117109,5
FG22LVU,FORD,ECOSPORT,3-4 years old,suv,PETROL,manual,GREY,13900,16005,0.5868002265,8
HT23BVZ,HYUNDAI,BAYON,0-2 years old,suv,PETROL,manual,GREEN,14300,14150,0.6726563994,8
EJ73KTT,PEUGEOT,2008,0-2 years old,suv,PETROL,manual,GREY,16750,15225,0.4381418783,8
VK22JNF,VOLKSWAGEN,GOLF,3-4 years old,estate,PETROL,semiAutomatic,BLACK,17800,50357,0.7754120166,7
VE22FGA,VOLKSWAGEN,ID.3,3-4 years old,hatchback,ELECTRIC,automatic,GREY,16500,14777,0.8075787482,5
MH19AWC,FORD,FOCUS,5-6 years old,hatchback,PETROL,manual,BLUE,11450,15632,0.759622888,5
KV19HHK,AUDI,Q2,5-6 years old,suv,PETROL,semiAutomatic,WHITE,16700,45483,0.6698130294,8
BD74NAU,VOLKSWAGEN,T-CROSS,0-2 years old,suv,PETROL,automatic,BLACK,25580,4333,0.1576225487,8
WG21PUF,SMART,FORTWO COUPE,3-4 years old,coupe,ELECTRIC,automatic,BLACK,8700,23713,0.7167181624,4
SY70LFX,SEAT,IBIZA,3-4 years old,hatchback,PETROL,semiAutomatic,GREY,14950,16047,0.5682215233,5
SY22TVX,VOLKSWAGEN,GOLF,3-4 years old,hatchback,PETROL,semiAutomatic,RED,19850,47725,0.7630685448,5
MJ22FET,DACIA,SANDERO STEPWAY,3-4 years old,hatchback,PETROL,manual,BLACK,10500,39434,0.5911685495,5
YO19XMB,BMW,1 SERIES,5-6 years old,hatchback,PETROL,semiAutomatic,BLACK,14250,56900,0.8848312442,5
CY69FRD,SEAT,ARONA,5-6 years old,suv,PETROL,manual,BLACK,12000,47141,0.7101457646,8
DP22FUF,VAUXHALL,CORSA,0-2 years old,hatchback,PETROL,manual,GREY,12000,4313,0.7528453117,5
KE18VYR,FORD,FIESTA,5-6 years old,hatchback,PETROL,manual,BLACK,8600,26417,0.7288426794,5
RE19OTT,TOYOTA,AYGO,5-6 years old,hatchback,PETROL,manual,GREY,8200,49023,0.6334621188,5
SK68HJN,FORD,FIESTA,5-6 years old,hatchback,PETROL,manual,WHITE,8200,59984,0.7074737961,5
DN21EXZ,NISSAN,JUKE,3-4 years old,suv,PETROL,manual,BLACK,14600,19362,0.5820739463,8
RE21FNO,VOLKSWAGEN,T-ROC,3-4 years old,suv,PETROL,semiAutomatic,BLUE,20000,42917,0.7672516598,8
MJ21RXH,CITROEN,C5 AIRCROSS,3-4 years old,suv,DIESEL,semiAutomatic,GREY,16880,25204,0.4210910008,8
SK20ORC,BMW,3 SERIES,5-6 years old,saloon,DIESEL,semiAutomatic,BLUE,21050,50577,0.5118287122,5
KN22UXY,AUDI,A3,3-4 years old,saloon,DIESEL,manual,BLACK,20100,62791,0.651248089,5
KW19NFM,FORD,FIESTA,5-6 years old,hatchback,PETROL,manual,RED,9050,50488,0.5885436695,5
DE61DVE,BMW,2 SERIES ACTIVE TOURER,7-8 years old,hatchback,DIESEL,semiAutomatic,RED,12890,30749,0.6784392888,5
PV19BKL,CITROEN,BERLINGO,5-6 years old,mpv,DIESEL,manual,GREY,13600,42897,0.7101840366,8
GV21WZO,TOYOTA,AYGO,3-4 years old,hatchback,PETROL,manual,BLACK,9800,31948,0.6931629206,5
MV69HSA,LAND ROVER,RANGE ROVER EVOQUE,5-6 years old,suv,DIESEL,manual,WHITE,15450,55114,0.8110304783,8
EJ19HSN,HYUNDAI,TUCSON,5-6 years old,suv,PETROL,semiAutomatic,WHITE,12700,64300,0.7138737456,8
VN70ZYS,VAUXHALL,CORSA-E,3-4 years old,hatchback,ELECTRIC,automatic,RED,10000,26929,0.6633615316,5
NA22LZP,NISSAN,LEAF,3-4 years old,hatchback,ELECTRIC,automatic,BLACK,10100,27223,0.7157433916,5
L25ERF,BMW,1 SERIES,0-2 years old,hatchback,PETROL,semiAutomatic,BLACK,29400,16000,0.6971362136,5
JS03JTS,FORD,KUGA,5-6 years old,suv,DIESEL,manual,BLACK,16400,18799,0.6774503895,8
YF21PFA,MAZDA,MAZDA3,3-4 years old,hatchback,PETROL,manual,RED,16350,29710,0.5936287078,5
DN71VZV,VAUXHALL,CORSA-E,3-4 years old,hatchback,ELECTRIC,automatic,WHITE,11200,28092,0.5636698263,5
YS69FTF,NISSAN,QASHQAI,5-6 years old,suv,PETROL,manual,RED,10500,52254,0.6034991913,8
CA22TPZ,HYUNDAI,KONA,3-4 years old,suv,PETROL,manual,BLUE,15470,17596,0.5799235268,8
LP21OGF,TOYOTA,AYGO,3-4 years old,hatchback,PETROL,semiAutomatic,BLACK,12500,22502,0.7060270795,5
PJ21WGO,MINI,COUNTRYMAN,3-4 years old,suv,PETROLPLUGINELECTRICHYBRID,semiAutomatic,SILVER,15850,61886,0.7737243055,8
MJ68LKP,VAUXHALL,MOKKA X,5-6 years old,suv,PETROL,manual,GREY,7850,54459,0.7248686313,8
YS20TCU,FORD,FIESTA,5-6 years old,hatchback,PETROL,manual,BLACK,12350,12875,0.7056910896,5
LC21AWW,BMW,1 SERIES,3-4 years old,hatchback,DIESEL,manual,BLUE,17500,53540,0.7381958215,5
EJ70FNR,VOLKSWAGEN,TIGUAN,3-4 years old,suv,PETROL,semiAutomatic,GREY,21350,48087,0.6535098882,8
CV72HYC,VOLKSWAGEN,POLO,0-2 years old,hatchback,PETROL,manual,WHITE,16300,33099,0.6503199879,5
MM69FZJ,AUDI,A4,5-6 years old,saloon,PETROL,manual,BLACK,20050,15110,0.8013259248,5
MJ22LHE,PEUGEOT,E-2008,3-4 years old,suv,ELECTRIC,automatic,WHITE,14550,23291,0.7544094133,8
MK68EZA,FORD,FOCUS,5-6 years old,hatchback,PETROL,manual,BLUE,10850,34474,0.7566815442,5
WA70WXE,JAGUAR,F-PACE,3-4 years old,suv,PETROL,automatic,GREY,21540,67071,0.5274891741,8
HF21WPO,AUDI,A6,3-4 years old,saloon,PETROL,semiAutomatic,BLACK,19400,24245,0.8216475846,5
DN69UMO,MERCEDES-BENZ,A-CLASS,5-6 years old,hatchback,PETROL,semiAutomatic,GREY,23480,52224,0.7416615845,5
LV67YLD,RENAULT,CAPTUR,7-8 years old,suv,PETROL,manual,RED,8200,50760,0.6259984688,8
DF21NKX,VOLVO,XC60,3-4 years old,suv,PETROLPLUGINELECTRICHYBRID,semiAutomatic,GOLD,27400,42687,0.8572449016,8
YM21ZLE,FORD,FIESTA,3-4 years old,hatchback,PETROL,manual,RED,15400,10270,0.6315967273,5
HT21YPL,BMW,3 SERIES,3-4 years old,saloon,PETROL,semiAutomatic,BLUE,24100,21639,0.8637236279,5
OE21ZTX,POLESTAR,2,3-4 years old,hatchback,ELECTRIC,automatic,WHITE,18700,64981,0.673843921,5
WF18ZWU,CITROEN,C3,7-8 years old,hatchback,PETROL,manual,BLACK,8450,27889,0.6716068408,5
ML23ELO,FORD,FOCUS,0-2 years old,hatchback,PETROL,manual,WHITE,15640,21828,0.1784736132,5
LS22OWX,PEUGEOT,3008,3-4 years old,suv,PETROL,semiAutomatic,GREY,19600,22044,0.6674136492,8
LF23BNW,MG,MG4,0-2 years old,suv,ELECTRIC,automatic,GREY,16700,7864,0.5700672262,8
LA71YBJ,MG,HS,3-4 years old,suv,PETROL,manual,BLACK,14600,23117,0.6103534847,8
YS70YDO,FORD,FIESTA,3-4 years old,hatchback,PETROL,manual,BLUE,12400,19947,0.7268279387,5
GU21BDX,NISSAN,QASHQAI,3-4 years old,suv,PETROL,semiAutomatic,BLUE,15550,23617,0.7374270969,8
SF69WCR,MINI,HATCHBACK,5-6 years old,hatchback,PETROL,manual,WHITE,11550,40047,0.7706377444,5
GX71VUD,LAND ROVER,DISCOVERY SPORT,3-4 years old,suv,PETROL,automatic,BLUE,26500,24231,0.7130981276,8
DL21XPR,VAUXHALL,CROSSLAND,3-4 years old,suv,PETROL,manual,ORANGE,11500,25715,0.5766009093,8
BX22SVP,FIAT,500,3-4 years old,hatchback,PETROL,manual,BLACK,9900,20239,0.9526462946,5
KJ18PRX,MERCEDES-BENZ,GLC,7-8 years old,suv,DIESEL,semiAutomatic,WHITE,17850,55700,0.4032480208,8
DP69UAY,VAUXHALL,CROSSLAND X,5-6 years old,suv,PETROL,manual,GREY,9150,35600,0.5582820374,8
LM18AUW,VAUXHALL,ADAM,7-8 years old,hatchback,PETROL,manual,RED,7450,37342,0.7567003225,5
BK21WTP,FORD,KUGA,3-4 years old,suv,PETROLPLUGINELECTRICHYBRID,automatic,BLACK,16590,50218,0.5797603683,8
FV22XUW,KIA,XCEED,0-2 years old,hatchback,PETROL,manual,SILVER,14790,24992,0.7382612584,5
PK21ZLN,PEUGEOT,E-2008,3-4 years old,suv,ELECTRIC,automatic,BLACK,11450,30105,0.7277786245,8
ORZ5809,VOLVO,V40,5-6 years old,hatchback,PETROL,semiAutomatic,GREY,11120,56151,0.5332920931,5
VO22WDE,VOLKSWAGEN,ID.4,3-4 years old,suv,ELECTRIC,automatic,GREY,17400,31163,0.7671850243,8
YE21UKU,SEAT,ARONA,3-4 years old,suv,PETROL,manual,GREY,12200,39113,0.8268445213,8
HJ70WJM,NISSAN,QASHQAI,3-4 years old,suv,PETROL,semiAutomatic,GREY,15900,33702,0.6135231126,8
FG18HBE,NISSAN,MICRA,7-8 years old,hatchback,PETROL,manual,WHITE,7850,42369,0.6271106207,5
SK20SOE,MINI,HATCHBACK,5-6 years old,hatchback,PETROL,manual,BLACK,12250,51400,0.6546826645,5
YS22ERU,SEAT,ATECA,3-4 years old,suv,PETROL,manual,GREEN,17900,29775,0.612215839,8
YS21OPF,VOLVO,XC40,3-4 years old,suv,PETROLPLUGINELECTRICHYBRID,semiAutomatic,BLACK,24700,22042,0.7494379774,8
WV69MZJ,MERCEDES-BENZ,A-CLASS,5-6 years old,hatchback,PETROL,manual,BLACK,16170,20586,0.8358427381,5
SD18WFN,HYUNDAI,TUCSON,7-8 years old,suv,PETROL,manual,WHITE,10900,46009,0.804367132,8
RO21SUU,VOLKSWAGEN,T-ROC,3-4 years old,suv,PETROL,semiAutomatic,SILVER,20900,33562,0.7672516598,8
YB21UZJ,BMW,3 SERIES,3-4 years old,estate,PETROLPLUGINELECTRICHYBRID,semiAutomatic,BLACK,19350,66722,0.8580249925,7
PK70NRZ,VAUXHALL,CORSA,3-4 years old,hatchback,PETROL,automatic,GREY,11600,36571,0.4649305445,5
AY22ODK,SUZUKI,VITARA,3-4 years old,suv,PETROLELECTRICHYBRID,semiAutomatic,SILVER,14300,58423,0.62697315,8
RF22LDU,DACIA,DUSTER,3-4 years old,suv,PETROL,semiAutomatic,BLACK,14250,42883,0.7516747607,8
WJ21TKE,PEUGEOT,3008,3-4 years old,suv,DIESEL,manual,RED,16250,37223,0.7737695587,8
EN67KLL,MINI,COUNTRYMAN,7-8 years old,suv,PETROL,semiAutomatic,BLACK,13950,41476,0.6702727059,8
MV68PVZ,MERCEDES-BENZ,GLA,5-6 years old,suv,DIESEL,semiAutomatic,BLACK,15200,70800,0.8434726567,8
GP21EUZ,MERCEDES-BENZ,EQA,3-4 years old,suv,ELECTRIC,automatic,SILVER,18200,54118,0.778763284,8
KN57ERS,JAGUAR,I-PACE,3-4 years old,suv,ELECTRIC,automatic,GREY,17900,42287,0.8658461757,8
YG73XVW,SKODA,KAMIQ,0-2 years old,suv,PETROL,semiAutomatic,BLUE,19980,12730,0.4386327952,8
PK69JVM,VAUXHALL,CORSA,5-6 years old,hatchback,PETROL,manual,BLUE,9050,34659,0.7606693874,5
YD71EER,CUPRA,FORMENTOR,3-4 years old,suv,PETROL,semiAutomatic,GREY,25350,26968,0.7233343067,8
DA19ASX,FORD,FIESTA VIGNALE,5-6 years old,hatchback,PETROL,semiAutomatic,BLUE,12900,28956,0.3153716436,5
DN22APY,NISSAN,QASHQAI,3-4 years old,suv,PETROL,semiAutomatic,BLACK,18310,14178,0.7510294679,8
FG68OXF,TOYOTA,C-HR,5-6 years old,suv,PETROLELECTRICHYBRID,automatic,BLACK,13900,59196,0.6433426187,8
WG71KHL,BMW,2 SERIES GRAN COUPE,3-4 years old,saloon,PETROL,manual,WHITE,18900,32481,0.7787307211,5
LR71PCZ,KIA,XCEED,3-4 years old,hatchback,PETROL,manual,RED,12670,21523,0.8152067414,5
DN22YAA,TOYOTA,AYGO X,3-4 years old,hatchback,PETROL,manual,RED,11100,43607,0.6589083421,5
LS21HVX,NISSAN,JUKE,3-4 years old,suv,PETROL,semiAutomatic,BLUE,14890,12914,0.6760847429,8
BD68SGY,AUDI,A3,5-6 years old,saloon,PETROL,manual,GREY,16550,18920,0.488347998,5
PX17VWA,HONDA,CIVIC,7-8 years old,hatchback,PETROL,manual,RED,9650,73781,0.6788256691,5
SA21LXH,DACIA,SANDERO STEPWAY,3-4 years old,hatchback,PETROL,manual,WHITE,9800,19479,0.864167887,5
KM22ASZ,DACIA,SANDERO STEPWAY,3-4 years old,hatchback,PETROL,manual,ORANGE,11550,23361,0.6215781943,5
BK20URL,VAUXHALL,CORSA-E,5-6 years old,hatchback,ELECTRIC,automatic,BLUE,8950,50000,0.6633615316,5
YK19ZCP,BMW,3 SERIES,5-6 years old,estate,PETROL,semiAutomatic,WHITE,20900,25319,0.6032842816,7
VO73OPP,KIA,SPORTAGE,0-2 years old,suv,PETROLPLUGINELECTRICHYBRID,automatic,YELLOW,26850,18523,0.4472983111,8
KP18SZV,VOLVO,XC60,7-8 years old,suv,DIESEL,semiAutomatic,BLUE,20450,74579,0.466807555,8
LT19FTN,FORD,FIESTA,5-6 years old,hatchback,PETROL,manual,BLUE,8500,47640,0.7074737961,5
YC19DYJ,MINI,HATCHBACK,5-6 years old,hatchback,PETROL,manual,WHITE,13800,27139,0.6879605834,5
BP66OTK,PEUGEOT,208,7-8 years old,hatchback,PETROL,manual,ORANGE,8200,26080,0.7425702988,5
WX22WDM,MERCEDES-BENZ,A-CLASS,3-4 years old,saloon,PETROLPLUGINELECTRICHYBRID,semiAutomatic,WHITE,19900,58561,0.7771252434,5
SJ17CHM,SEAT,LEON,7-8 years old,estate,PETROL,manual,GREY,11750,36817,0.9256722239,7
AK69PKF,VOLKSWAGEN,POLO,5-6 years old,hatchback,PETROL,semiAutomatic,BLUE,17210,17424,0.643615114,5
WR21ZZM,VOLKSWAGEN,ID.4,3-4 years old,suv,ELECTRIC,automatic,GREY,14400,71480,0.7035059273,8
YK17NWO,LAND ROVER,RANGE ROVER EVOQUE,7-8 years old,suv,DIESEL,manual,BLACK,11700,57965,0.7634466681,8
YG19ZGZ,FORD,FIESTA,5-6 years old,hatchback,PETROL,manual,GREY,8500,53188,0.7436463026,5
FN72LPJ,SEAT,LEON,0-2 years old,hatchback,DIESEL,manual,BLACK,14650,39098,0.8326837227,5
FP70FVF,TOYOTA,COROLLA TOURING SPORT,3-4 years old,estate,PETROLELECTRICHYBRID,automatic,WHITE,17500,54449,0.6424334761,7
SP22JUC,FORD,PUMA,3-4 years old,suv,PETROL,manual,BLUE,11650,72300,0.6738770985,8
BV71NKK,SKODA,KODIAQ,3-4 years old,suv,DIESEL,automatic,BLUE,22450,60412,0.58682915,8
EX69WCZ,HYUNDAI,TUCSON,5-6 years old,suv,PETROL,manual,WHITE,11550,59627,0.7231668933,8
LB17LPV,KIA,VENGA,7-8 years old,mpv,DIESEL,manual,RED,8300,33058,0.2920203849,8
YM70GKG,VOLVO,XC40,3-4 years old,suv,PETROLPLUGINELECTRICHYBRID,semiAutomatic,RED,18400,75799,0.7728790919,8
YE70KLK,MINI,HATCHBACK,3-4 years old,hatchback,ELECTRIC,automatic,SILVER,11450,15587,0.8346200473,5
WA18WNX,SMART,FORFOUR,7-8 years old,hatchback,ELECTRIC,automatic,GREEN,7850,13063,0.3263262649,5
MH72CGZ,FIAT,500,0-2 years old,hatchback,PETROL,manual,RED,10700,21899,0.9526462946,5
WP66TFJ,BMW,Z4,7-8 years old,convertible,PETROL,semiAutomatic,WHITE,16400,26560,0.3196920792,4
MJ71FFX,VOLVO,XC40,3-4 years old,suv,ELECTRIC,automatic,BLUE,21100,49315,0.6198636654,8
MA22AWM,VOLKSWAGEN,ID.3,3-4 years old,hatchback,ELECTRIC,automatic,SILVER,14950,15809,0.8446494717,5
AV68LRN,VOLKSWAGEN,T-ROC,5-6 years old,suv,DIESEL,manual,WHITE,16000,49213,0.590837566,8
EX70YUV,KIA,CEED,3-4 years old,hatchback,DIESEL,manual,GREY,10350,58035,0.8322366962,5
HY68HCH,KIA,PICANTO,5-6 years old,hatchback,PETROL,manual,WHITE,8300,21308,0.7156880317,5
NL20GMX,VOLVO,XC40,5-6 years old,suv,PETROLPLUGINELECTRICHYBRID,semiAutomatic,WHITE,23050,30409,0.6175565597,8
WF22XYW,HYUNDAI,KONA,3-4 years old,suv,PETROLELECTRICHYBRID,automatic,BLUE,16500,17501,0.6718348637,8
CN22CVR,HYUNDAI,IONIQ,3-4 years old,hatchback,ELECTRIC,automatic,WHITE,11300,24751,0.6446326375,5
LN71KZC,MERCEDES-BENZ,A-CLASS,3-4 years old,hatchback,PETROL,semiAutomatic,WHITE,17800,26994,0.9050932449,5
SO18GKZ,SUZUKI,IGNIS,7-8 years old,suv,PETROL,manual,WHITE,8650,45347,0.5946639832,8
KO69DLU,MERCEDES-BENZ,C-CLASS,5-6 years old,saloon,PETROL,semiAutomatic,SILVER,19900,58069,0.7239330781,5
GV18ONC,MERCEDES-BENZ,C-CLASS,7-8 years old,convertible,DIESEL,automatic,SILVER,18750,37383,0.6898241682,4
DN19OUF,VAUXHALL,GRANDLAND X,5-6 years old,suv,DIESEL,manual,BLACK,10250,65576,0.6020891876,8
VE70SWN,VAUXHALL,CROSSLAND X,3-4 years old,suv,PETROL,manual,GREY,9750,27591,0.6448362169,8
LD20ZPG,BMW,4 SERIES GRAN COUPE,5-6 years old,hatchback,PETROL,semiAutomatic,BLACK,15200,75641,0.7681792704,5
ST69EAF,VAUXHALL,CROSSLAND X,5-6 years old,suv,PETROL,manual,RED,8750,33872,0.5582820374,8
LT69YVE,PEUGEOT,208,5-6 years old,hatchback,PETROL,semiAutomatic,BLACK,9200,37489,0.7372763837,5
BT68ZNE,VOLKSWAGEN,POLO,5-6 years old,hatchback,DIESEL,manual,GREY,11000,60917,0.7082375105,5
MM69ZYZ,BMW,X2,5-6 years old,suv,PETROL,semiAutomatic,BLACK,17000,46314,0.7554374999,8
ST23ECZ,PEUGEOT,3008,0-2 years old,suv,DIESEL,semiAutomatic,BLUE,20420,15831,0.7258018801,8
FR21XRK,DACIA,SANDERO STEPWAY,3-4 years old,hatchback,PETROLLIQUEFIEDPETROLEUMGAS,manual,ORANGE,9900,20129,0.5346098733,5
HV70TRZ,MINI,HATCHBACK,3-4 years old,hatchback,PETROL,semiAutomatic,SILVER,15400,25821,0.8838991351,5
FD21XKM,VOLKSWAGEN,GOLF,3-4 years old,hatchback,PETROLPLUGINELECTRICHYBRID,semiAutomatic,WHITE,16200,64842,0.8603212192,5
VN22KKD,VAUXHALL,CORSA-E,3-4 years old,hatchback,ELECTRIC,automatic,GREY,11390,23846,0.7385442986,5
MW22FHC,HYUNDAI,KONA,3-4 years old,suv,ELECTRIC,automatic,GREY,11000,52940,0.8226438761,8
HJ68OJT,KIA,PICANTO,5-6 years old,hatchback,PETROL,manual,WHITE,8100,15116,0.6131985929,5
DG71SZO,TOYOTA,RAV4,3-4 years old,suv,PETROLELECTRICHYBRID,automatic,WHITE,20460,60735,0.8627539202,8
WT69EHZ,JEEP,RENEGADE,5-6 years old,suv,PETROL,manual,RED,10900,36062,0.7499383511,8
VO72YBJ,VOLKSWAGEN,POLO,0-2 years old,hatchback,PETROL,manual,GREY,16160,24554,0.6503199879,5
FT69FOP,MINI,COUNTRYMAN,5-6 years old,suv,PETROL,semiAutomatic,BLUE,18850,44804,0.6801256536,8
DA72TWC,AUDI,A1,0-2 years old,hatchback,PETROL,manual,BLUE,18100,17501,0.589372683,5
WH19GGY,MERCEDES-BENZ,C-CLASS,5-6 years old,coupe,PETROL,semiAutomatic,SILVER,18950,35168,0.8752836166,4
YH68GSS,BMW,1 SERIES,5-6 years old,hatchback,PETROL,semiAutomatic,WHITE,14200,54098,0.8848312442,5
YH72KXC,DACIA,SANDERO STEPWAY,0-2 years old,hatchback,PETROL,manual,WHITE,10690,11556,0.606089521,5
SC68VDV,SEAT,ATECA,5-6 years old,suv,DIESEL,semiAutomatic,ORANGE,14650,36564,0.6468381209,8
DA19RYG,VOLKSWAGEN,GOLF,5-6 years old,hatchback,DIESEL,semiAutomatic,WHITE,16300,44445,0.6811047008,5
YK69UXC,AUDI,TT,5-6 years old,coupe,PETROL,semiAutomatic,GREY,22750,30248,0.8312160144,4
YM70BZV,FORD,FIESTA,3-4 years old,hatchback,PETROL,manual,BLACK,10750,40635,0.7268279387,5
LM70DTV,MERCEDES-BENZ,C-CLASS,3-4 years old,saloon,DIESEL,semiAutomatic,RED,21800,34097,0.6949971968,5
FG21EVK,TOYOTA,COROLLA,3-4 years old,hatchback,PETROLELECTRICHYBRID,automatic,BLACK,16590,25766,0.6219510878,5
MX70NMM,BMW,X3,3-4 years old,suv,PETROLPLUGINELECTRICHYBRID,semiAutomatic,SILVER,20880,71022,0.7904720151,8
BU22TJX,MERCEDES-BENZ,GLC,3-4 years old,suv,DIESEL,semiAutomatic,SILVER,31730,29144,0.6618418091,8
YB21TGV,TOYOTA,YARIS,3-4 years old,hatchback,PETROLELECTRICHYBRID,automatic,WHITE,14400,26834,0.5114324958,5
BF70RZG,CITROEN,C4 CACTUS,3-4 years old,suv,PETROL,semiAutomatic,BLACK,12550,23001,0.5906395294,8
YC21ELH,SEAT,ATECA,3-4 years old,suv,PETROL,manual,WHITE,15300,40699,0.612215839,8
FD21LYO,BMW,2 SERIES,3-4 years old,coupe,PETROL,semiAutomatic,ORANGE,17650,23910,0.7876565793,4
AY18HXX,FIAT,500,7-8 years old,hatchback,PETROL,manual,BLACK,7450,51532,0.7296316775,5
ND71WZT,AUDI,A3,3-4 years old,hatchback,PETROLPLUGINELECTRICHYBRID,semiAutomatic,GREY,23400,19270,0.8840306605,5
LT22ORK,HYUNDAI,I10,3-4 years old,hatchback,PETROL,semiAutomatic,BLUE,13750,10224,0.6124771322,5
YL68DDZ,SUZUKI,IGNIS,5-6 years old,suv,PETROL,manual,ORANGE,9000,26128,0.7025731597,8
WF21NSU,FIAT,500,3-4 years old,hatchback,PETROL,manual,ORANGE,8400,15497,0.7755686227,5
GN20OSP,VOLVO,XC40,5-6 years old,suv,PETROL,semiAutomatic,RED,23300,41147,0.6181305982,8
YH68KXP,FORD,FIESTA,5-6 years old,hatchback,PETROL,manual,GREY,9100,35504,0.7074737961,5
FG22MZT,SUZUKI,VITARA,3-4 years old,suv,PETROL,manual,RED,13950,32430,0.7056304524,8
ND18ZGM,VOLKSWAGEN,GOLF,7-8 years old,hatchback,PETROL,manual,BLUE,10350,57310,0.6009866117,5
LT21UFR,AUDI,A1,3-4 years old,hatchback,PETROL,semiAutomatic,GREY,20050,30374,0.6972031446,5
RJ72GZN,VOLKSWAGEN,ID.5,0-2 years old,coupe,ELECTRIC,automatic,BLUE,21850,27498,0.5224128346,4
SL22UFS,HYUNDAI,KONA,3-4 years old,suv,PETROLELECTRICHYBRID,automatic,WHITE,15800,41281,0.6718348637,8
KS69AWU,LAND ROVER,DISCOVERY SPORT,5-6 years old,suv,DIESEL,automatic,SILVER,23050,44499,0.6360768835,8
ND16XDR,SKODA,OCTAVIA,9+ years old,estate,DIESEL,manual,BLUE,9250,66193,0.2777650674,7
DY18XHT,VAUXHALL,ASTRA,7-8 years old,hatchback,PETROL,manual,WHITE,9850,26607,0.5059682114,5
FP70FRR,HYUNDAI,KONA,3-4 years old,suv,ELECTRIC,automatic,BLUE,12100,44009,0.5226081718,8
EA69HYF,MINI,HATCHBACK,5-6 years old,hatchback,PETROL,manual,GREY,10850,47978,0.6846141619,5
DX22UPC,LAND ROVER,DISCOVERY SPORT,3-4 years old,suv,DIESEL,manual,GREY,20350,37664,0.4476310663,8
WF18UDE,HYUNDAI,TUCSON,7-8 years old,suv,DIESEL,manual,BEIGE,11500,40530,0.6342075315,8
SY18MMU,MERCEDES-BENZ,GLA,7-8 years old,suv,DIESEL,semiAutomatic,BLUE,16200,56150,0.8434726567,8
GY70YZZ,TOYOTA,COROLLA,3-4 years old,hatchback,PETROLELECTRICHYBRID,automatic,GREY,17900,32557,0.5215424406,5
DF21FXA,VOLKSWAGEN,TIGUAN,3-4 years old,suv,PETROL,semiAutomatic,BLUE,23900,35529,0.7643419923,8
FG19LGW,SEAT,LEON,5-6 years old,hatchback,PETROL,manual,BLUE,9900,66933,0.8091714333,5
NA23EBJ,FORD,PUMA,0-2 years old,suv,PETROL,semiAutomatic,GREY,20480,16114,0.5835296981,8
LV20DUH,MINI,HATCHBACK,5-6 years old,hatchback,PETROL,semiAutomatic,WHITE,15900,29761,0.787123148,5
SM21LBJ,CITROEN,C3 AIRCROSS,3-4 years old,suv,PETROL,manual,WHITE,12450,12757,0.6476655221,8
PJ22NCZ,MERCEDES-BENZ,A-CLASS,3-4 years old,saloon,PETROL,semiAutomatic,GREY,20400,26705,0.5409469791,5
CV22OZW,VAUXHALL,MOKKA,3-4 years old,suv,PETROL,manual,GREY,15400,17906,0.640482913,8
MW21LCC,VOLKSWAGEN,GOLF,3-4 years old,hatchback,PETROL,manual,GREY,12500,72165,0.6943525292,5
WD70FUV,MINI,CONVERTIBLE,3-4 years old,convertible,PETROL,manual,TURQUOISE,17450,15007,0.6401179391,4
FD21LYW,BMW,2 SERIES,3-4 years old,coupe,PETROL,semiAutomatic,ORANGE,16500,24597,0.7876565793,4
YH22RBV,VOLKSWAGEN,POLO,3-4 years old,hatchback,PETROL,manual,BLACK,15400,17124,0.5906678598,5
YN71OTK,FORD,KUGA,3-4 years old,suv,DIESEL,manual,BLUE,19350,16120,0.7998715055,8
KT17EUE,PEUGEOT,2008,7-8 years old,suv,PETROL,manual,GREY,6200,57267,0.7563519508,8
MA21PMO,SKODA,FABIA,3-4 years old,hatchback,PETROL,semiAutomatic,BLUE,13900,24673,0.8191915409,5
PE19EBA,CITROEN,BERLINGO,5-6 years old,mpv,PETROL,manual,BEIGE,13650,52271,0.4335189583,8
WA22YBW,MERCEDES-BENZ,CLA,3-4 years old,coupe,PETROL,semiAutomatic,BLUE,24480,12483,0.770713062,4
HK19OOW,RENAULT,CLIO,5-6 years old,hatchback,PETROL,manual,BLACK,8900,43224,0.7030785023,5
GL70NDE,BMW,X1,3-4 years old,suv,DIESEL,semiAutomatic,BLACK,19700,51287,0.8543611753,8
DE24HPA,CUPRA,FORMENTOR,0-2 years old,suv,PETROL,semiAutomatic,WHITE,21000,56535,0.8327926925,8
MJ68OJU,KIA,PICANTO,5-6 years old,hatchback,PETROL,manual,ORANGE,7800,22927,0.7156880317,5
YH70JXR,HYUNDAI,TUCSON,3-4 years old,suv,PETROL,manual,RED,15400,33174,0.6313526745,8
DC21YMP,SEAT,IBIZA,3-4 years old,hatchback,PETROL,manual,GREY,12400,34414,0.9314691585,5
LX21NKC,LAND ROVER,RANGE ROVER EVOQUE,3-4 years old,suv,PETROL,automatic,RED,22890,55027,0.5547613679,8
BG70HHV,FORD,PUMA,3-4 years old,suv,PETROL,manual,BLUE,13400,44232,0.7128731303,8
WN71EKV,TOYOTA,AYGO,3-4 years old,hatchback,PETROL,manual,BLACK,10540,13054,0.6931629206,5
ML21DKK,KIA,E-NIRO,3-4 years old,suv,ELECTRIC,automatic,SILVER,13300,51275,0.744720242,8
YD19EMJ,AUDI,A3,5-6 years old,hatchback,PETROL,manual,GREY,14900,38274,0.6700645137,5
WU72MFZ,AUDI,A3,0-2 years old,hatchback,PETROL,manual,WHITE,17690,15382,0.8145324178,5
FL23DGV,VAUXHALL,CROSSLAND,0-2 years old,suv,PETROL,manual,WHITE,13150,33609,0.4837373938,8
VF21LHO,VOLKSWAGEN,POLO,3-4 years old,hatchback,PETROL,manual,BLACK,15100,13849,0.7818902831,5
BT73DGY,KIA,NIRO,0-2 years old,suv,PETROLELECTRICHYBRID,automatic,RED,23390,13549,0.4535026301,8
EK22HHN,DS,DS 3 CROSSBACK,3-4 years old,suv,ELECTRIC,automatic,GREY,12100,13589,0.9669128132,8
DS22VWK,TOYOTA,AYGO X,3-4 years old,hatchback,PETROL,automatic,GREEN,13850,10146,0.6336073243,5
LB70FUM,CITROEN,C3,3-4 years old,hatchback,PETROL,manual,GREY,9000,33511,0.7690173945,5
EG18GKU,HYUNDAI,KONA,7-8 years old,suv,PETROL,manual,GREY,9650,57843,0.7050360005,8
CY18HXE,FIAT,500L,7-8 years old,hatchback,PETROL,manual,GREEN,7450,36923,0.3555930552,5
EA22LDL,FORD,PUMA,3-4 years old,suv,PETROL,manual,GREY,15890,19872,0.7128731303,8
YT68RSX,KIA,SPORTAGE,5-6 years old,suv,PETROL,manual,GREY,14440,34759,0.6034813803,8
MT21SPU,PEUGEOT,2008,3-4 years old,suv,DIESEL,manual,BLUE,13700,45446,0.6843196515,8
BG69BHX,PEUGEOT,308,5-6 years old,hatchback,PETROL,manual,WHITE,10400,46660,0.8186413252,5
OE21UPZ,FORD,FIESTA,3-4 years old,hatchback,PETROL,manual,BLUE,12150,23068,0.6970827391,5
NA22XME,BMW,X2,3-4 years old,suv,PETROLPLUGINELECTRICHYBRID,semiAutomatic,WHITE,20100,26587,0.8399770486,8
SB19CYV,FIAT,500,5-6 years old,hatchback,PETROL,manual,WHITE,8600,21587,0.7296316775,5
ND69TMV,DACIA,DUSTER,5-6 years old,suv,PETROL,manual,WHITE,9050,27092,0.6247692706,8
YP24TOV,TOYOTA,C-HR,0-2 years old,suv,PETROLELECTRICHYBRID,automatic,GREY,22900,13004,0.220060597,8
MM21PKE,SKODA,KAROQ,3-4 years old,suv,PETROL,automatic,WHITE,21400,29605,0.7692253029,8
DV20NYK,VAUXHALL,CORSA,5-6 years old,hatchback,PETROL,manual,WHITE,10500,42187,0.782442271,5
SA73NWZ,PEUGEOT,208,0-2 years old,hatchback,PETROL,semiAutomatic,YELLOW,15900,5622,0.4379980628,5
LS22ZPU,MAZDA,MAZDA2,3-4 years old,hatchback,PETROL,manual,WHITE,11650,22548,0.7939061459,5
SL21FSG,BMW,8 SERIES GRAN COUPE,3-4 years old,coupe,PETROL,semiAutomatic,GREY,29070,57657,0.6319999888,4
FE19GZX,VAUXHALL,ASTRA,5-6 years old,estate,PETROL,semiAutomatic,WHITE,13250,9061,0.6229512593,7
AK72FNC,RENAULT,CLIO,0-2 years old,hatchback,PETROL,manual,ORANGE,12350,30445,0.560534836,5
GU70UGN,VOLKSWAGEN,PASSAT,3-4 years old,estate,PETROLPLUGINELECTRICHYBRID,semiAutomatic,BLACK,14900,58227,0.9241313152,7
SS19BYJ,SEAT,IBIZA,5-6 years old,hatchback,PETROL,manual,BLUE,10350,47037,0.9314691585,5
FL22FXG,TOYOTA,RAV4,3-4 years old,suv,PETROLELECTRICHYBRID,automatic,BLUE,24250,32982,0.8627539202,8
HK18WMA,CITROEN,C4 CACTUS,7-8 years old,suv,PETROL,semiAutomatic,BLUE,10400,37944,0.8513538036,8
YH21AUW,LAND ROVER,DISCOVERY SPORT,3-4 years old,suv,DIESEL,automatic,BLACK,23850,56431,0.7529918204,8
GY18EXV,BMW,X2,7-8 years old,suv,PETROL,semiAutomatic,ORANGE,18400,22855,0.6858575951,8
WU68WDG,VAUXHALL,CORSA,5-6 years old,hatchback,PETROL,manual,SILVER,8590,19318,0.8512996345,5
GY21RZB,VOLKSWAGEN,PASSAT,3-4 years old,estate,PETROLPLUGINELECTRICHYBRID,semiAutomatic,GREY,14400,75014,0.9241313152,7
RO68OTP,BMW,X3,5-6 years old,suv,PETROL,semiAutomatic,BRONZE,28100,52742,0.5918391921,8
DA71FGJ,VOLVO,XC40,3-4 years old,suv,PETROLPLUGINELECTRICHYBRID,semiAutomatic,GREY,22900,18683,0.841771532,8
LO70JDU,BMW,1 SERIES,3-4 years old,hatchback,DIESEL,semiAutomatic,GREY,15000,71118,0.8368662878,5
RE71PTO,KIA,STONIC,3-4 years old,suv,PETROL,manual,RED,12890,26198,0.5759311047,8
VO22DWL,PEUGEOT,3008,3-4 years old,suv,PETROL,semiAutomatic,BLACK,17900,42924,0.5785007542,8
LD22DMO,VOLKSWAGEN,POLO,3-4 years old,hatchback,PETROL,manual,RED,15400,15191,0.480142211,5
HJ22XJZ,AUDI,A1,3-4 years old,hatchback,PETROL,manual,GREY,17360,38428,0.7332015042,5
DA70DZP,HYUNDAI,I10,3-4 years old,hatchback,PETROL,semiAutomatic,SILVER,13150,16715,0.5791818652,5
WV21ESG,CITROEN,C3 AIRCROSS,3-4 years old,suv,PETROL,manual,WHITE,10350,31156,0.3351844045,8
LM69BNJ,MERCEDES-BENZ,A-CLASS,5-6 years old,hatchback,PETROL,semiAutomatic,WHITE,19200,26986,0.5949631221,5
SP71HVN,MAZDA,CX-30,3-4 years old,suv,PETROL,manual,BLACK,15600,32468,0.6492626521,8
HN73LNF,NISSAN,QASHQAI,0-2 years old,suv,PETROL,manual,GREY,20350,14773,0.7330659407,8
CY24AFO,SKODA,FABIA,0-2 years old,hatchback,PETROL,manual,WHITE,15900,5276,0.4291530241,5
VN70XRU,VOLKSWAGEN,T-ROC,3-4 years old,suv,PETROL,semiAutomatic,WHITE,20570,12371,0.8008007235,8
MW71ZDR,VOLKSWAGEN,ID.3,3-4 years old,hatchback,ELECTRIC,automatic,BLUE,13600,44821,0.8075787482,5
DV72OUK,RENAULT,CLIO,0-2 years old,hatchback,PETROLELECTRICHYBRID,automatic,ORANGE,16250,11278,0.7902282391,5
AK20LWF,VOLKSWAGEN,GOLF,5-6 years old,hatchback,PETROL,manual,SILVER,14800,25406,0.7351986784,5
MA20GLV,BMW,5 SERIES,5-6 years old,saloon,DIESEL,semiAutomatic,BLUE,21400,42426,0.4750361643,5
MW21PZM,VOLKSWAGEN,T-ROC,3-4 years old,suv,PETROL,semiAutomatic,WHITE,18880,32267,0.8008007235,8
EF68YNE,BMW,X1,5-6 years old,suv,PETROL,semiAutomatic,WHITE,16600,28381,0.5361298183,8
MJ21NLF,AUDI,A3,3-4 years old,hatchback,PETROL,manual,BLACK,16250,16496,0.8952300327,5
SB71HDZ,AUDI,Q3,3-4 years old,suv,PETROL,manual,GREY,19670,21602,0.795270973,8
CJ21LMM,CITROEN,C3,3-4 years old,hatchback,PETROL,semiAutomatic,GREY,11450,38710,0.4021003964,5
OY18XHP,AUDI,Q2,7-8 years old,suv,PETROL,semiAutomatic,GREY,17500,27488,0.7759086426,8
DE68XOF,SEAT,ARONA,5-6 years old,suv,DIESEL,manual,RED,10600,43621,0.7204193921,8
LD71HZT,BMW,3 SERIES,3-4 years old,saloon,PETROL,semiAutomatic,BLACK,25200,25781,0.8997671264,5
M123MLN,LAND ROVER,RANGE ROVER EVOQUE,7-8 years old,suv,DIESEL,automatic,RED,18500,43754,0.7822118195,8
BP23HFC,FORD,KUGA,0-2 years old,suv,PETROL,manual,BLACK,20650,16457,0.6889921845,8
MK22BAU,SEAT,ARONA,3-4 years old,suv,PETROL,semiAutomatic,RED,14660,15605,0.7021550419,8
BT21VPN,VOLVO,XC40,3-4 years old,suv,PETROLPLUGINELECTRICHYBRID,semiAutomatic,WHITE,19800,61832,0.7494379774,8
LE24HCC,MG,ZS,0-2 years old,suv,PETROL,semiAutomatic,ORANGE,16190,14839,0.5980213349,8
YR70BHZ,HYUNDAI,TUCSON,3-4 years old,suv,DIESEL,semiAutomatic,RED,17800,25320,0.7385248579,8
LS21MLO,VOLKSWAGEN,POLO,3-4 years old,hatchback,PETROL,manual,BLACK,15000,21274,0.6007810036,5
BJ22GGU,PEUGEOT,3008,3-4 years old,suv,DIESEL,manual,GREY,15950,41936,0.6928803204,8
LL21VLV,MERCEDES-BENZ,GLA,3-4 years old,suv,PETROLPLUGINELECTRICHYBRID,semiAutomatic,GREY,24850,18584,0.7885374319,8
LB70YBX,CITROEN,C3,3-4 years old,hatchback,PETROL,manual,BLUE,10400,20126,0.7690173945,5
EF22WKA,MINI,HATCHBACK,3-4 years old,hatchback,ELECTRIC,automatic,SILVER,12900,11562,0.9581766853,5
WO73AXR,CITROEN,C3 AIRCROSS,0-2 years old,suv,PETROL,semiAutomatic,GREY,17850,16187,0.5361269806,8
SH68JZC,AUDI,A3,5-6 years old,hatchback,DIESEL,semiAutomatic,BLACK,11670,66765,0.7915097728,5
LB69DWM,CITROEN,C3,5-6 years old,hatchback,PETROL,manual,GREY,9250,40298,0.7299614002,5
LD20YJK,BMW,4 SERIES GRAN COUPE,5-6 years old,hatchback,DIESEL,semiAutomatic,BLACK,16900,75511,0.8989841957,5
OV22YHG,JAGUAR,I-PACE,3-4 years old,suv,ELECTRIC,automatic,BLACK,22450,34156,0.7460899293,8
SM17CFN,VOLVO,V40,7-8 years old,hatchback,DIESEL,semiAutomatic,GOLD,13100,30779,0.2951348854,5
YR22NCJ,PEUGEOT,3008,3-4 years old,suv,DIESEL,semiAutomatic,WHITE,18850,24728,0.7258018801,8
VN68EXP,AUDI,SQ5,5-6 years old,suv,PETROL,semiAutomatic,BLUE,28450,37221,0.5616523085,8
GV21YYM,VAUXHALL,GRANDLAND X,3-4 years old,suv,PETROL,manual,BLUE,13190,36426,0.6069233549,8
MA68YXN,BMW,X2,5-6 years old,suv,PETROL,semiAutomatic,WHITE,16550,42322,0.9368747551,8
GX68OHW,BMW,4 SERIES GRAN COUPE,5-6 years old,hatchback,PETROL,semiAutomatic,BLACK,13600,78643,0.7681792704,5
NK69NSF,VOLVO,XC40,5-6 years old,suv,PETROL,manual,RED,17290,27160,0.9063092306,8
DA69TYT,AUDI,A5,5-6 years old,hatchback,DIESEL,semiAutomatic,SILVER,19170,41785,0.7604736546,5
YE21LVR,AUDI,A4 AVANT,3-4 years old,estate,PETROL,semiAutomatic,BLACK,18650,62206,0.4992825679,7
KN22XPH,PEUGEOT,2008,3-4 years old,suv,PETROL,semiAutomatic,BLUE,16650,39031,0.7474551951,8
EG19PWX,FORD,FOCUS,5-6 years old,estate,DIESEL,manual,ORANGE,10900,72663,0.6492574845,7
CF21NJU,VOLKSWAGEN,POLO,3-4 years old,hatchback,PETROL,manual,BLACK,14700,20347,0.8941247425,5
AY71FEO,BMW,1 SERIES,3-4 years old,hatchback,PETROL,semiAutomatic,GREY,18700,55680,0.7094367777,5
EA20GUW,FORD,FIESTA,5-6 years old,hatchback,PETROL,manual,BLUE,9500,49455,0.5885436695,5
DF68LMX,KIA,CEED,5-6 years old,hatchback,PETROL,manual,GREY,10200,47946,0.5478021373,5
MJ21TVD,SKODA,KAROQ,3-4 years old,suv,PETROL,automatic,WHITE,21600,17684,0.7692253029,8
YP70LLX,FORD,FOCUS,3-4 years old,hatchback,PETROL,manual,BLACK,9450,78371,0.7981126547,5
LT22VBJ,PEUGEOT,E-208,3-4 years old,hatchback,ELECTRIC,automatic,BLACK,13750,21215,0.6546918538,5
NU22OWR,AUDI,Q2,3-4 years old,suv,DIESEL,semiAutomatic,BLACK,19550,21739,0.805217877,8
CK71KWY,SEAT,ATECA,3-4 years old,suv,PETROL,manual,BLACK,16500,21710,0.6991191212,8
KR66ODE,VOLKSWAGEN,SCIROCCO,7-8 years old,coupe,DIESEL,manual,BLACK,12800,57268,0.458106004,4
EU22XSH,FIAT,500,3-4 years old,hatchback,PETROL,manual,GREY,9900,22757,0.9526462946,5
VN22WUK,VAUXHALL,CORSA,3-4 years old,hatchback,PETROL,automatic,GREY,14790,11268,0.721132428,5
DK22ODL,FORD,FOCUS,3-4 years old,hatchback,PETROL,manual,RED,11650,56705,0.6333924139,5
RV70UUY,AUDI,A4 AVANT,3-4 years old,estate,DIESEL,semiAutomatic,BLACK,21400,60188,0.681345998,7
CP71NBA,VOLVO,XC40,3-4 years old,suv,PETROLPLUGINELECTRICHYBRID,semiAutomatic,RED,20900,46220,0.8771427518,8
RK68NVU,SKODA,FABIA,5-6 years old,hatchback,PETROL,manual,WHITE,6950,78261,0.7047048935,5
YR20AZV,FORD,FOCUS,5-6 years old,estate,DIESEL,manual,SILVER,9500,69395,0.7658328515,7
MT72KCJ,SKODA,KAMIQ,0-2 years old,suv,PETROL,manual,BLACK,13650,29328,0.7272509978,8
DP19CKX,VAUXHALL,MOKKA X,5-6 years old,suv,PETROL,manual,SILVER,8250,62553,0.614980334,8
S11JXR,PEUGEOT,3008,5-6 years old,suv,PETROL,manual,WHITE,11100,60852,0.767804075,8
LY19FFB,KIA,SPORTAGE,5-6 years old,suv,PETROL,manual,BLUE,13620,40393,0.6034813803,8
YE21BWU,SEAT,ATECA,3-4 years old,suv,PETROL,semiAutomatic,GREY,17250,27445,0.6951871345,8
DE22MLL,VOLKSWAGEN,GOLF,3-4 years old,hatchback,PETROL,manual,GREY,16650,17089,0.6943525292,5
AK22UJD,PEUGEOT,2008,3-4 years old,suv,PETROL,manual,WHITE,12500,52764,0.7650901681,8
FE23AGV,VAUXHALL,MOKKA-E,0-2 years old,suv,ELECTRIC,automatic,BLACK,15500,15228,0.7316219578,8
FL24UJV,MG,HS,0-2 years old,suv,PETROL,semiAutomatic,BLUE,17320,19069,0.6224396776,8
VO68XRZ,FORD,KA+,5-6 years old,hatchback,PETROL,manual,BLACK,8100,48830,0.7312512865,5
DS69XWX,VAUXHALL,CORSA,5-6 years old,hatchback,PETROL,manual,SILVER,9800,23981,0.6514062209,5
DE21HMJ,SEAT,ATECA,3-4 years old,suv,PETROL,semiAutomatic,GREY,16100,37952,0.7158785502,8
DS22CLN,RENAULT,ARKANA,3-4 years old,suv,PETROLELECTRICHYBRID,semiAutomatic,BLACK,16200,26068,0.7307925943,8
SB71YVN,VAUXHALL,CORSA,3-4 years old,hatchback,PETROL,manual,GREY,10600,13706,0.8135150837,5
YB23UZT,NISSAN,JUKE,0-2 years old,suv,PETROL,manual,SILVER,13350,40344,0.6673581562,8
FG72MXY,BMW,IX3,0-2 years old,suv,ELECTRIC,automatic,GREY,30290,27339,0.4604073707,8
BX18NWM,MINI,HATCHBACK,7-8 years old,hatchback,PETROL,semiAutomatic,GREY,14050,53212,0.3845445772,5
LA24MME,FORD,PUMA,0-2 years old,suv,PETROL,semiAutomatic,SILVER,19340,21538,0.5714079223,8
GY69LVS,FORD,FIESTA,5-6 years old,hatchback,PETROL,manual,RED,9200,35296,0.7436463026,5
RJ71ZNK,AUDI,A1,3-4 years old,hatchback,PETROL,semiAutomatic,WHITE,20300,35692,0.4547456371,5
FE20UWX,SEAT,ARONA,5-6 years old,suv,PETROL,semiAutomatic,RED,15000,20563,0.7605276522,8
LC18YSL,VOLKSWAGEN,GOLF,7-8 years old,hatchback,PETROL,semiAutomatic,WHITE,15000,38000,0.6686215023,5
FY22UOH,BMW,1 SERIES,3-4 years old,hatchback,PETROL,semiAutomatic,WHITE,20200,27482,0.7094367777,5
YR68EGJ,FORD,FOCUS,5-6 years old,hatchback,DIESEL,manual,WHITE,10700,68853,0.7214041137,5
NC21WSW,FORD,FIESTA,3-4 years old,hatchback,PETROL,manual,BLACK,13900,18420,0.8063289029,5
CX22VWB,CITROEN,C5 AIRCROSS,3-4 years old,suv,PETROL,manual,BLUE,14890,15110,0.6123609164,8
SD70ZHY,VOLKSWAGEN,GOLF,3-4 years old,hatchback,PETROL,manual,SILVER,19250,27197,0.6152056805,5
LL69WXA,SEAT,ARONA,5-6 years old,suv,PETROL,manual,RED,11100,31272,0.6872801374,8
LM23TEO,PEUGEOT,E-208,0-2 years old,hatchback,ELECTRIC,automatic,YELLOW,14900,12146,0.6425736106,5
PF21XCZ,MINI,COUNTRYMAN,3-4 years old,suv,PETROL,semiAutomatic,GREY,20600,19395,0.5222274533,8
SW67NYZ,NISSAN,JUKE,7-8 years old,suv,PETROL,manual,RED,8250,51323,0.5274521163,8
KE19VVH,TOYOTA,AYGO,5-6 years old,hatchback,PETROL,manual,GREY,9200,16683,0.6334621188,5
YF22UJC,TOYOTA,YARIS CROSS,3-4 years old,estate,PETROLELECTRICHYBRID,automatic,WHITE,17900,16915,0.5323050962,7
MK68OKH,MINI,CONVERTIBLE,5-6 years old,convertible,PETROL,semiAutomatic,ORANGE,14950,28273,0.5617586446,4
FY67PPF,TOYOTA,YARIS,7-8 years old,hatchback,PETROLELECTRICHYBRID,automatic,BRONZE,11900,29256,0.7117771095,5
MA71FZV,SKODA,KAROQ,3-4 years old,suv,PETROL,automatic,WHITE,20950,24617,0.7692253029,8
YE70PCX,BMW,1 SERIES,3-4 years old,hatchback,DIESEL,manual,BLACK,13700,49919,0.8951281863,5
HN21JYB,BMW,3 SERIES,3-4 years old,estate,DIESEL,semiAutomatic,GREY,21880,48907,0.6112960821,7
YP69LUL,FORD,FOCUS,5-6 years old,hatchback,PETROL,manual,GREY,11100,49872,0.7102910802,5
VE21XXB,VOLKSWAGEN,T-ROC,3-4 years old,suv,PETROL,semiAutomatic,BLACK,17950,48063,0.8008007235,8
VK20USZ,VAUXHALL,CORSA,5-6 years old,hatchback,PETROL,manual,ORANGE,10850,36316,0.7226290511,5
KN72PKA,VOLKSWAGEN,TIGUAN,0-2 years old,suv,PETROL,semiAutomatic,GREY,21930,10933,0.7514274034,8
HK71WXW,HYUNDAI,KONA,3-4 years old,suv,ELECTRIC,automatic,GREEN,15250,34706,0.6048001615,8
OE69FKX,LAND ROVER,RANGE ROVER EVOQUE,5-6 years old,suv,DIESEL,manual,GREY,16550,49880,0.8760384768,8
KP21MDN,MERCEDES-BENZ,EQA,3-4 years old,suv,ELECTRIC,automatic,BLUE,20650,25794,0.778763284,8
CU70VLZ,NISSAN,X-TRAIL,3-4 years old,suv,DIESEL,automatic,BLACK,17250,35546,0.6673940395,8
WD19VZA,MINI,COUNTRYMAN,5-6 years old,suv,PETROL,semiAutomatic,SILVER,15550,34000,0.6395032123,8
LM22DVB,MERCEDES-BENZ,A-CLASS,3-4 years old,hatchback,PETROL,semiAutomatic,BLUE,19700,40174,0.7140729351,5
LS21UPP,AUDI,A3,3-4 years old,hatchback,PETROL,semiAutomatic,RED,20550,30686,0.8396040997,5
MT19BYD,RENAULT,CAPTUR,5-6 years old,suv,PETROL,manual,ORANGE,8550,52366,0.6774033854,8
DN22HTD,BMW,3 SERIES,3-4 years old,saloon,PETROLPLUGINELECTRICHYBRID,semiAutomatic,WHITE,17300,54149,0.9591916977,5
WD19YBN,MERCEDES-BENZ,GLE,5-6 years old,suv,DIESEL,semiAutomatic,BLACK,32200,48124,0.4558253194,8
KO68UUT,VAUXHALL,MOKKA X,5-6 years old,suv,PETROL,manual,WHITE,8200,60508,0.7158333313,8
ND19NUW,KIA,PICANTO,5-6 years old,hatchback,PETROL,manual,BLUE,7800,36981,0.6131985929,5
MA20LCL,MAZDA,MAZDA3,5-6 years old,hatchback,PETROL,manual,BLUE,14500,30728,0.6166717447,5
LB70YDF,DS,DS 3 CROSSBACK,3-4 years old,suv,PETROL,semiAutomatic,WHITE,14100,18875,0.7968568419,8
GX19GBU,FORD,FIESTA,5-6 years old,hatchback,PETROL,manual,RED,8950,43801,0.7074737961,5
FT21XBF,KIA,E-NIRO,3-4 years old,suv,ELECTRIC,automatic,GREY,12900,49899,0.744720242,8
BG23KUJ,FORD,FOCUS,0-2 years old,estate,PETROL,manual,WHITE,15630,26449,0.4124299851,7
DF21JDX,SEAT,MII,3-4 years old,hatchback,ELECTRIC,automatic,WHITE,10150,12842,0.710498316,5
VK71HJC,VAUXHALL,CORSA-E,3-4 years old,hatchback,ELECTRIC,automatic,WHITE,11250,21558,0.8840726497,5
HT22AXH,BMW,2 SERIES GRAN COUPE,3-4 years old,saloon,PETROL,semiAutomatic,BLACK,26400,21694,0.4683335492,5
RV20WGA,MERCEDES-BENZ,CLA,5-6 years old,coupe,PETROL,semiAutomatic,GREY,19800,72082,0.940422595,4
LL68GPO,HYUNDAI,I10,5-6 years old,hatchback,PETROL,semiAutomatic,RED,10000,27345,0.6814770786,5
WR21DYH,AUDI,E-TRON,3-4 years old,suv,ELECTRIC,automatic,BLACK,18800,39486,0.7996638824,8
SE68XTA,FIAT,500,5-6 years old,hatchback,PETROL,manual,GREY,7400,32922,0.7415576626,5
DE22XMP,AUDI,A1,3-4 years old,hatchback,PETROL,manual,WHITE,16340,18264,0.8330010305,5
BK18ZKG,TOYOTA,AYGO,7-8 years old,hatchback,PETROL,manual,WHITE,6900,52679,0.6421966284,5
SL22PUH,BMW,I4 GRAN COUPE,3-4 years old,hatchback,ELECTRIC,automatic,BLUE,29200,16153,0.4002915125,5
VF22SXW,AUDI,A1,3-4 years old,hatchback,PETROL,manual,WHITE,17120,16612,0.616833383,5
CF71AOJ,CITROEN,C4,3-4 years old,hatchback,PETROL,semiAutomatic,GREY,14290,28116,0.8144397722,5
FT22DHE,NISSAN,LEAF,3-4 years old,hatchback,ELECTRIC,automatic,GREY,10690,13164,0.4327252831,5
ST18OVS,RENAULT,CAPTUR,7-8 years old,suv,DIESEL,semiAutomatic,SILVER,11700,23308,0.510531041,8
EX69MEU,PEUGEOT,3008,5-6 years old,suv,PETROL,semiAutomatic,GREY,15600,18433,0.7693951684,8
LR67VBZ,MERCEDES-BENZ,CLA,7-8 years old,coupe,DIESEL,semiAutomatic,BLACK,11900,77120,0.4203563315,4
VO69FDD,VAUXHALL,MOKKA X,5-6 years old,suv,PETROL,semiAutomatic,GREY,12500,33484,0.6194129886,8
ST22MUB,PEUGEOT,3008,3-4 years old,suv,DIESEL,manual,BLUE,16300,48623,0.7737695587,8
DV72WNO,HYUNDAI,IONIQ 5,0-2 years old,suv,ELECTRIC,automatic,WHITE,19890,15254,0.6286737019,8
ML69LWE,VAUXHALL,MOKKA X,5-6 years old,suv,PETROL,manual,WHITE,9890,21899,0.7248686313,8
LF69NYV,PEUGEOT,208,5-6 years old,hatchback,PETROL,manual,GREY,10050,16914,0.7821582371,5
VK21CKC,VAUXHALL,CORSA,3-4 years old,hatchback,PETROL,manual,ORANGE,11100,19419,0.7807076729,5
MM21PCZ,SKODA,KAROQ,3-4 years old,suv,PETROL,automatic,GREY,20000,42050,0.7692253029,8
CJ72JAU,PEUGEOT,508,0-2 years old,hatchback,PETROL,semiAutomatic,GREY,16100,38724,0.7407828303,5
ND23MME,NISSAN,ARIYA,0-2 years old,suv,ELECTRIC,automatic,GREEN,22180,12640,0.2151100278,8
SW20AYE,VAUXHALL,ASTRA,5-6 years old,hatchback,PETROL,manual,BLUE,9100,57468,0.7380578911,5
SY22WGZ,HYUNDAI,TUCSON,3-4 years old,suv,PETROL,manual,GREY,19850,36069,0.7132848609,8
YC69OTV,BMW,4 SERIES,5-6 years old,coupe,PETROL,semiAutomatic,BLUE,18330,31762,0.9045103422,4
AV22HHW,BMW,X1,3-4 years old,suv,PETROL,semiAutomatic,GREY,22350,31692,0.9156522029,8
EF68TBZ,HYUNDAI,TUCSON,5-6 years old,suv,PETROL,manual,BLACK,12350,44813,0.7231668933,8
OV18OKF,AUDI,Q2,7-8 years old,suv,PETROL,semiAutomatic,GREY,17600,31000,0.6620497378,8
GD69DSZ,VOLKSWAGEN,PASSAT,5-6 years old,saloon,DIESEL,manual,BLACK,11640,67557,0.6759702693,5
BW67HZY,FORD,FOCUS,7-8 years old,hatchback,PETROL,semiAutomatic,RED,11050,23188,0.496090751,5
KR22YVC,VAUXHALL,MOKKA-E,3-4 years old,suv,ELECTRIC,automatic,BLACK,13250,14594,0.8684809309,8
FT73XJB,CUPRA,BORN,0-2 years old,hatchback,ELECTRIC,automatic,GREY,20900,9452,0.7540722133,5
CL10ROS,RENAULT,CLIO,5-6 years old,hatchback,PETROL,manual,RED,10200,15986,0.7030785023,5
SB19YGL,VAUXHALL,CORSA,5-6 years old,hatchback,PETROL,manual,BLACK,8350,40713,0.6514062209,5
VO16UXJ,VOLKSWAGEN,GOLF,9+ years old,hatchback,DIESEL,manual,WHITE,10300,50363,0.4855254148,5
YK20OCD,LAND ROVER,RANGE ROVER VELAR,5-6 years old,suv,DIESEL,automatic,BLACK,28850,29233,0.3639049191,8
SK70GWX,NISSAN,LEAF,3-4 years old,hatchback,ELECTRIC,automatic,WHITE,7500,47682,0.7397459502,5
BG22SXR,NISSAN,QASHQAI,3-4 years old,suv,PETROL,semiAutomatic,BLACK,18450,40978,0.7974708032,8
YG22MZU,VOLKSWAGEN,GOLF,3-4 years old,hatchback,DIESEL,manual,SILVER,15330,49412,0.868363609,5
YD22OYC,PEUGEOT,2008,3-4 years old,suv,PETROL,manual,BLUE,14850,34603,0.6867148172,8
YO21BXE,FORD,FIESTA,3-4 years old,hatchback,PETROL,manual,BLUE,10750,60132,0.7343654421,5
OW17HKY,JAGUAR,F-PACE,7-8 years old,suv,DIESEL,automatic,GREY,15400,73406,0.7459557371,8
MW69SYX,AUDI,Q5,5-6 years old,suv,DIESEL,semiAutomatic,GREY,22400,65923,0.7118386645,8
DP69KPG,VAUXHALL,GRANDLAND X,5-6 years old,suv,PETROL,manual,BLUE,11530,48677,0.6069233549,8
PF70UJH,PEUGEOT,2008,3-4 years old,suv,PETROL,semiAutomatic,ORANGE,14550,38420,0.7459295023,8
FM21URH,TOYOTA,C-HR,3-4 years old,suv,PETROLELECTRICHYBRID,automatic,WHITE,14900,53461,0.8159571805,8
BD22RKO,FORD,KUGA,3-4 years old,suv,PETROLELECTRICHYBRID,automatic,SILVER,19300,34358,0.6634708679,8
KR73GNV,CITROEN,C3 AIRCROSS,0-2 years old,suv,PETROL,semiAutomatic,GREY,16260,14382,0.4892772651,8
PF21JVZ,AUDI,TT,3-4 years old,coupe,PETROL,semiAutomatic,WHITE,20450,64046,0.5323966866,4
GY21CGF,BMW,1 SERIES,3-4 years old,hatchback,DIESEL,manual,GREY,19850,23625,0.7381958215,5
HV69HCN,BMW,2 SERIES,5-6 years old,coupe,PETROL,semiAutomatic,RED,15300,45948,0.7744281551,4
WD67GKZ,MERCEDES-BENZ,A-CLASS,7-8 years old,hatchback,PETROL,manual,WHITE,12850,49135,0.7121412453,5
YE21GJJ,SEAT,ATECA,3-4 years old,suv,PETROL,manual,GREY,15990,31589,0.612215839,8
LF21SOM,JAGUAR,E-PACE,3-4 years old,suv,PETROLPLUGINELECTRICHYBRID,automatic,BLUE,24450,33836,0.4911538089,8
CA23EOH,CITROEN,C5 AIRCROSS,0-2 years old,suv,PETROLPLUGINELECTRICHYBRID,semiAutomatic,GREY,19900,20058,0.7155889681,8
EY69PYU,AUDI,Q2,5-6 years old,suv,DIESEL,manual,WHITE,17520,28091,0.9368935951,8
VK20UOC,VAUXHALL,CROSSLAND X,5-6 years old,suv,PETROL,manual,BLUE,9850,36131,0.766707443,8
LR68LFX,TOYOTA,AYGO,5-6 years old,hatchback,PETROL,manual,GREY,9500,13438,0.5559641305,5
KR19OUH,MERCEDES-BENZ,A-CLASS,5-6 years old,hatchback,DIESEL,semiAutomatic,BLACK,16050,48145,0.6803155967,5
BJ18YNC,FORD,FIESTA,7-8 years old,hatchback,PETROL,manual,GREY,8650,37603,0.6208554799,5
BJ68GHF,VOLKSWAGEN,POLO,5-6 years old,hatchback,PETROL,manual,SILVER,11670,30048,0.763932549,5
EY71YXM,KIA,STONIC,3-4 years old,suv,PETROL,manual,WHITE,12600,39164,0.566784094,8
BL70SWO,BMW,2 SERIES GRAN COUPE,3-4 years old,saloon,PETROL,semiAutomatic,BLUE,20160,22748,0.8931336541,5
KJ18KWK,VOLKSWAGEN,TIGUAN,7-8 years old,suv,DIESEL,semiAutomatic,GREY,17450,45052,0.694129901,8
LA68FXH,MINI,HATCHBACK,5-6 years old,hatchback,PETROL,manual,GREY,11900,29203,0.6518794009,5
LP21NVG,PEUGEOT,5008,3-4 years old,suv,PETROL,semiAutomatic,GREY,21800,14921,0.8317973077,8
VU69XSP,VOLKSWAGEN,GOLF,5-6 years old,hatchback,PETROL,semiAutomatic,BLUE,21890,24253,0.7212526057,5
NV24DWY,HYUNDAI,KONA,0-2 years old,suv,ELECTRIC,automatic,WHITE,21850,7770,0.2762431833,8
SG22PFE,TESLA,MODEL Y,3-4 years old,suv,ELECTRIC,automatic,WHITE,23550,46149,0.7482291178,8
SJ19UPD,AUDI,A3,5-6 years old,hatchback,PETROL,manual,BLACK,13850,48824,0.6000250087,5
YB18WGP,SEAT,LEON,7-8 years old,hatchback,DIESEL,semiAutomatic,BLUE,11650,40231,0.7118704546,5
MJ21TXR,SKODA,KAROQ,3-4 years old,suv,PETROL,automatic,GREY,20550,37949,0.7692253029,8
FH21VPF,BMW,2 SERIES GRAN COUPE,3-4 years old,saloon,DIESEL,manual,WHITE,15820,57612,0.5429570297,5
HN70LCM,SEAT,IBIZA,3-4 years old,hatchback,PETROL,manual,WHITE,13160,32220,0.6646447971,5
HJ67YPT,AUDI,S1,7-8 years old,hatchback,PETROL,manual,GREY,17900,31152,0.2751039121,5
YC70LVZ,TOYOTA,COROLLA,3-4 years old,hatchback,PETROLELECTRICHYBRID,automatic,RED,15300,29559,0.7874592835,5
PJ70LPA,VOLKSWAGEN,TIGUAN,3-4 years old,suv,PETROL,semiAutomatic,BLACK,22000,41127,0.7643419923,8
KN19JLR,PEUGEOT,308,5-6 years old,hatchback,DIESEL,manual,GREY,11450,41592,0.5750590157,5
KO19XKC,PEUGEOT,308,5-6 years old,hatchback,PETROL,manual,BLACK,10000,39300,0.8186413252,5
OE22EMX,FORD,PUMA,3-4 years old,suv,PETROL,manual,BLUE,15250,38947,0.6526485189,8
CA22UCC,HYUNDAI,KONA,3-4 years old,suv,PETROL,manual,GREY,15400,17179,0.5253258003,8
LX19WXZ,VAUXHALL,GRANDLAND X,5-6 years old,suv,PETROL,automatic,PURPLE,13800,31676,0.6763454375,8
KE69ZNH,MERCEDES-BENZ,GLA,5-6 years old,suv,PETROL,semiAutomatic,BLACK,18800,37129,0.8807674458,8
LM22UCF,MAZDA,CX-30,3-4 years old,suv,PETROL,automatic,WHITE,17190,29107,0.5705797599,8
BF19HME,VAUXHALL,ADAM,5-6 years old,hatchback,PETROL,manual,GREY,8550,34716,0.7567003225,5
YG22OAE,VOLKSWAGEN,GOLF,3-4 years old,hatchback,DIESEL,manual,BLACK,18230,17206,0.868363609,5
FE22CFF,CITROEN,C5 AIRCROSS,3-4 years old,suv,DIESEL,manual,GREY,14630,29939,0.7098299292,8
BK20ZGA,LAND ROVER,DISCOVERY SPORT,5-6 years old,suv,PETROL,automatic,WHITE,22900,63920,0.6067959911,8
GU68UMM,NISSAN,QASHQAI,5-6 years old,suv,PETROL,manual,BLACK,11600,60050,0.4589505804,8
NL70CFP,TOYOTA,C-HR,3-4 years old,suv,PETROLELECTRICHYBRID,automatic,SILVER,18100,25609,0.632001864,8
LM22EUJ,MERCEDES-BENZ,A-CLASS,3-4 years old,hatchback,PETROL,semiAutomatic,WHITE,21500,16806,0.7140729351,5
VE22WXP,VAUXHALL,CORSA,3-4 years old,hatchback,PETROL,manual,GREY,11400,10100,0.8135150837,5
KU18MDF,AUDI,A4 AVANT,7-8 years old,estate,PETROL,manual,WHITE,12350,76116,0.3839070151,7
SM71XGB,VAUXHALL,MOKKA,3-4 years old,suv,PETROL,automatic,BLACK,16500,21188,0.6090784142,8
YG69EUM,TOYOTA,AYGO,5-6 years old,hatchback,PETROL,manual,BLACK,8000,69460,0.6334621188,5
PE69KYR,BMW,3 SERIES,5-6 years old,saloon,PETROLPLUGINELECTRICHYBRID,semiAutomatic,WHITE,16800,57255,0.8407131559,5
YG18EOJ,PEUGEOT,208,7-8 years old,hatchback,PETROL,manual,WHITE,9750,37067,0.598721257,5
GK18XFW,SKODA,RAPID SPACEBACK,7-8 years old,hatchback,PETROL,manual,BLACK,8350,47486,0.335715749,5
MV69AVK,MERCEDES-BENZ,A-CLASS,5-6 years old,saloon,DIESEL,semiAutomatic,BLACK,16400,43215,0.7792802737,5
RE69KXL,KIA,PROCEED,5-6 years old,estate,PETROL,manual,RED,11800,62544,0.5124742936,7
YC72BKF,VOLKSWAGEN,GOLF,0-2 years old,hatchback,DIESEL,manual,GREY,17010,34219,0.868363609,5
KM21WJG,AUDI,Q5,3-4 years old,suv,DIESEL,semiAutomatic,SILVER,28200,20396,0.5379685706,8
VN70FDD,VOLKSWAGEN,T-ROC,3-4 years old,suv,PETROL,semiAutomatic,BLUE,21590,21159,0.7672516598,8
LE71BYH,BMW,5 SERIES,3-4 years old,saloon,DIESEL,semiAutomatic,GREY,27810,19005,0.8221677605,5
DF70CYJ,VOLVO,XC60,3-4 years old,suv,DIESEL,semiAutomatic,RED,21510,79900,0.7561808569,8
RE68HPY,TOYOTA,AYGO,5-6 years old,hatchback,PETROL,semiAutomatic,BLACK,11300,14564,0.4429910063,5
EF69OPA,FORD,EDGE,5-6 years old,suv,DIESEL,semiAutomatic,BLACK,22600,28333,0.593541839,8
LS72VSY,MAZDA,CX-60,0-2 years old,suv,PETROLPLUGINELECTRICHYBRID,automatic,SILVER,28460,25040,0.3436814003,8
EK67CPF,MAZDA,MAZDA2,7-8 years old,hatchback,PETROL,automatic,BLUE,11170,31313,0.2491062258,5
RJ72HSY,VOLKSWAGEN,ID.5,0-2 years old,coupe,ELECTRIC,automatic,WHITE,21900,25902,0.5224128346,4
LY69FHN,VAUXHALL,CORSA,5-6 years old,hatchback,PETROL,manual,SILVER,8200,33511,0.6152724434,5
LC21RUR,AUDI,A4,3-4 years old,saloon,PETROL,semiAutomatic,GREY,20300,49222,0.6358771676,5
AJ21RLZ,VOLKSWAGEN,POLO,3-4 years old,hatchback,PETROL,manual,ORANGE,14500,11969,0.8941247425,5
WP21KHJ,AUDI,A4 AVANT,3-4 years old,estate,PETROL,semiAutomatic,WHITE,23210,32925,0.8134906782,7
YH69YPL,LEXUS,CT,5-6 years old,hatchback,PETROLELECTRICHYBRID,automatic,WHITE,16100,27942,0.4998953227,5
DC21ZJN,SEAT,ATECA,3-4 years old,suv,PETROL,manual,WHITE,14850,41463,0.7262711908,8
RX20FAO,VOLKSWAGEN,T-ROC,3-4 years old,suv,PETROL,semiAutomatic,WHITE,16700,49470,0.6302728038,8
MM69ZDN,KIA,SPORTAGE,5-6 years old,suv,DIESEL,manual,SILVER,11550,50551,0.5058557758,8
CA18JZU,VAUXHALL,VIVA,7-8 years old,hatchback,PETROL,manual,GREEN,5900,59778,0.533925917,5
CX18HSJ,HONDA,CR-V,7-8 years old,suv,DIESEL,manual,WHITE,11900,64150,0.4165524525,8
YE70CPX,RENAULT,CLIO,3-4 years old,hatchback,PETROL,manual,SILVER,11800,15260,0.7004193445,5
FL68NWM,VAUXHALL,INSIGNIA GRAND SPORT,5-6 years old,hatchback,DIESEL,manual,GREY,9750,64157,0.4175197609,5
YB71DYC,MINI,HATCHBACK,3-4 years old,hatchback,ELECTRIC,automatic,BLACK,13250,22576,0.9646294913,5
VO70ZWU,VAUXHALL,CORSA,3-4 years old,hatchback,PETROL,manual,RED,10500,24786,0.7807076729,5
NU21HFT,TOYOTA,RAV4,3-4 years old,suv,PETROLELECTRICHYBRID,automatic,BLACK,22900,71736,0.4338758709,8
PK71EHT,TOYOTA,AYGO,3-4 years old,hatchback,PETROL,manual,RED,10650,15808,0.6931629206,5
EF70XFO,MERCEDES-BENZ,A-CLASS,3-4 years old,hatchback,PETROLPLUGINELECTRICHYBRID,semiAutomatic,RED,16500,57527,0.7945657895,5
LB21KHJ,BMW,1 SERIES,3-4 years old,hatchback,DIESEL,manual,GREY,14150,74215,0.8185080787,5
DE22SYF,SEAT,ARONA,3-4 years old,suv,PETROL,manual,RED,14840,22861,0.2504454654,8
KY70KUC,HYUNDAI,IONIQ,3-4 years old,hatchback,ELECTRIC,automatic,WHITE,10150,42389,0.5568975715,5
RO21VHL,MERCEDES-BENZ,A-CLASS,3-4 years old,saloon,PETROLPLUGINELECTRICHYBRID,semiAutomatic,GREY,17450,43034,0.8051379537,5
NL22NFY,CITROEN,C3 AIRCROSS,3-4 years old,suv,PETROL,manual,GREY,12900,17274,0.6476655221,8
KM71YKY,BMW,X1,3-4 years old,suv,PETROLPLUGINELECTRICHYBRID,semiAutomatic,BLACK,19900,40021,0.7300667706,8
YA70FFC,KIA,XCEED,3-4 years old,hatchback,PETROL,semiAutomatic,WHITE,15390,26723,0.811810935,5
YO70BXG,FORD,FIESTA,3-4 years old,hatchback,PETROL,manual,BLACK,11400,37502,0.7065676714,5
ND21CZG,KIA,E-NIRO,3-4 years old,suv,ELECTRIC,automatic,SILVER,15000,39841,0.7100866966,8
SL22XKT,HYUNDAI,I20,3-4 years old,hatchback,PETROL,manual,GREY,13650,46729,0.454819295,5
AY19KZH,MAZDA,CX-5,5-6 years old,suv,PETROL,manual,GREY,16450,45096,0.184754162,8
YC69UBW,VAUXHALL,ADAM,5-6 years old,hatchback,PETROL,manual,BLACK,8100,35139,0.7383043636,5
VE69WLX,VOLKSWAGEN,GOLF,5-6 years old,hatchback,PETROL,semiAutomatic,GREY,21650,40218,0.6468223823,5
FL73TNK,TOYOTA,YARIS CROSS,0-2 years old,estate,PETROLELECTRICHYBRID,automatic,WHITE,21390,9753,0.5004442571,7
PO68LRV,ABARTH,595C,5-6 years old,convertible,PETROL,manual,RED,10950,33924,0.6493604007,4
SF20XNJ,FORD,ECOSPORT,5-6 years old,suv,PETROL,manual,SILVER,12100,22836,0.5868002265,8
SK71YCC,VAUXHALL,CORSA-E,3-4 years old,hatchback,ELECTRIC,automatic,ORANGE,10900,16256,0.8840726497,5
NU68VMC,KIA,SPORTAGE,5-6 years old,suv,PETROL,manual,BLUE,12840,51528,0.7391884959,8
DV22LBN,FORD,FOCUS,3-4 years old,hatchback,PETROL,manual,BLUE,13600,46358,0.6426382533,5
VK21XFN,VAUXHALL,CORSA,3-4 years old,hatchback,PETROL,manual,WHITE,11100,12469,0.7692563879,5
KV19SXJ,AUDI,Q2,5-6 years old,suv,DIESEL,semiAutomatic,BLACK,16900,35479,0.8322297463,8
MT70CXS,LAND ROVER,DISCOVERY SPORT,3-4 years old,suv,PETROLPLUGINELECTRICHYBRID,automatic,WHITE,19900,63487,0.8063527307,8
DS22PMX,HYUNDAI,TUCSON,3-4 years old,suv,PETROL,manual,WHITE,20900,27548,0.7132848609,8
VK21HUU,VOLKSWAGEN,POLO,3-4 years old,hatchback,PETROL,manual,BLUE,14800,11752,0.8941247425,5
GJ70UZR,LAND ROVER,DISCOVERY SPORT,3-4 years old,suv,PETROL,automatic,BLUE,20900,54066,0.6866213572,8
NG21WNF,TOYOTA,C-HR,3-4 years old,suv,PETROLELECTRICHYBRID,automatic,RED,16700,17785,0.8159571805,8
WO67NBG,FIAT,500,7-8 years old,hatchback,PETROL,manual,RED,6900,51906,0.7296316775,5
YS70LRV,FORD,FIESTA,3-4 years old,hatchback,PETROL,manual,WHITE,11250,34930,0.6445669954,5
E10SWB,MERCEDES-BENZ,C-CLASS,5-6 years old,estate,PETROL,semiAutomatic,WHITE,16220,51422,0.3746498737,7
AF21WMJ,LAND ROVER,DISCOVERY SPORT,3-4 years old,suv,PETROL,automatic,ORANGE,26200,34914,0.5429112633,8
SW19OFS,SKODA,KODIAQ,5-6 years old,suv,DIESEL,automatic,RED,21380,57664,0.6611341684,8
LP21NGN,PEUGEOT,E-208,3-4 years old,hatchback,ELECTRIC,automatic,RED,12250,20257,0.6425736106,5
AF22YCB,BMW,1 SERIES,3-4 years old,hatchback,PETROL,semiAutomatic,GREY,20100,42990,0.7094367777,5
LM22DSY,MERCEDES-BENZ,CLA,3-4 years old,estate,PETROL,semiAutomatic,WHITE,21500,33579,0.7094440119,7
WUI7447,FORD,KUGA,7-8 years old,suv,DIESEL,manual,WHITE,14200,30488,0.4934493221,8
KP21NUW,AUDI,A5,3-4 years old,hatchback,PETROL,semiAutomatic,BLACK,23210,19384,0.5543408378,5
KV19HRB,MERCEDES-BENZ,A-CLASS,5-6 years old,hatchback,PETROL,manual,BLACK,13800,58767,0.8358427381,5
BF21RZU,VOLKSWAGEN,TOUAREG,3-4 years old,suv,DIESEL,semiAutomatic,WHITE,36820,33700,0.4805565818,8
YC69UXB,SEAT,IBIZA,5-6 years old,hatchback,PETROL,manual,RED,12050,35885,0.7003584494,5
WR23JCY,FORD,KUGA,0-2 years old,suv,PETROL,manual,WHITE,20100,17023,0.6889921845,8
DC17FWW,VAUXHALL,INSIGNIA GRAND SPORT,7-8 years old,hatchback,PETROL,manual,SILVER,10800,22398,0.5234253359,5
BK21URX,DS,DS 3 CROSSBACK,3-4 years old,suv,ELECTRIC,automatic,GREY,11250,29955,0.6445161022,8
WU19OPA,DACIA,SANDERO STEPWAY,5-6 years old,hatchback,PETROL,manual,GREY,7600,35284,0.8185238706,5
DG20NDK,SKODA,SCALA,5-6 years old,hatchback,PETROL,manual,BLACK,11650,36843,0.3568960541,5
DS22VXD,MG,HS,3-4 years old,suv,PETROL,manual,WHITE,14500,23535,0.6103534847,8
DN71WPL,NISSAN,LEAF,3-4 years old,hatchback,ELECTRIC,automatic,GREY,10200,14934,0.6456046578,5
EK68RKA,FORD,KUGA,5-6 years old,suv,DIESEL,manual,WHITE,13850,48395,0.7792094554,8
YX73ZLE,VAUXHALL,CORSA,0-2 years old,hatchback,PETROL,manual,RED,13400,8989,0.5247269959,5
FD19AKZ,FORD,FOCUS,5-6 years old,hatchback,PETROL,manual,BLACK,10760,51008,0.7102910802,5
MJ18EOA,FORD,KUGA VIGNALE,7-8 years old,suv,DIESEL,manual,BLACK,14900,32409,0.1935005384,8
DV22KYC,FORD,FOCUS,3-4 years old,hatchback,PETROL,manual,SILVER,14550,34332,0.6426382533,5
FY68UOB,AUDI,Q2,5-6 years old,suv,PETROL,manual,WHITE,13200,58880,0.4622790041,8
FG22BPX,BMW,X2,3-4 years old,suv,PETROL,semiAutomatic,BLACK,19900,47739,0.8890574093,8
BC23XFK,RENAULT,CLIO,0-2 years old,hatchback,PETROLELECTRICHYBRID,automatic,GREY,15400,18719,0.5928803024,5
BP18HYG,BMW,X5,7-8 years old,suv,DIESEL,automatic,BLACK,25800,57111,0.5943064063,8
ND70HSU,AUDI,E-TRON,3-4 years old,suv,ELECTRIC,automatic,BLACK,17450,38884,0.7996638824,8
CF23OEJ,VOLVO,XC40,0-2 years old,suv,ELECTRIC,automatic,BLACK,23890,23307,0.4396102944,8
DV69VLC,SKODA,KAROQ,5-6 years old,suv,DIESEL,automatic,BLUE,18850,57441,0.7040238653,8
WP18UTV,FORD,ECOSPORT,7-8 years old,suv,PETROL,manual,RED,9800,48243,0.5868002265,8
GD71YDM,MINI,CONVERTIBLE,3-4 years old,convertible,PETROL,manual,YELLOW,17350,14953,0.6508126238,4
LB21KGX,BMW,1 SERIES,3-4 years old,hatchback,DIESEL,manual,BLACK,12700,70486,0.8951281863,5
YN21CPM,VOLKSWAGEN,POLO,3-4 years old,hatchback,PETROL,manual,BLACK,14810,15214,0.7191443889,5
WP21MXU,BMW,3 SERIES,3-4 years old,saloon,PETROLPLUGINELECTRICHYBRID,semiAutomatic,GREY,14340,67837,0.9591916977,5
KX19XDK,FIAT,500,5-6 years old,hatchback,PETROL,semiAutomatic,BLACK,9220,42852,0.8489023266,5
ML19HWP,MAZDA,MAZDA2,5-6 years old,hatchback,PETROL,manual,RED,8800,55905,0.5990652201,5
LK22JSV,BMW,X1,3-4 years old,suv,PETROL,semiAutomatic,GREY,21950,33790,0.6586635121,8
MT73VTL,VOLKSWAGEN,GOLF,0-2 years old,hatchback,PETROL,manual,WHITE,19300,5509,0.8160303561,5
YA22JYR,VOLKSWAGEN,T-CROSS,0-2 years old,suv,PETROL,manual,SILVER,13000,49668,0.6782556641,8
MW22NHY,KIA,PICANTO,0-2 years old,hatchback,PETROL,automatic,WHITE,12850,35950,0.6452620695,5
HT19RVN,RENAULT,CAPTUR,5-6 years old,suv,DIESEL,manual,SILVER,9550,36777,0.6253452214,8
YR22GPK,MINI,CONVERTIBLE,3-4 years old,convertible,PETROL,manual,GREY,17000,17329,0.5855683864,4
DN22AFX,RENAULT,CAPTUR,3-4 years old,suv,PETROL,manual,BLUE,13100,56167,0.371906579,8
DF18UDK,TOYOTA,AYGO,7-8 years old,hatchback,PETROL,manual,WHITE,8600,32183,0.5559641305,5
SH68EPO,SEAT,ARONA,5-6 years old,suv,DIESEL,manual,RED,8850,72069,0.7204193921,8
RF21VFP,VOLKSWAGEN,T-ROC,3-4 years old,suv,PETROL,semiAutomatic,SILVER,20600,41005,0.7672516598,8
FN22RZU,TOYOTA,YARIS,3-4 years old,hatchback,PETROLELECTRICHYBRID,automatic,WHITE,15390,16628,0.5114324958,5
YC19KOA,VOLKSWAGEN,T-ROC,5-6 years old,suv,DIESEL,manual,BLUE,15390,47427,0.590837566,8
VE70NNP,AUDI,A3,3-4 years old,hatchback,PETROL,manual,BLACK,19400,51394,0.7188489096,5
PL19CAE,SEAT,IBIZA,5-6 years old,hatchback,PETROL,manual,WHITE,11400,31475,0.773818125,5
SM71WUA,CITROEN,C4,3-4 years old,hatchback,PETROL,manual,GREY,13500,29784,0.6525829806,5
CX72WXK,TOYOTA,AYGO X,0-2 years old,hatchback,PETROL,manual,GREEN,12360,13907,0.6589083421,5
LM21JHO,AUDI,A4 AVANT,3-4 years old,estate,PETROL,semiAutomatic,BLACK,25210,17574,0.8134906782,7
ND22VLH,MINI,HATCHBACK,3-4 years old,hatchback,ELECTRIC,automatic,SILVER,12450,21421,0.9581766853,5
DY69FWV,VAUXHALL,GRANDLAND X,5-6 years old,suv,PETROL,manual,WHITE,11350,33957,0.6069233549,8
DA20GVF,AUDI,Q2,3-4 years old,suv,DIESEL,semiAutomatic,BLACK,17800,33055,0.8322297463,8
OW18JTX,BMW,1 SERIES,7-8 years old,hatchback,PETROL,manual,ORANGE,12500,24226,0.6487079099,5
KM21MSO,BMW,X1,3-4 years old,suv,PETROLPLUGINELECTRICHYBRID,semiAutomatic,BLACK,21400,24337,0.6935453952,8
HJ22OYV,VAUXHALL,GRANDLAND,3-4 years old,suv,PETROLPLUGINELECTRICHYBRID,automatic,BLUE,17900,38480,0.2442895341,8
MJ21DYO,SKODA,KAROQ,3-4 years old,suv,PETROL,automatic,GREY,20800,35562,0.7692253029,8
WA21TWW,BMW,3 SERIES,3-4 years old,estate,PETROLPLUGINELECTRICHYBRID,semiAutomatic,BLUE,15300,72011,0.8453292351,7
YK68SGS,HYUNDAI,IX20,5-6 years old,mpv,PETROL,manual,RED,10200,11187,0.6609792597,8
MW21ERO,SKODA,FABIA,3-4 years old,hatchback,PETROL,semiAutomatic,GREY,14350,10801,0.8191915409,5
DA21RJU,VOLKSWAGEN,TIGUAN,3-4 years old,suv,PETROL,semiAutomatic,BLACK,22890,30130,0.7643419923,8
HV21BOU,CITROEN,C3,3-4 years old,hatchback,PETROL,manual,BLUE,9450,33541,0.6590438491,5
CY22CSV,FORD,PUMA,3-4 years old,suv,PETROL,manual,WHITE,15500,49933,0.6165790142,8
KM72NCY,SKODA,KAROQ,0-2 years old,suv,PETROL,automatic,WHITE,21150,12765,0.4860250403,8
FL23WMY,SEAT,ATECA,0-2 years old,suv,PETROL,manual,BLACK,19350,24506,0.6991191212,8
GJ69NAE,VOLKSWAGEN,T-CROSS,5-6 years old,suv,PETROL,automatic,GREY,14550,42211,0.6805546031,8
YT22AVW,RENAULT,CAPTUR,3-4 years old,suv,PETROL,manual,BLUE,13710,22941,0.3550611335,8
DN67BPY,VAUXHALL,ADAM,7-8 years old,hatchback,PETROL,manual,BLACK,5950,80000,0.7567003225,5
LM21RKU,PEUGEOT,5008,3-4 years old,suv,PETROL,semiAutomatic,GREY,18500,57763,0.7687186309,8
FG67WEH,TOYOTA,C-HR,7-8 years old,suv,PETROLELECTRICHYBRID,automatic,BLUE,14700,36195,0.6426166818,8
HT22AXY,BMW,3 SERIES,3-4 years old,saloon,PETROLPLUGINELECTRICHYBRID,semiAutomatic,BLACK,21900,52102,0.7679106998,5
OE71XON,MG,HS,3-4 years old,suv,PETROL,semiAutomatic,WHITE,15900,13945,0.6915976908,8
PO68LXL,MAZDA,MX-5,5-6 years old,convertible,PETROL,manual,BLUE,14050,34377,0.679233204,4
CL23OBT,DACIA,SANDERO STEPWAY,0-2 years old,hatchback,PETROL,manual,WHITE,13600,7440,0.4335889765,5
KR22ZPK,KIA,SPORTAGE,3-4 years old,suv,PETROL,manual,BLACK,18900,17163,0.8062824805,8
MT70OVZ,SKODA,OCTAVIA,3-4 years old,suv,PETROL,manual,SILVER,14420,39253,0.8044889784,8
RF70GXR,NISSAN,JUKE,3-4 years old,suv,PETROL,semiAutomatic,GREY,13900,29828,0.6760847429,8
GY24UFR,HONDA,ZR-V,0-2 years old,suv,PETROLELECTRICHYBRID,automatic,WHITE,24810,2667,0.07322611223,8
KU19SSM,AUDI,TT,5-6 years old,coupe,PETROL,semiAutomatic,GREY,20500,44216,0.5323966866,4
RO69UJP,RENAULT,CAPTUR,5-6 years old,suv,PETROL,manual,RED,10120,49926,0.3767577822,8
LV71MWK,TOYOTA,RAV4,3-4 years old,suv,PETROLPLUGINELECTRICHYBRID,automatic,WHITE,23400,39039,0.7109354672,8
MJ21EFO,SEAT,IBIZA,3-4 years old,hatchback,PETROL,manual,BLUE,12250,35291,0.773818125,5
CF21GWJ,MINI,HATCHBACK,3-4 years old,hatchback,PETROL,manual,GREY,16250,26665,0.7606419164,5
EA20NKS,FORD,KUGA,5-6 years old,suv,PETROLPLUGINELECTRICHYBRID,automatic,SILVER,19250,25572,0.73394537,8
VO70WUW,BMW,3 SERIES,3-4 years old,saloon,PETROL,semiAutomatic,BLACK,17400,65866,0.8046430009,5
YF20YYA,PORSCHE,CAYENNE,5-6 years old,suv,PETROLPLUGINELECTRICHYBRID,semiAutomatic,BLACK,43900,40102,0.3972381508,8
HD17KPR,KIA,SPORTAGE,7-8 years old,suv,DIESEL,manual,WHITE,10000,67233,0.5464149874,8
SA70KVG,VAUXHALL,ASTRA,3-4 years old,hatchback,PETROL,manual,BLUE,10300,30414,0.7380578911,5
PK72FEU,BMW,IX3,0-2 years old,suv,ELECTRIC,automatic,GREY,31350,22909,0.4604073707,8
YM71NRN,FORD,PUMA,3-4 years old,suv,PETROL,manual,GREY,14890,15573,0.6703324469,8
VA71JFE,VAUXHALL,CORSA,3-4 years old,hatchback,PETROL,manual,GREY,10100,33793,0.8135150837,5
BK70GDY,FORD,FOCUS,3-4 years old,hatchback,PETROL,manual,WHITE,14900,22335,0.6841036133,5
FV23NZJ,PEUGEOT,E-208,0-2 years old,hatchback,ELECTRIC,automatic,YELLOW,13500,13832,0.5033069685,5
MV70YKA,AUDI,Q2,3-4 years old,suv,PETROL,manual,GREY,19800,28964,0.6235566624,8
DV23VVP,NISSAN,JUKE,0-2 years old,suv,PETROL,manual,GREY,13160,37462,0.6673581562,8
VN71BTX,BMW,I3,3-4 years old,hatchback,ELECTRIC,automatic,GREY,12700,50295,0.5560967655,5
SL73GUK,FORD,FOCUS,0-2 years old,hatchback,PETROL,automatic,BLUE,16300,53899,0.3555679111,5
YG18GYD,SEAT,ATECA,7-8 years old,suv,PETROL,manual,RED,10250,57061,0.7393921208,8
EU22XSK,FIAT,500,3-4 years old,hatchback,PETROL,manual,GREY,10200,14364,0.9526462946,5
HK18HVN,RENAULT,CLIO,7-8 years old,hatchback,DIESEL,manual,BLUE,9500,42466,0.799188482,5
DE22GUG,VOLKSWAGEN,GOLF,3-4 years old,hatchback,DIESEL,manual,GREY,13550,72309,0.868363609,5
BT73HLH,PEUGEOT,2008,0-2 years old,suv,PETROL,manual,GREY,17820,11025,0.2677270794,8
YG21DME,TOYOTA,RAV4,3-4 years old,suv,PETROLPLUGINELECTRICHYBRID,automatic,BLUE,21390,68194,0.4457400864,8
HV21OJC,FORD,PUMA,3-4 years old,suv,PETROL,manual,RED,14400,27389,0.7128731303,8
PJ19NFE,SUZUKI,IGNIS,5-6 years old,suv,PETROL,manual,WHITE,9400,26490,0.7025731597,8
KN21TWC,AUDI,A3,3-4 years old,hatchback,PETROL,semiAutomatic,BLUE,20470,34700,0.7321525072,5
YP18YDC,BMW,1 SERIES,7-8 years old,hatchback,PETROL,manual,WHITE,13500,36581,0.6682216353,5
LO21OZP,MERCEDES-BENZ,A-CLASS,3-4 years old,hatchback,PETROL,semiAutomatic,WHITE,17050,32400,0.9050932449,5
LA19SXJ,KIA,STINGER,5-6 years old,saloon,DIESEL,automatic,BLACK,20500,36294,0.8481002443,5
KM22OWW,AUDI,E-TRON GT,3-4 years old,saloon,ELECTRIC,automatic,GREY,34900,57168,0.3020675761,5
PY21EHR,SUZUKI,SWIFT,3-4 years old,hatchback,PETROL,manual,SILVER,11000,42034,0.6200042096,5
SC68WWG,LAND ROVER,RANGE ROVER EVOQUE,5-6 years old,suv,DIESEL,automatic,BLACK,15900,61713,0.8683131404,8
GP19VGV,VOLKSWAGEN,POLO,5-6 years old,hatchback,PETROL,manual,GREY,11900,43078,0.763932549,5
M321PEA,RENAULT,KADJAR,5-6 years old,suv,PETROL,manual,RED,12250,40881,0.6632452438,8
VK20KPT,VOLKSWAGEN,TIGUAN,5-6 years old,suv,PETROL,semiAutomatic,WHITE,24150,20629,0.8512178956,8
SD20CHG,VOLVO,XC40,5-6 years old,suv,PETROL,semiAutomatic,BLUE,20390,52299,0.448802823,8
BD22PVJ,FORD,PUMA,3-4 years old,suv,PETROL,manual,BLACK,13700,51072,0.7128731303,8
DN72OVK,HYUNDAI,IONIQ 5,0-2 years old,suv,ELECTRIC,automatic,WHITE,18700,11449,0.7622838488,8
ND69JFG,VOLKSWAGEN,GOLF,5-6 years old,hatchback,PETROL,manual,BLACK,15770,16659,0.2282119648,5
DF21XHO,VOLKSWAGEN,GOLF,3-4 years old,hatchback,PETROLPLUGINELECTRICHYBRID,semiAutomatic,GREY,16890,55928,0.8603212192,5
KW70YDZ,AUDI,Q5,3-4 years old,suv,PETROL,semiAutomatic,WHITE,24900,33674,0.5325775584,8
BG21CVJ,FORD,KUGA,3-4 years old,suv,DIESEL,manual,WHITE,16700,19630,0.6948635009,8
BW23EUC,TOYOTA,AYGO X,0-2 years old,hatchback,PETROL,manual,BEIGE,13330,2240,0.6589083421,5
YE23FVG,NISSAN,JUKE,0-2 years old,suv,PETROL,manual,RED,13200,13065,0.6576663151,8
LC23TZY,MG,MG4,0-2 years old,suv,ELECTRIC,automatic,GREY,16050,15739,0.5700672262,8
NV04HAZ,HONDA,CR-V,3-4 years old,suv,PETROL,manual,BLACK,18750,37869,0.5935644618,8
DA18VBC,KIA,STONIC,7-8 years old,suv,DIESEL,manual,GREY,10450,31785,0.339002007,8
ND22VLT,MINI,HATCHBACK,3-4 years old,hatchback,ELECTRIC,automatic,SILVER,12300,14941,0.9581766853,5
YW73BXX,JEEP,AVENGER,0-2 years old,suv,PETROL,manual,RED,19350,16906,0.5151718407,8
GC19OPT,BMW,I3,5-6 years old,hatchback,ELECTRIC,automatic,WHITE,10850,22290,0.6585994294,5
LG20NKH,BMW,X5,5-6 years old,suv,PETROL,semiAutomatic,BLACK,34900,10678,0.3358625243,8
NC19BPY,FORD,FIESTA,5-6 years old,hatchback,PETROL,manual,RED,14150,30401,0.7751676645,5
FX69NTJ,MERCEDES-BENZ,GLA,5-6 years old,suv,PETROL,manual,WHITE,15950,42661,0.6335795685,8
LT03HLT,PEUGEOT,2008,5-6 years old,suv,PETROL,manual,RED,11950,43584,0.6742005465,8
LX70TPV,AUDI,A3,3-4 years old,hatchback,PETROL,manual,BLACK,19440,22068,0.7634919688,5
BC21LNF,HYUNDAI,TUCSON,3-4 years old,suv,PETROLELECTRICHYBRID,semiAutomatic,BLACK,18900,35342,0.6405045673,8
YS69HMG,VOLVO,XC40,5-6 years old,suv,DIESEL,manual,WHITE,19900,49479,0.6563470082,8
YJ20WNG,VOLVO,XC60,5-6 years old,suv,PETROL,semiAutomatic,BLUE,22850,70184,0.7245853327,8
HL19AOC,RENAULT,CAPTUR,5-6 years old,suv,DIESEL,manual,RED,9400,38848,0.6582711636,8
DY19UPV,HYUNDAI,TUCSON,5-6 years old,suv,PETROL,semiAutomatic,GREY,15050,32592,0.7138737456,8
WA70XPM,LAND ROVER,DISCOVERY SPORT,3-4 years old,suv,DIESEL,automatic,BLACK,20900,71689,0.6501471311,8
VK73HCC,VOLKSWAGEN,GOLF,0-2 years old,hatchback,PETROLPLUGINELECTRICHYBRID,semiAutomatic,WHITE,22850,20787,0.8603212192,5
DY21NFD,MAZDA,MAZDA2,3-4 years old,hatchback,PETROL,manual,BLUE,12940,15864,0.6585305929,5
YE21BGO,SEAT,ATECA,3-4 years old,suv,PETROL,manual,GREY,15650,29790,0.612215839,8
LR70ZLZ,MERCEDES-BENZ,GLC COUPE,3-4 years old,suv,DIESEL,semiAutomatic,BLACK,28800,37848,0.5425696903,8
SE17ZVT,HYUNDAI,I10,7-8 years old,hatchback,PETROL,manual,WHITE,7950,31163,0.6535094247,5
LM21JWK,AUDI,Q5,3-4 years old,suv,DIESEL,semiAutomatic,WHITE,26200,35277,0.6372933645,8
GD19UXS,VOLKSWAGEN,POLO,5-6 years old,hatchback,PETROL,manual,RED,10800,52984,0.820079491,5
CP21KPA,VOLKSWAGEN,POLO,3-4 years old,hatchback,PETROL,semiAutomatic,SILVER,14940,31942,0.5705836628,5
HF20XEZ,TOYOTA,PRIUS+,5-6 years old,mpv,PETROLELECTRICHYBRID,automatic,GREY,19900,25203,0.6603144216,8
DS22UYK,HYUNDAI,IONIQ 5,3-4 years old,suv,ELECTRIC,automatic,GREY,21500,43372,0.5560717574,8
SM19GXG,FORD,KA+,5-6 years old,hatchback,PETROL,manual,RED,9150,22748,0.7312512865,5
AF21RDV,LAND ROVER,RANGE ROVER EVOQUE,3-4 years old,suv,DIESEL,manual,WHITE,18250,32019,0.8246960162,8
SA69BFP,BMW,4 SERIES GRAN COUPE,5-6 years old,hatchback,PETROL,manual,BLACK,14350,60848,0.7075095239,5
NXZ7204,FORD,KUGA,7-8 years old,suv,DIESEL,manual,GREY,9350,62924,0.5405269986,8
YE22FGD,BMW,X2,3-4 years old,suv,PETROL,semiAutomatic,GREY,20750,48105,0.7427941655,8
MV72KWS,MERCEDES-BENZ,CLA,0-2 years old,coupe,DIESEL,semiAutomatic,BLUE,21680,62279,0.6362880366,4
YS70JKN,FIAT,PANDA,3-4 years old,hatchback,PETROL,manual,GREY,10400,18495,0.7288748589,5
CK22RVP,VOLKSWAGEN,GOLF,3-4 years old,hatchback,DIESEL,semiAutomatic,RED,24000,36783,0.8416905094,5
BL67YYE,RENAULT,CAPTUR,7-8 years old,suv,DIESEL,manual,BLUE,7500,72834,0.5776494622,8
SL68FVR,MERCEDES-BENZ,GLA,5-6 years old,suv,PETROL,manual,WHITE,14600,54860,0.5332565728,8
KO18UTK,VAUXHALL,MOKKA X,5-6 years old,suv,PETROL,manual,RED,10600,23053,0.7158333313,8
FT68HZV,HONDA,JAZZ,5-6 years old,hatchback,PETROL,automatic,SILVER,12400,36306,0.5530733146,5
DA68UGT,SEAT,ARONA,5-6 years old,suv,PETROL,manual,BLACK,11850,42407,0.6631457598,8
AE72XBB,AUDI,A5,0-2 years old,coupe,PETROL,semiAutomatic,BLUE,23750,37794,0.4451177703,4
KW19NGO,FORD,KUGA,5-6 years old,suv,PETROL,automatic,GREY,13600,40903,0.7154697746,8
YT18CXU,LAND ROVER,DISCOVERY,7-8 years old,suv,DIESEL,automatic,BLACK,28500,41597,0.5377402118,8
WM67MCL,VAUXHALL,CORSA,3-4 years old,hatchback,PETROL,manual,BLUE,9650,38916,0.7692563879,5
KW21UDH,AUDI,A4,3-4 years old,saloon,DIESEL,semiAutomatic,BLUE,23550,27330,0.6062106403,5
AV20DXX,MINI,CONVERTIBLE,3-4 years old,convertible,PETROL,semiAutomatic,SILVER,18950,41637,0.5196508332,4
LL70ESY,PEUGEOT,2008,3-4 years old,suv,PETROL,manual,ORANGE,13300,42217,0.51914916,8
J24AWN,RENAULT,MEGANE,7-8 years old,hatchback,DIESEL,manual,GREY,8900,49567,0.4976215335,5
YE69VLJ,SEAT,ATECA,5-6 years old,suv,PETROL,semiAutomatic,RED,17620,9611,0.7672966502,8
YE21JBX,AUDI,Q5,3-4 years old,suv,DIESEL,semiAutomatic,GREY,25400,51713,0.5379685706,8
MM22JJV,HYUNDAI,TUCSON,3-4 years old,suv,PETROL,manual,GREY,16850,34398,0.6768552323,8
YY22EZN,HYUNDAI,TUCSON,3-4 years old,suv,PETROL,manual,GREY,20300,34089,0.7132848609,8
KN22XFS,VAUXHALL,MOKKA-E,3-4 years old,suv,ELECTRIC,automatic,BLACK,12800,20585,0.8684809309,8
NV21XXD,MINI,HATCHBACK,3-4 years old,hatchback,ELECTRIC,automatic,RED,12900,15492,0.9646294913,5
PK22AUO,BMW,X2,3-4 years old,suv,PETROL,semiAutomatic,BLACK,20550,36078,0.6218748892,8
CU18UJD,VOLKSWAGEN,POLO,7-8 years old,hatchback,PETROL,manual,ORANGE,10900,45556,0.763932549,5
FG71VUR,KIA,SPORTAGE,3-4 years old,suv,DIESEL,manual,WHITE,15350,34054,0.8806928511,8
EX71XWD,FORD,PUMA,3-4 years old,suv,PETROL,manual,WHITE,14000,28763,0.337840254,8
SD18VCL,AUDI,TT,7-8 years old,coupe,PETROL,semiAutomatic,GREY,17400,42371,0.4512755794,4
MT67OMK,NISSAN,MICRA,7-8 years old,hatchback,PETROL,manual,ORANGE,7350,60941,0.4358061349,5
ML71SNJ,MINI,COUNTRYMAN,3-4 years old,suv,PETROL,semiAutomatic,GREY,22390,21177,0.7492885164,8
DY67JYH,VAUXHALL,MOKKA X,7-8 years old,suv,PETROL,manual,WHITE,7850,56085,0.5260743924,8
LS22WWJ,PEUGEOT,208,3-4 years old,hatchback,DIESEL,manual,GREY,14900,11031,0.5809577274,5
SW73CWU,NISSAN,QASHQAI,0-2 years old,suv,PETROL,manual,GREY,19950,19524,0.7330659407,8
KF19ORG,AUDI,A6,5-6 years old,saloon,DIESEL,semiAutomatic,GREY,22300,50038,0.3221346587,5
NJ68YTA,SEAT,IBIZA,5-6 years old,hatchback,PETROL,manual,SILVER,11400,35662,0.5122154456,5
GJ67UAL,RENAULT,CLIO,7-8 years old,hatchback,PETROL,manual,WHITE,9300,17063,0.6457279516,5
BA18XGH,VAUXHALL,CORSA,7-8 years old,hatchback,PETROL,manual,RED,7330,37172,0.7577657658,5
FV21ATZ,MERCEDES-BENZ,E-CLASS,3-4 years old,estate,DIESEL,semiAutomatic,GREY,25400,72985,0.2345895683,7
YP22XAG,VOLVO,C40,3-4 years old,suv,ELECTRIC,automatic,BLUE,26900,22803,0.4199865265,8
YE21VUF,VOLKSWAGEN,T-ROC,3-4 years old,suv,PETROL,manual,BLUE,17800,19347,0.4528170029,8
CP72KCK,VOLKSWAGEN,T-CROSS,0-2 years old,suv,PETROL,automatic,ORANGE,17090,25513,0.5436547722,8
FD21XPN,AUDI,A3,3-4 years old,hatchback,PETROL,semiAutomatic,BLUE,22230,18029,0.8396040997,5
T80JDE,VAUXHALL,ADAM,7-8 years old,hatchback,PETROL,manual,BLACK,9050,16059,0.4523015184,5
VF21LCT,VOLKSWAGEN,POLO,3-4 years old,hatchback,PETROL,manual,BLACK,14200,28372,0.7818902831,5
RA19EBC,PEUGEOT,3008,5-6 years old,suv,PETROL,manual,WHITE,12150,54603,0.6499360062,8
OV22WMD,JAGUAR,I-PACE,3-4 years old,suv,ELECTRIC,automatic,BLACK,20750,50795,0.7460899293,8
DU72HNJ,TOYOTA,AYGO X,0-2 years old,hatchback,PETROL,manual,BEIGE,12050,15918,0.6589083421,5
WD19ZVL,FORD,FOCUS,5-6 years old,hatchback,PETROL,manual,WHITE,10150,54894,0.6663431568,5
SL22BVE,FORD,PUMA,3-4 years old,suv,PETROL,manual,GREY,15900,20255,0.7128731303,8
WM71CVW,AUDI,A4,3-4 years old,saloon,PETROL,semiAutomatic,WHITE,17300,39883,0.8919000768,5
GF22LXC,FORD,PUMA,3-4 years old,suv,PETROL,manual,SILVER,15200,30729,0.7128731303,8
DL21ULK,VAUXHALL,CORSA,3-4 years old,hatchback,PETROL,manual,BLACK,11250,28107,0.6659106134,5
VU23XUK,CITROEN,C3 AIRCROSS,0-2 years old,suv,PETROL,manual,GREY,12900,19568,0.6476655221,8
AK23BHP,NISSAN,LEAF,0-2 years old,hatchback,ELECTRIC,automatic,WHITE,13300,5894,0.3962476314,5
FM21LTZ,FORD,ECOSPORT,3-4 years old,suv,PETROL,manual,BLUE,10430,46727,0.5574629815,8
WR19OKT,NISSAN,X-TRAIL,5-6 years old,suv,DIESEL,manual,BLACK,14050,50078,0.7056940871,8
EA67PSO,RENAULT,CAPTUR,7-8 years old,suv,PETROL,manual,BLUE,9400,31376,0.6259984688,8
SV19BRB,AUDI,A1,5-6 years old,hatchback,PETROL,semiAutomatic,BLACK,14610,61411,0.5148753511,5
DX71BXZ,BMW,3 SERIES,3-4 years old,saloon,PETROLPLUGINELECTRICHYBRID,semiAutomatic,WHITE,25300,25992,0.7855799243,5
FE18GAO,FORD,KUGA,7-8 years old,suv,DIESEL,manual,GREY,13200,62321,0.7792094554,8
YB70BKN,SEAT,CUPRA ATECA,3-4 years old,suv,PETROL,semiAutomatic,GREY,22400,44839,0.694228121,8
EF19MXG,FORD,FIESTA,5-6 years old,hatchback,PETROL,manual,BLACK,9200,41294,0.7436463026,5
AP22FMF,FORD,ECOSPORT,3-4 years old,suv,PETROL,manual,BLACK,13900,11524,0.5868002265,8
SV68JJO,SUZUKI,VITARA,5-6 years old,suv,PETROL,manual,WHITE,10400,35492,0.4453536245,8
VE22AFX,VAUXHALL,CORSA-E,3-4 years old,hatchback,ELECTRIC,automatic,BLUE,10750,34551,0.7385442986,5
NG71UTU,VOLVO,XC40,3-4 years old,suv,PETROLPLUGINELECTRICHYBRID,semiAutomatic,RED,23400,36370,0.8771427518,8
FG22XDF,AUDI,Q2,3-4 years old,suv,DIESEL,semiAutomatic,GREY,21200,22064,0.5094374609,8
BD22YBS,AUDI,A4 AVANT,3-4 years old,estate,PETROL,semiAutomatic,BLUE,20900,53669,0.60815466,7
SG21WBH,HYUNDAI,KONA,3-4 years old,suv,PETROLELECTRICHYBRID,automatic,BLACK,16390,25594,0.5904022029,8
HJ22XFG,AUDI,A3,3-4 years old,hatchback,PETROL,manual,GREY,19940,18008,0.7773953858,5
DF70DCZ,VOLKSWAGEN,TIGUAN,3-4 years old,suv,PETROL,semiAutomatic,BLACK,23800,24322,0.7643419923,8
WF22HBJ,KIA,E-NIRO,3-4 years old,suv,ELECTRIC,automatic,BLACK,13000,42185,0.8876976893,8
DV66KXO,RENAULT,CAPTUR,7-8 years old,suv,DIESEL,manual,GREY,7100,57974,0.3223848166,8
HJ22NYB,VOLKSWAGEN,POLO,3-4 years old,hatchback,PETROL,manual,WHITE,15700,13995,0.5906678598,5
MF22VXE,CITROEN,C4,3-4 years old,hatchback,PETROL,manual,RED,13400,29893,0.6525829806,5
AO71VRF,MINI,HATCHBACK,3-4 years old,hatchback,PETROL,manual,GREY,14800,28347,0.9014195463,5
PJ22KLM,MERCEDES-BENZ,A-CLASS,3-4 years old,saloon,PETROL,semiAutomatic,BLUE,18600,40851,0.5409469791,5
MJ22UNP,PEUGEOT,E-2008,3-4 years old,suv,ELECTRIC,automatic,WHITE,13900,15128,0.7751108846,8
ML68GCZ,KIA,SPORTAGE,5-6 years old,suv,PETROL,manual,BLACK,12350,55278,0.8327527567,8
CP17KFF,MAZDA,MAZDA2,7-8 years old,hatchback,PETROL,manual,SILVER,9200,18309,0.5463859142,5
OU22ZKJ,NISSAN,JUKE,3-4 years old,suv,PETROL,manual,WHITE,12700,40315,0.6673581562,8
LN67YJF,AUDI,A1,7-8 years old,hatchback,PETROL,semiAutomatic,BLUE,12450,43450,0.6925027087,5
CV22TGN,HYUNDAI,KONA,3-4 years old,suv,ELECTRIC,automatic,GREY,12850,74374,0.6048001615,8
AF19ECT,VAUXHALL,CORSA,5-6 years old,hatchback,PETROL,manual,RED,8750,26226,0.8512996345,5
YS70YDP,FORD,FIESTA,3-4 years old,hatchback,PETROL,manual,BLUE,11600,33530,0.7268279387,5
PK67HHU,VAUXHALL,CORSA,7-8 years old,hatchback,PETROL,manual,WHITE,8550,12511,0.5381313384,5
YL20BMO,JAGUAR,F-PACE,5-6 years old,suv,DIESEL,automatic,WHITE,21400,56869,0.7445665896,8
RO20LHG,SEAT,TARRACO,5-6 years old,suv,PETROL,manual,GREEN,17900,50566,0.7550965096,8
YH20FPT,BMW,3 SERIES,5-6 years old,saloon,DIESEL,semiAutomatic,BLUE,21200,40295,0.5288129285,5
BG69XZL,PEUGEOT,208,5-6 years old,hatchback,DIESEL,manual,GREY,9000,34648,0.6303452856,5
KR73JYO,CITROEN,C5 X,0-2 years old,suv,PETROLPLUGINELECTRICHYBRID,semiAutomatic,GREY,19850,11524,0.1161663991,8
VK71DYV,SKODA,KAMIQ,3-4 years old,suv,PETROL,manual,BLUE,15900,13668,0.6649937122,8
MJ21ONM,BMW,1 SERIES,3-4 years old,hatchback,DIESEL,manual,RED,15190,70588,0.7381958215,5
FV22KAK,NISSAN,QASHQAI,3-4 years old,suv,PETROL,manual,BLACK,18490,17986,0.6262746266,8
SK69FPC,TOYOTA,COROLLA,5-6 years old,hatchback,PETROL,manual,WHITE,13800,29893,0.3528558719,5
RE72XSW,AUDI,TT,0-2 years old,coupe,PETROL,semiAutomatic,WHITE,25400,20580,0.5510498152,4
YR23FMJ,AUDI,A1,0-2 years old,hatchback,PETROL,manual,BLACK,17910,8376,0.8330010305,5
BD20XRS,AUDI,A4 AVANT,5-6 years old,estate,PETROL,semiAutomatic,WHITE,18350,66869,0.5962044339,7
MX71UKT,FORD,FIESTA,3-4 years old,hatchback,PETROL,manual,RED,11230,13138,0.4641935568,5
MJ21TXD,SKODA,KAROQ,3-4 years old,suv,PETROL,automatic,GREY,19930,37135,0.7692253029,8
FL68ZRV,TOYOTA,YARIS,5-6 years old,hatchback,PETROLELECTRICHYBRID,automatic,SILVER,11600,35908,0.6516024815,5
DS21WLK,NISSAN,LEAF,3-4 years old,hatchback,ELECTRIC,automatic,GREY,9200,33863,0.7157433916,5
BK19XBM,KIA,SPORTAGE,5-6 years old,suv,PETROL,automatic,BLUE,18910,24225,0.6641198368,8
NA20LVU,AUDI,A1,5-6 years old,hatchback,PETROL,manual,BLACK,16700,20429,0.7332015042,5
SV21RKE,VOLKSWAGEN,ID.3,3-4 years old,hatchback,ELECTRIC,automatic,BLUE,13100,35798,0.8446494717,5
BT22NNY,RENAULT,ARKANA,3-4 years old,suv,PETROLELECTRICHYBRID,semiAutomatic,BLACK,15900,27255,0.7307925943,8
BW23WBL,NISSAN,JUKE,0-2 years old,suv,PETROLELECTRICHYBRID,automatic,GREY,19150,14769,0.488577497,8
DG22ECD,SEAT,LEON,3-4 years old,estate,PETROL,manual,BLUE,12200,65121,0.6901605879,7
RY21BVG,VOLKSWAGEN,POLO,3-4 years old,hatchback,PETROL,manual,BLACK,13650,34581,0.8941247425,5
CN18VYO,RENAULT,CLIO,7-8 years old,hatchback,PETROL,manual,RED,9100,15749,0.6457279516,5
HJ22PCV,TOYOTA,C-HR,3-4 years old,suv,PETROLELECTRICHYBRID,automatic,GREY,16650,70517,0.632001864,8
MF21RDU,CITROEN,C3,3-4 years old,hatchback,PETROL,manual,BLACK,10750,27237,0.7580797784,5
LD71KSK,FORD,ECOSPORT,3-4 years old,suv,PETROL,manual,BLUE,12460,10489,0.5868002265,8
BG22PUA,LAND ROVER,RANGE ROVER VELAR,3-4 years old,suv,PETROLPLUGINELECTRICHYBRID,automatic,SILVER,33750,39952,0.4809585166,8
YL69SZC,BMW,5 SERIES,5-6 years old,saloon,DIESEL,semiAutomatic,BLUE,19860,59405,0.3729662877,5
CU68LSO,MAZDA,MAZDA6,5-6 years old,saloon,PETROL,manual,WHITE,15250,25004,0.717510959,5
EF70CWX,VOLKSWAGEN,POLO,3-4 years old,hatchback,PETROL,manual,SILVER,13100,31654,0.8941247425,5
BD70HYO,TOYOTA,COROLLA TOURING SPORT,3-4 years old,estate,PETROLELECTRICHYBRID,automatic,BLACK,15050,56470,0.8441437952,7
MA20MXZ,HYUNDAI,I10,5-6 years old,hatchback,PETROL,manual,WHITE,8400,44402,0.6373175865,5
SB71YCP,FORD,ECOSPORT,3-4 years old,suv,PETROL,manual,BLACK,11580,20875,0.5868002265,8
VK72MJY,AUDI,A3,0-2 years old,saloon,PETROL,manual,BLACK,22060,19855,0.6180361771,5
ND72CUC,FIAT,500E,0-2 years old,hatchback,ELECTRIC,automatic,WHITE,10200,16497,0.8233650694,5
YP20MTJ,FORD,FIESTA,5-6 years old,hatchback,PETROL,manual,BLUE,11950,24829,0.5106288767,5
KO21UTU,FORD,KUGA,3-4 years old,suv,DIESEL,semiAutomatic,SILVER,14960,60009,0.7608745204,8
LL23TSY,AUDI,A1,0-2 years old,hatchback,PETROL,manual,GREY,18900,8102,0.7318844269,5
DE23VJD,AUDI,Q4 E-TRON,0-2 years old,suv,ELECTRIC,automatic,BLACK,25900,27833,0.6872657568,8
DL72XRZ,VAUXHALL,CORSA-E,0-2 years old,hatchback,ELECTRIC,automatic,RED,12800,22042,0.5859973738,5
ST67NBB,KIA,VENGA,7-8 years old,mpv,DIESEL,manual,SILVER,7100,66330,0.2920203849,8
BJ22FGN,PEUGEOT,3008,3-4 years old,suv,PETROL,semiAutomatic,BLUE,17900,50830,0.6674136492,8
HN18BXD,RENAULT,CAPTUR,7-8 years old,suv,DIESEL,manual,SILVER,7550,71666,0.5776494622,8
NV17OTL,KIA,PICANTO,7-8 years old,hatchback,PETROL,automatic,SILVER,10600,28727,0.6758470365,5
BG19GPF,MG,MG3,5-6 years old,hatchback,PETROL,manual,RED,8300,36953,0.7131827571,5
FE69KAJ,HYUNDAI,TUCSON,5-6 years old,suv,PETROL,manual,BLUE,12650,38841,0.7231668933,8
FY72PFK,TOYOTA,C-HR,0-2 years old,suv,PETROLELECTRICHYBRID,automatic,BLUE,18390,15604,0.8159571805,8
MD21SXO,VOLKSWAGEN,GOLF,3-4 years old,hatchback,PETROLPLUGINELECTRICHYBRID,semiAutomatic,WHITE,19250,39711,0.8603212192,5
KJ21JLU,VOLKSWAGEN,UP!,3-4 years old,hatchback,PETROL,manual,BLACK,10000,22819,0.6788643165,5
MM21RZB,AUDI,Q5,3-4 years old,suv,PETROLPLUGINELECTRICHYBRID,semiAutomatic,BLUE,23500,75531,0.4297164213,8
SJ69RVC,VOLKSWAGEN,TIGUAN,5-6 years old,suv,DIESEL,semiAutomatic,BLACK,19300,76324,0.6425439197,8
CK71LGZ,RENAULT,CLIO,3-4 years old,hatchback,PETROL,manual,BLACK,11900,31376,0.7388215128,5
MA21FGK,CITROEN,C3,3-4 years old,hatchback,PETROL,manual,GREY,10150,28752,0.6590438491,5
DV20DTU,KIA,NIRO,5-6 years old,suv,PETROLELECTRICHYBRID,automatic,BLUE,17300,26741,0.6299460484,8
DV21WYB,NISSAN,LEAF,3-4 years old,hatchback,ELECTRIC,automatic,RED,9890,12245,0.7157433916,5
WD69BVP,MERCEDES-BENZ,GLC COUPE,5-6 years old,suv,DIESEL,semiAutomatic,BLACK,32450,18979,0.4860395011,8
DE22JWN,SEAT,ARONA,3-4 years old,suv,PETROL,manual,GREEN,16200,16213,0.2504454654,8
PJ22FFH,RENAULT,ARKANA,3-4 years old,suv,PETROLELECTRICHYBRID,semiAutomatic,GREY,12900,71045,0.7374737054,8
SW68TLJ,BMW,X3,5-6 years old,suv,DIESEL,semiAutomatic,WHITE,21000,60503,0.559691123,8
VK19WPA,VOLKSWAGEN,GOLF,5-6 years old,hatchback,PETROL,semiAutomatic,WHITE,20900,35349,0.6468223823,5
EA22OXW,TOYOTA,C-HR,3-4 years old,suv,PETROLELECTRICHYBRID,automatic,GREY,16900,31747,0.8159571805,8
BP70VOH,AUDI,A3,3-4 years old,saloon,PETROL,manual,WHITE,18800,23482,0.7754330207,5
HV17FBC,VAUXHALL,VIVA,7-8 years old,hatchback,PETROL,manual,GREEN,6200,44779,0.575547048,5
RJ21FPO,MERCEDES-BENZ,C-CLASS,3-4 years old,saloon,DIESELPLUGINELECTRICHYBRID,semiAutomatic,GREY,17600,48185,0.8729164463,5
BN73NTD,VAUXHALL,GRANDLAND,0-2 years old,suv,DIESEL,automatic,GREY,21750,7722,0.1852360572,8
MD70AEX,MINI,HATCHBACK,3-4 years old,hatchback,PETROL,semiAutomatic,SILVER,16930,27094,0.787123148,5
AP21LFT,VOLKSWAGEN,POLO,3-4 years old,hatchback,PETROL,manual,SILVER,15450,16472,0.6007810036,5
ML70EWF,FORD,FIESTA,3-4 years old,hatchback,PETROL,manual,BLACK,12300,24948,0.7065676714,5
LJ23FGS,VAUXHALL,MOKKA-E,0-2 years old,suv,ELECTRIC,automatic,BLACK,15150,13743,0.5779513915,8
GJ68YKS,DACIA,DUSTER,5-6 years old,suv,DIESEL,manual,GREY,8950,41600,0.5262314071,8
BK17HLP,VAUXHALL,CROSSLAND X,7-8 years old,suv,PETROL,manual,BLACK,8500,42178,0.5340918252,8
SG67LKD,VAUXHALL,ASTRA,7-8 years old,hatchback,DIESEL,manual,WHITE,8100,55870,0.6819236804,5
CJ22FBC,CITROEN,C4,0-2 years old,hatchback,PETROL,semiAutomatic,GREY,15550,14103,0.8144397722,5
LS23KKJ,MAZDA,MAZDA2,0-2 years old,hatchback,PETROL,automatic,BLACK,15200,27710,0.689901619,5
AF21ZTK,FORD,FOCUS,3-4 years old,estate,DIESEL,automatic,WHITE,11150,71109,0.6965262987,7
LR22LWP,VOLKSWAGEN,ID.3,3-4 years old,hatchback,ELECTRIC,automatic,GREY,14400,12226,0.8690071182,5
CP17OSF,MITSUBISHI,ASX,7-8 years old,suv,PETROL,manual,BROWN,7700,70581,0.6859109867,8
BP74TFA,FORD,FOCUS,0-2 years old,hatchback,PETROL,manual,WHITE,19500,2429,0.4948033148,5
MX22TEJ,FORD,KUGA,3-4 years old,suv,DIESEL,semiAutomatic,GREY,18700,25289,0.7608745204,8
FN66VUB,MAZDA,MAZDA3,7-8 years old,hatchback,PETROL,manual,BLUE,8500,51131,0.2683528602,5
SD69BYZ,VAUXHALL,CORSA,5-6 years old,hatchback,PETROL,manual,RED,10200,12801,0.7606693874,5
EY19FKN,FIAT,500L,5-6 years old,hatchback,PETROL,manual,BRONZE,9260,46427,0.5501659015,5
VE71TOV,VOLKSWAGEN,T-ROC,3-4 years old,suv,PETROL,manual,GREY,18490,14994,0.8281509949,8
YY21TWJ,SEAT,ARONA,3-4 years old,suv,PETROL,semiAutomatic,WHITE,14900,14161,0.6730466643,8
VX22NKP,HYUNDAI,TUCSON,3-4 years old,suv,PETROL,manual,WHITE,18900,25190,0.6692106179,8
RJ19JEU,RENAULT,CLIO,5-6 years old,hatchback,PETROL,manual,WHITE,9350,33892,0.7332459175,5
FP18UAL,HYUNDAI,TUCSON,7-8 years old,suv,PETROL,manual,SILVER,10850,42272,0.804367132,8
YE18VWK,SEAT,ARONA,7-8 years old,suv,PETROL,manual,WHITE,10000,58175,0.4291198908,8
LD19ULU,FORD,KUGA,5-6 years old,suv,DIESEL,manual,GREY,11850,51172,0.6874818408,8
DS71FAJ,NISSAN,LEAF,3-4 years old,hatchback,ELECTRIC,automatic,GREY,10000,27221,0.6456046578,5
EK22VGZ,FORD,PUMA,3-4 years old,suv,PETROL,semiAutomatic,BLACK,14840,33259,0.6139146542,8
MA71URB,PEUGEOT,3008,3-4 years old,suv,PETROL,semiAutomatic,BLACK,17050,56837,0.6674136492,8
NG73LRE,BMW,2 SERIES GRAN COUPE,0-2 years old,saloon,PETROL,semiAutomatic,BLUE,24350,17158,0.7521703275,5
WR22HKO,VOLKSWAGEN,T-CROSS,3-4 years old,suv,PETROL,manual,WHITE,16000,19785,0.8035962493,8
SG17PLT,KIA,CEED,7-8 years old,hatchback,PETROL,manual,RED,10600,29349,0.6006932659,5
FP71NCZ,KIA,SPORTAGE,3-4 years old,suv,DIESEL,automatic,GREY,20400,23525,0.7226617053,8
LM68AWA,MINI,HATCHBACK,5-6 years old,hatchback,PETROL,semiAutomatic,BLUE,11200,45008,0.7968198547,5
BP73UOL,MAZDA,MAZDA2,0-2 years old,hatchback,PETROL,manual,GREY,14440,17954,0.4726354206,5
BF72PNV,TOYOTA,YARIS,0-2 years old,hatchback,PETROLELECTRICHYBRID,automatic,GREY,16100,14443,0.5114324958,5
ML22OXH,JAGUAR,F-PACE,3-4 years old,suv,DIESEL,automatic,BLUE,31200,60024,0.2706032788,8
YE72KHC,VOLKSWAGEN,GOLF,0-2 years old,hatchback,DIESEL,semiAutomatic,GREY,17750,54041,0.6338802762,5
DX22XLG,CUPRA,FORMENTOR,3-4 years old,suv,PETROL,manual,BLACK,20390,17537,0.7207754703,8
GC18FME,VOLKSWAGEN,GOLF,7-8 years old,hatchback,PETROL,manual,RED,19570,36815,0.7832516909,5
LR69YVY,MERCEDES-BENZ,CLA,5-6 years old,coupe,PETROL,semiAutomatic,WHITE,21850,19854,0.770713062,4
NA70AFJ,AUDI,A1,3-4 years old,hatchback,PETROL,manual,BLUE,15000,36218,0.8330010305,5
PY21BNV,AUDI,A1,3-4 years old,hatchback,PETROL,manual,GREY,15500,53539,0.6677291103,5
AJ18FDO,AUDI,Q3,7-8 years old,suv,PETROL,manual,SILVER,14000,74493,0.7492456525,8
YJ69DKR,TOYOTA,YARIS,5-6 years old,hatchback,PETROLELECTRICHYBRID,automatic,WHITE,11090,38360,0.6473140938,5
DA72JHK,SKODA,OCTAVIA,0-2 years old,hatchback,PETROL,manual,BLUE,14900,24347,0.449998147,5
ML21CXO,VOLKSWAGEN,POLO,3-4 years old,hatchback,PETROL,manual,WHITE,14500,27049,0.5005269956,5
CU71VKT,TOYOTA,C-HR,3-4 years old,suv,PETROLELECTRICHYBRID,automatic,BLACK,16350,31908,0.8159571805,8
BV22OLO,VOLKSWAGEN,T-CROSS,3-4 years old,suv,PETROL,manual,GREY,14500,42534,0.8035962493,8
SM69JRZ,BMW,3 SERIES,5-6 years old,saloon,PETROLPLUGINELECTRICHYBRID,semiAutomatic,BLUE,16400,75824,0.8917063503,5
VE21FVC,VOLKSWAGEN,TIGUAN,3-4 years old,suv,PETROL,semiAutomatic,WHITE,22400,42325,0.7643419923,8
YT70NBG,PEUGEOT,108 TOP,3-4 years old,hatchback,PETROL,manual,WHITE,8400,11319,0.4649724746,5
GV70SZO,MERCEDES-BENZ,C-CLASS,3-4 years old,coupe,PETROL,semiAutomatic,GREY,22890,13871,0.8752836166,4
DE71UHO,SEAT,LEON,3-4 years old,estate,PETROLPLUGINELECTRICHYBRID,semiAutomatic,GREY,14900,50463,0.9020167556,7
AO20ZNP,VAUXHALL,CROSSLAND X,5-6 years old,suv,PETROL,manual,WHITE,9650,30005,0.6448362169,8
WK69WRE,SEAT,IBIZA,5-6 years old,hatchback,PETROL,manual,SILVER,11550,41302,0.9335962534,5
VO21ZPK,VAUXHALL,CORSA,3-4 years old,hatchback,PETROL,manual,WHITE,12050,23729,0.5697411791,5
NA69BVM,VOLKSWAGEN,POLO,5-6 years old,hatchback,PETROL,semiAutomatic,BLUE,14100,23313,0.8300341779,5
KU66ZXF,FIAT,500,7-8 years old,hatchback,PETROL,manual,WHITE,6750,29887,0.6629947694,5
WD19VTW,SEAT,ATECA,5-6 years old,suv,DIESEL,manual,BLACK,13450,37098,0.5793629246,8
BF23OHZ,SKODA,KAMIQ,0-2 years old,suv,PETROL,manual,BLUE,14750,27934,0.764649084,8
DE22BYJ,VOLKSWAGEN,ID.3,3-4 years old,hatchback,ELECTRIC,automatic,GREY,15900,18792,0.8075787482,5
SH19FEU,FORD,FIESTA,5-6 years old,hatchback,PETROL,manual,BLUE,8900,43813,0.7074737961,5
OY22TNO,MG,ZS EV,3-4 years old,suv,ELECTRIC,automatic,BLACK,13700,53970,0.6280086866,8
KN20WOR,VOLVO,S90,3-4 years old,saloon,PETROL,semiAutomatic,BLUE,16070,59648,0.7114876238,5
KS19BUU,MERCEDES-BENZ,A-CLASS,5-6 years old,hatchback,DIESEL,semiAutomatic,WHITE,17400,25000,0.7162976879,5
SC71LSD,BMW,X1,3-4 years old,suv,PETROL,semiAutomatic,BLACK,21850,31441,0.7997110096,8
BT22KWS,FORD,FOCUS,3-4 years old,estate,DIESEL,automatic,WHITE,19400,17633,0.4849967249,7
AX67CYE,VOLKSWAGEN,GOLF,7-8 years old,hatchback,DIESEL,manual,BLACK,10250,78714,0.7204382745,5
EX71WTF,PEUGEOT,208,3-4 years old,hatchback,PETROL,manual,RED,13150,19870,0.5780245855,5
FL22HHW,KIA,SPORTAGE,3-4 years old,suv,PETROL,manual,GREY,18700,19280,0.8062824805,8
BJ69ZDC,NISSAN,QASHQAI,5-6 years old,suv,PETROL,semiAutomatic,BLUE,17060,29655,0.6222346622,8
DL70MYO,VAUXHALL,CORSA,3-4 years old,hatchback,PETROL,manual,WHITE,10350,25559,0.7807076729,5
GL22AKG,HYUNDAI,TUCSON,3-4 years old,suv,PETROL,manual,BLUE,18500,54011,0.7132848609,8
PJ22OZS,BMW,2 SERIES GRAN COUPE,3-4 years old,saloon,PETROL,manual,BLUE,18300,51143,0.7787307211,5
KS21HDC,PEUGEOT,208,3-4 years old,hatchback,PETROL,manual,GREY,13000,29358,0.7577618165,5
YH70UVJ,AUDI,A3,3-4 years old,hatchback,PETROL,manual,BLACK,18800,21143,0.7773953858,5
MJ18JOA,SEAT,ATECA,7-8 years old,suv,PETROL,manual,BLUE,13650,24612,0.574650651,8
DG22CVO,SEAT,ATECA,3-4 years old,suv,PETROL,manual,WHITE,18200,20136,0.612215839,8
DF23XPS,CUPRA,BORN,0-2 years old,hatchback,ELECTRIC,automatic,GREY,17750,25527,0.7540722133,5
PJ68LML,CITROEN,C3,5-6 years old,hatchback,PETROL,manual,BLACK,8700,36155,0.732749123,5
WG22NWH,VAUXHALL,CROSSLAND,3-4 years old,suv,DIESEL,manual,GREY,13900,19008,0.387518262,8
CX73YRL,FORD,PUMA,0-2 years old,suv,PETROL,semiAutomatic,BLUE,17750,13868,0.6139146542,8
SD22TZZ,NISSAN,QASHQAI,3-4 years old,suv,PETROL,manual,BLUE,16400,17586,0.8094125198,8
SY21XKC,FORD,PUMA,3-4 years old,suv,PETROL,manual,BLUE,15200,24667,0.6526485189,8
KW72ULK,RENAULT,CAPTUR,0-2 years old,suv,PETROL,manual,BLUE,13950,19338,0.5969967901,8
YH22XYU,VAUXHALL,CROSSLAND,3-4 years old,suv,DIESEL,manual,GREY,11390,42349,0.387518262,8
MC21HXH,SKODA,KAROQ,3-4 years old,suv,PETROL,automatic,WHITE,19900,40085,0.7692253029,8
YF69ZCL,BMW,M4,5-6 years old,coupe,PETROL,semiAutomatic,BLACK,28900,52816,0.7078228369,4
BP21WHK,VOLKSWAGEN,POLO,3-4 years old,hatchback,PETROL,manual,RED,11960,55208,0.7191443889,5
MC21LDX,FORD,FOCUS,3-4 years old,hatchback,DIESEL,manual,WHITE,12450,54749,0.8789782053,5
GU72ZKN,BMW,2 SERIES GRAN COUPE,0-2 years old,saloon,PETROL,semiAutomatic,WHITE,22750,16759,0.7521703275,5
LA21CYF,TOYOTA,C-HR,3-4 years old,suv,PETROLELECTRICHYBRID,automatic,GREY,16700,28183,0.8159571805,8
AP72WCA,MG,HS,0-2 years old,suv,PETROL,semiAutomatic,RED,16550,22845,0.6915976908,8
HS71CXR,MINI,HATCHBACK,3-4 years old,hatchback,ELECTRIC,automatic,SILVER,13200,15242,0.9646294913,5
YP70NNX,FORD,PUMA,3-4 years old,suv,PETROL,manual,WHITE,13600,27247,0.6703324469,8
DA21KXV,VOLKSWAGEN,TIGUAN,3-4 years old,suv,PETROL,semiAutomatic,GREY,22700,38840,0.7643419923,8
HY23PJV,SKODA,KAMIQ,0-2 years old,suv,PETROL,manual,WHITE,20200,15561,0.3156053318,8
LD23YCY,MG,HS,0-2 years old,suv,PETROL,semiAutomatic,WHITE,16750,18814,0.6915976908,8
HG67FLV,MERCEDES-BENZ,GLA,7-8 years old,suv,DIESEL,semiAutomatic,BLUE,16100,49623,0.7109565222,8
YG72WCK,MINI,HATCHBACK,0-2 years old,hatchback,PETROL,semiAutomatic,BLUE,18400,22975,0.8155596007,5
FV22JNO,FORD,PUMA,3-4 years old,suv,PETROL,manual,WHITE,14600,22310,0.6738770985,8
VA70AOM,VAUXHALL,CORSA,3-4 years old,hatchback,PETROL,manual,GREY,9300,44161,0.7692563879,5
PY21MXG,JAGUAR,I-PACE,3-4 years old,suv,ELECTRIC,automatic,WHITE,19400,25634,0.7626722135,8
CK22VYG,FORD,ECOSPORT,3-4 years old,suv,PETROL,manual,WHITE,12950,20981,0.5868002265,8
YA68OGK,BMW,4 SERIES GRAN COUPE,5-6 years old,hatchback,DIESEL,manual,SILVER,12360,59942,0.5078223119,5
SN70MHF,MAZDA,CX-5,3-4 years old,suv,PETROL,automatic,BLUE,19400,30168,0.6503181772,8
SA19OEV,MINI,HATCHBACK,5-6 years old,hatchback,PETROL,manual,WHITE,12050,50251,0.6178956954,5
KM22UKX,BMW,2 SERIES GRAN COUPE,3-4 years old,saloon,PETROL,semiAutomatic,BLACK,19740,27314,0.7986849361,5
SW20FSP,FORD,FIESTA,5-6 years old,hatchback,PETROL,manual,SILVER,11800,15856,0.3500044011,5
PX68YLC,HYUNDAI,TUCSON,5-6 years old,suv,PETROL,manual,BLACK,11800,45290,0.5712612265,8
CA22UUX,RENAULT,CAPTUR,3-4 years old,suv,PETROL,manual,BLUE,15500,15205,0.371906579,8
VN22PCZ,VAUXHALL,CORSA,3-4 years old,hatchback,PETROL,automatic,BLUE,14400,16711,0.721132428,5
LL21OCF,BMW,1 SERIES,3-4 years old,hatchback,DIESEL,manual,BLUE,16550,70081,0.7381958215,5
LA68OSG,AUDI,A1,5-6 years old,hatchback,PETROL,semiAutomatic,BLACK,17100,31060,0.5279889012,5
DV18YLN,VAUXHALL,CROSSLAND X,7-8 years old,suv,PETROL,manual,WHITE,7600,41288,0.7972598614,8
HF20XBD,SKODA,KODIAQ,5-6 years old,suv,PETROL,automatic,BLUE,19900,43522,0.9465426557,8
FL72EYT,TOYOTA,COROLLA,0-2 years old,hatchback,PETROLELECTRICHYBRID,automatic,WHITE,15400,30326,0.7997111498,5
LD70ZPX,SUZUKI,SWIFT,3-4 years old,hatchback,PETROL,manual,SILVER,10500,17360,0.7858621718,5
CF71BNJ,CITROEN,C4,3-4 years old,hatchback,PETROL,semiAutomatic,WHITE,13800,38367,0.8144397722,5
RO21SVP,VOLKSWAGEN,T-ROC,3-4 years old,suv,PETROL,semiAutomatic,SILVER,22640,14672,0.7672516598,8
MM67DDN,AUDI,Q2,7-8 years old,suv,PETROL,semiAutomatic,GREY,14650,46611,0.6263885049,8
HS19ECC,RENAULT,CLIO,5-6 years old,hatchback,PETROL,manual,BLUE,9600,28377,0.7030785023,5
DE22WFV,KIA,SPORTAGE,3-4 years old,suv,PETROLELECTRICHYBRID,automatic,RED,22490,25727,0.8344546325,8
BD22LHW,FORD,KUGA,3-4 years old,suv,DIESEL,semiAutomatic,RED,23650,13215,0.6507321554,8
PO72VTT,DACIA,SANDERO STEPWAY,0-2 years old,hatchback,PETROLLIQUEFIEDPETROLEUMGAS,manual,GREY,10950,23566,0.7048271843,5
KE68OSG,SMART,FORFOUR,5-6 years old,hatchback,PETROL,manual,WHITE,8600,15174,0.3642898791,5
MJ69FFD,FORD,FOCUS,5-6 years old,hatchback,PETROL,manual,BLUE,11100,41629,0.6663431568,5
GX19YWK,TOYOTA,AYGO,5-6 years old,hatchback,PETROL,manual,SILVER,9850,10312,0.4927868765,5
YS22EYW,MERCEDES-BENZ,A-CLASS,3-4 years old,hatchback,DIESEL,semiAutomatic,WHITE,22350,13736,0.6721864041,5
YS71VKW,FORD,FIESTA,3-4 years old,hatchback,PETROL,manual,GREY,11870,44110,0.4945987977,5
DN71XWO,NISSAN,LEAF,3-4 years old,hatchback,ELECTRIC,automatic,BLACK,9650,29146,0.6456046578,5
LR22SKE,MERCEDES-BENZ,A-CLASS,3-4 years old,saloon,PETROLPLUGINELECTRICHYBRID,semiAutomatic,WHITE,19900,44421,0.2946876115,5
FM21UFU,MERCEDES-BENZ,A-CLASS,3-4 years old,hatchback,PETROL,semiAutomatic,BLUE,19400,28142,0.7651016989,5
GL22GWM,VOLKSWAGEN,POLO,3-4 years old,hatchback,PETROL,manual,GREY,14750,42569,0.6503199879,5
YG20BEJ,BMW,X2,5-6 years old,suv,DIESEL,semiAutomatic,BLACK,20800,28291,0.5984939222,8
SD68ZPX,TOYOTA,AYGO,5-6 years old,hatchback,PETROL,manual,WHITE,9000,23057,0.5559641305,5
YC21EKT,SEAT,ATECA,3-4 years old,suv,PETROL,manual,GREY,15230,41755,0.612215839,8
HJ71XJB,PEUGEOT,108,3-4 years old,hatchback,PETROL,manual,GREEN,9150,23977,0.7234324014,5
YH18EEP,LEXUS,NX,7-8 years old,suv,PETROLELECTRICHYBRID,automatic,ORANGE,19090,55702,0.3698678032,8
SC21LWH,JAGUAR,I-PACE,3-4 years old,suv,ELECTRIC,automatic,BLUE,19400,23279,0.7626722135,8
VA71JWM,VAUXHALL,CORSA,3-4 years old,hatchback,PETROL,manual,WHITE,11250,21316,0.8135150837,5
WV70FDY,FORD,FIESTA,3-4 years old,hatchback,PETROL,manual,RED,11280,26065,0.3406309944,5
BU70ETZ,VOLVO,XC40,3-4 years old,suv,PETROLPLUGINELECTRICHYBRID,semiAutomatic,BLUE,21890,34632,0.8498033846,8
NU20DYG,MERCEDES-BENZ,CLA,5-6 years old,estate,PETROL,semiAutomatic,GREY,20260,28594,0.7094440119,7
EO21YZJ,VOLKSWAGEN,ID.3,3-4 years old,hatchback,ELECTRIC,automatic,GREY,13650,23203,0.8446494717,5
DG20KAE,SKODA,SUPERB,5-6 years old,estate,DIESEL,manual,SILVER,15400,69888,0.8203159198,7
YR22MUB,FIAT,500E,3-4 years old,hatchback,ELECTRIC,automatic,GREY,14850,9522,0.6439433514,5
FP22HXT,VAUXHALL,CORSA,3-4 years old,hatchback,PETROL,manual,BLACK,12350,28281,0.6336698448,5
DV67UGE,VAUXHALL,ASTRA,7-8 years old,hatchback,DIESEL,manual,GREY,9300,36807,0.4754520626,5
MH21EDJ,AUDI,A4,3-4 years old,saloon,DIESEL,semiAutomatic,BLUE,20190,42762,0.6062106403,5
WF17GYJ,JAGUAR,F-TYPE,7-8 years old,coupe,PETROL,automatic,WHITE,36750,26089,0.5785486013,4
CE22NVR,LEXUS,ES,3-4 years old,saloon,PETROLELECTRICHYBRID,automatic,BLACK,26900,24611,0.264821689,5
WA22NFX,VOLVO,XC40,3-4 years old,suv,PETROL,semiAutomatic,BLACK,24800,64607,0.5513587195,8
SD20HWH,SKODA,SCALA,5-6 years old,hatchback,PETROL,manual,BLUE,11900,25224,0.3732029422,5
DG22GZT,KIA,CEED,3-4 years old,hatchback,PETROL,manual,BLUE,16600,24078,0.8169382692,5
HK22LYW,VAUXHALL,CROSSLAND,3-4 years old,suv,PETROL,manual,ORANGE,13150,28756,0.4229474515,8
RE67FHL,AUDI,A4,7-8 years old,saloon,DIESEL,semiAutomatic,WHITE,16400,30952,0.5718974135,5
AE19HHG,FIAT,500,5-6 years old,hatchback,PETROL,manual,PINK,6400,75877,0.5625033665,5
NK68LNM,VOLVO,S90,5-6 years old,saloon,DIESEL,semiAutomatic,WHITE,16950,52386,0.5742494321,5
SL18EHJ,NISSAN,QASHQAI,7-8 years old,suv,PETROL,manual,GREY,10000,44060,0.6915380131,8
ML68MDX,HONDA,JAZZ,5-6 years old,hatchback,PETROL,automatic,BLUE,12100,23859,0.4937690204,5
DN71WDG,VAUXHALL,CORSA,3-4 years old,hatchback,PETROL,manual,GREY,11890,14785,0.7226740347,5
FX68PXE,MERCEDES-BENZ,C-CLASS,5-6 years old,convertible,PETROL,automatic,SILVER,17200,63880,0.5211708422,4
DY20FLE,VAUXHALL,GRANDLAND X,5-6 years old,suv,PETROL,manual,GREY,11900,40240,0.6783831364,8
GY69EGE,SKODA,FABIA,5-6 years old,hatchback,PETROL,manual,BLUE,8900,42734,0.3819779601,5
OE70VNS,JAGUAR,I-PACE,3-4 years old,suv,ELECTRIC,automatic,RED,20200,28992,0.8658461757,8
RF73XSR,PEUGEOT,2008,0-2 years old,suv,PETROL,manual,RED,17200,10376,0.2677270794,8
ST22GWE,PEUGEOT,E-2008,3-4 years old,suv,ELECTRIC,automatic,WHITE,13200,45691,0.7544094133,8
LO71HZH,BMW,I3,3-4 years old,hatchback,ELECTRIC,automatic,GREY,13900,34156,0.4390773284,5
GY21MZV,BMW,2 SERIES GRAN COUPE,3-4 years old,saloon,PETROL,manual,WHITE,17400,30851,0.7655567983,5
BU68WSF,PEUGEOT,208,5-6 years old,hatchback,PETROL,manual,WHITE,7830,37536,0.7821582371,5
RX69UDJ,SUBARU,FORESTER,5-6 years old,suv,PETROLELECTRICHYBRID,semiAutomatic,SILVER,19900,25183,0.2250681268,8
DL24KYO,FORD,PUMA,0-2 years old,suv,PETROL,semiAutomatic,GREY,19900,16414,0.5329472184,8
SH18OHF,VAUXHALL,CORSA,5-6 years old,hatchback,PETROL,manual,SILVER,8900,19348,0.6708313476,5
FY19KJN,SUZUKI,SX4 S-CROSS,5-6 years old,suv,PETROL,automatic,WHITE,11600,51592,0.6853827509,8
AO71DOJ,FIAT,500,3-4 years old,hatchback,PETROL,manual,GREY,9350,32268,0.806153899,5
ST67KOE,AUDI,Q3,7-8 years old,suv,DIESEL,semiAutomatic,SILVER,16450,67464,0.667383007,8
YS22BWP,HYUNDAI,TUCSON,3-4 years old,suv,PETROL,manual,WHITE,18900,25457,0.6692106179,8
GY67ODA,FORD,FIESTA,7-8 years old,hatchback,PETROL,manual,RED,8900,22118,0.7436463026,5
DE71BKZ,SEAT,ATECA,3-4 years old,suv,PETROL,manual,GREY,15040,34477,0.7262711908,8
HN22TWV,CITROEN,C3 AIRCROSS,3-4 years old,suv,PETROL,manual,BLACK,12900,15544,0.6476655221,8
KN22YGP,FORD,PUMA,3-4 years old,suv,PETROL,manual,GREY,15350,37861,0.6526485189,8
NG22DFL,MINI,HATCHBACK,3-4 years old,hatchback,ELECTRIC,automatic,GREY,12250,23807,0.9581766853,5
EX70YKE,VOLKSWAGEN,TIGUAN,3-4 years old,suv,PETROL,semiAutomatic,GREY,19050,23638,0.7419450729,8
YP22HHX,VOLVO,XC40,3-4 years old,suv,ELECTRIC,automatic,BLACK,23700,23739,0.4396102944,8
LB19FHS,MINI,COUNTRYMAN,5-6 years old,suv,PETROLPLUGINELECTRICHYBRID,semiAutomatic,GREEN,16900,40169,0.6948068358,8
MW23XZT,SKODA,KAMIQ,0-2 years old,suv,PETROL,semiAutomatic,GREY,17200,35932,0.2956054072,8
KX22ORN,ABARTH,595,3-4 years old,hatchback,PETROL,manual,BLACK,12050,51601,0.8752878377,5
KP18CAO,AUDI,A3,7-8 years old,saloon,PETROL,semiAutomatic,WHITE,15600,51532,0.6297892804,5
AJ21CXZ,VOLKSWAGEN,POLO,3-4 years old,hatchback,PETROL,manual,ORANGE,13950,16789,0.8941247425,5
NV72EPF,SEAT,IBIZA,0-2 years old,hatchback,PETROL,manual,RED,13950,24451,0.6358117437,5
WD22BUP,DACIA,SANDERO,3-4 years old,hatchback,PETROL,manual,WHITE,9850,22602,0.8756052077,5
BU72USE,MERCEDES-BENZ,C-CLASS,0-2 years old,saloon,PETROLPLUGINELECTRICHYBRID,semiAutomatic,BLUE,28850,24732,0.1807889249,5
VN69OYB,VOLKSWAGEN,T-CROSS,5-6 years old,suv,PETROL,manual,BLUE,12900,46736,0.704064928,8
HG21BYW,AUDI,A6,3-4 years old,saloon,PETROL,semiAutomatic,BLACK,20010,20284,0.8216475846,5
SC22WSN,CITROEN,C4,3-4 years old,hatchback,PETROL,manual,BLUE,14100,26259,0.6525829806,5
RJ72OFG,VOLKSWAGEN,ARTEON,0-2 years old,estate,PETROL,semiAutomatic,GREY,24650,31435,0.520728066,7
HG68XWA,SKODA,KAROQ,5-6 years old,suv,PETROL,automatic,GREY,15600,40694,0.6859159253,8
FY20VRP,TOYOTA,AYGO,5-6 years old,hatchback,PETROL,manual,GREY,9050,40983,0.6334621188,5
BW70COA,NISSAN,QASHQAI,3-4 years old,suv,PETROL,semiAutomatic,BLACK,16850,23946,0.6135231126,8
BV70NWT,AUDI,Q2,3-4 years old,suv,PETROL,manual,WHITE,18840,23218,0.6088350725,8
HJ22RZZ,BMW,2 SERIES ACTIVE TOURER,3-4 years old,hatchback,DIESEL,semiAutomatic,BLUE,20350,25050,0.4563928138,5
GF22LWO,NISSAN,QASHQAI,3-4 years old,suv,PETROL,manual,BLUE,18500,36554,0.5616196685,8
LF68FLR,FORD,FIESTA,5-6 years old,hatchback,PETROL,manual,BLUE,10550,13014,0.5885436695,5
HK21RZD,MINI,COUNTRYMAN,3-4 years old,suv,PETROL,semiAutomatic,BLUE,21550,20693,0.7072306316,8
T6MVX,VOLKSWAGEN,GOLF,7-8 years old,hatchback,DIESEL,semiAutomatic,WHITE,11200,78577,0.6254865069,5
SG21ZSK,TOYOTA,COROLLA TOURING SPORT,3-4 years old,estate,PETROLELECTRICHYBRID,automatic,BLACK,14850,57899,0.8388151748,7
KN20FWS,VOLKSWAGEN,GOLF,5-6 years old,hatchback,PETROL,semiAutomatic,WHITE,13500,71524,0.6316324047,5
MF20LXZ,SKODA,KAROQ,5-6 years old,suv,PETROL,automatic,GREY,18700,47594,0.7692253029,8
DF21LXT,AUDI,A3,3-4 years old,hatchback,PETROLPLUGINELECTRICHYBRID,semiAutomatic,BLUE,17520,52275,0.6898674611,5
YS70YFJ,FORD,FIESTA,3-4 years old,hatchback,PETROL,manual,BLUE,11650,23431,0.7268279387,5
DP18JRO,VAUXHALL,MOKKA X,7-8 years old,suv,PETROL,manual,BLACK,8500,63234,0.614980334,8
CU21HNA,FIAT,500X,3-4 years old,suv,PETROL,manual,GREY,13300,23057,0.5537664046,8
KU69YSG,MITSUBISHI,OUTLANDER,5-6 years old,suv,PETROL,semiAutomatic,BLUE,16950,33034,0.7705816722,8
YP71OWR,AUDI,A6,3-4 years old,saloon,PETROL,semiAutomatic,WHITE,19900,32369,0.8450595594,5
MK18LND,MAZDA,MAZDA3,7-8 years old,saloon,PETROL,manual,BLUE,10750,49170,0.3201965534,5
DP21NZD,RENAULT,MEGANE,3-4 years old,hatchback,DIESEL,semiAutomatic,BLACK,10650,67170,0.5945080315,5
GD21HGL,PEUGEOT,508,3-4 years old,estate,PETROL,semiAutomatic,WHITE,15150,42513,0.6289798721,7
LE21FVL,BMW,3 SERIES,3-4 years old,saloon,PETROLPLUGINELECTRICHYBRID,semiAutomatic,WHITE,20800,40881,0.8617465987,5
AR21KFK,AUDI,Q2,3-4 years old,suv,PETROL,semiAutomatic,BLUE,20350,28310,0.5770986399,8
KX68WMC,FORD,FOCUS,5-6 years old,hatchback,PETROL,automatic,BLUE,11450,31276,0.5279788549,5
SN18ZXV,PEUGEOT,2008,7-8 years old,suv,DIESEL,manual,WHITE,10350,37389,0.6357136194,8
DU69NYR,RENAULT,GRAND SCENIC,5-6 years old,mpv,PETROL,manual,BROWN,11100,77892,0.5481580525,8
AU19KFV,BMW,5 SERIES,5-6 years old,saloon,DIESEL,semiAutomatic,BLACK,21600,28943,0.6964313967,5
PK21FXD,BMW,X2,3-4 years old,suv,PETROLPLUGINELECTRICHYBRID,semiAutomatic,ORANGE,20900,14127,0.8399770486,8
KR22DVG,VAUXHALL,CORSA,3-4 years old,hatchback,DIESEL,manual,WHITE,11250,20754,0.6289261404,5
YB22YEE,TOYOTA,AYGO X,0-2 years old,hatchback,PETROL,manual,GREEN,12100,13159,0.6589083421,5
ML22XPO,TOYOTA,C-HR,3-4 years old,suv,PETROLELECTRICHYBRID,automatic,GREY,18150,30341,0.6514316148,8
SB73NVT,NISSAN,QASHQAI,0-2 years old,suv,PETROL,manual,GREY,20150,14621,0.7330659407,8
VN22ZVX,VAUXHALL,CORSA,3-4 years old,hatchback,PETROL,manual,BLUE,13350,17619,0.7072068723,5
FV22VLA,NISSAN,QASHQAI,3-4 years old,suv,PETROL,manual,GREY,17760,26367,0.6262746266,8
SA69YXK,HONDA,CIVIC,5-6 years old,hatchback,PETROL,manual,RED,14950,39037,0.7909045651,5
LX69FFB,JEEP,RENEGADE,5-6 years old,suv,PETROL,manual,WHITE,13700,20387,0.6747738771,8
NA70UPZ,VOLVO,XC40,3-4 years old,suv,PETROLPLUGINELECTRICHYBRID,semiAutomatic,BLUE,19450,65486,0.7494379774,8
DA22PBF,VOLKSWAGEN,T-CROSS,3-4 years old,suv,PETROL,manual,WHITE,14400,44598,0.8035962493,8
RE73KUH,VOLKSWAGEN,ID.3,0-2 years old,hatchback,ELECTRIC,automatic,GREY,18400,29469,0.5164828554,5
CV69YAW,VOLVO,XC40,5-6 years old,suv,PETROL,manual,BLACK,20400,17769,0.8089152507,8
LS69VXG,AUDI,A1,5-6 years old,hatchback,PETROL,manual,BLACK,16100,23370,0.7822279392,5
HJ18WFC,NISSAN,QASHQAI,7-8 years old,suv,DIESEL,manual,BLUE,12950,39042,0.6122649014,8
YR72SRX,NISSAN,LEAF,0-2 years old,hatchback,ELECTRIC,automatic,BLACK,11350,24742,0.3962476314,5
OU72VHP,BMW,3 SERIES,0-2 years old,saloon,PETROL,semiAutomatic,WHITE,25900,10069,0.8637236279,5
FY22PMO,FORD,KUGA,3-4 years old,suv,DIESEL,manual,SILVER,15950,43348,0.6948635009,8
YV19OJY,SUZUKI,VITARA,5-6 years old,suv,PETROL,manual,SILVER,11600,24090,0.5853239416,8
GL19JRZ,TOYOTA,AYGO,5-6 years old,hatchback,PETROL,manual,GREY,9400,18158,0.6334621188,5
YW23DDU,DACIA,SANDERO STEPWAY,0-2 years old,hatchback,PETROL,manual,ORANGE,12950,29074,0.4787665461,5
PJ70HNG,BMW,X1,3-4 years old,suv,PETROL,semiAutomatic,BLUE,20700,28730,0.7997110096,8
SO19HRK,MERCEDES-BENZ,C-CLASS,5-6 years old,saloon,PETROL,semiAutomatic,BLUE,19350,17039,0.7981230612,5
MK70FDV,KIA,NIRO,3-4 years old,suv,PETROLELECTRICHYBRID,automatic,WHITE,15390,31968,0.7738137936,8
KT67CVH,AUDI,A1,7-8 years old,hatchback,PETROL,semiAutomatic,GREY,14670,19854,0.2801329644,5
HS68YGA,HYUNDAI,KONA,5-6 years old,suv,PETROL,manual,GREY,11750,27965,0.5861852291,8
KP69XEA,VOLKSWAGEN,GOLF,5-6 years old,hatchback,PETROL,semiAutomatic,GREY,16740,39870,0.5307561874,5
M3GVC,HONDA,JAZZ,5-6 years old,hatchback,PETROL,automatic,ORANGE,11650,14582,0.502007096,5
FV68PXT,VOLKSWAGEN,T-ROC,5-6 years old,suv,PETROL,manual,ORANGE,12900,55342,0.4528170029,8
SR70HNG,FORD,KUGA,3-4 years old,suv,DIESEL,manual,WHITE,16500,47700,0.4958560389,8
RE20NUF,VOLKSWAGEN,T-ROC,5-6 years old,suv,PETROL,semiAutomatic,BLUE,20430,29205,0.7672516598,8
EY71YBA,KIA,XCEED,3-4 years old,hatchback,PETROL,manual,ORANGE,12890,27000,0.7216002101,5
FV69XMR,HONDA,JAZZ,5-6 years old,hatchback,PETROL,manual,WHITE,10250,39279,0.6326063553,5
GL19DSO,FORD,FIESTA,5-6 years old,hatchback,PETROL,manual,BLUE,10750,24984,0.6879976311,5
AR21JGF,AUDI,A1,3-4 years old,hatchback,PETROL,manual,WHITE,15900,50894,0.6677291103,5
CA72AVK,CITROEN,C3 AIRCROSS,0-2 years old,suv,PETROL,manual,BLACK,13650,14885,0.6760938951,8
BD69OYY,SEAT,LEON,5-6 years old,estate,PETROL,manual,BLUE,11900,53339,0.668631507,7
WGZ1405,TOYOTA,RAV4,3-4 years old,suv,PETROLELECTRICHYBRID,automatic,BLACK,25350,21820,0.8627539202,8
CF22KGY,PEUGEOT,5008,3-4 years old,suv,PETROL,semiAutomatic,GREY,22500,29511,0.7687186309,8
LA23GUU,MG,MG4,0-2 years old,suv,ELECTRIC,automatic,RED,14950,25380,0.5700672262,8
KJ19VDX,MERCEDES-BENZ,C-CLASS,5-6 years old,convertible,PETROL,semiAutomatic,SILVER,20500,53155,0.5776760711,4
YF21KWE,SEAT,TARRACO,3-4 years old,suv,DIESEL,automatic,BLACK,21100,43559,0.7563139164,8
MD72XZT,FIAT,500,0-2 years old,hatchback,PETROL,manual,BLACK,10400,16557,0.9526462946,5
AE18TFZ,PEUGEOT,3008,7-8 years old,suv,PETROL,manual,GREY,12100,33105,0.6499360062,8
LV68FTE,BMW,X2,5-6 years old,suv,DIESEL,semiAutomatic,GREY,17000,40258,0.3454377564,8
KF17NWK,AUDI,S3,7-8 years old,hatchback,PETROL,semiAutomatic,WHITE,17100,78985,0.6303281981,5
NA23VHP,NISSAN,QASHQAI,0-2 years old,suv,PETROL,semiAutomatic,BLUE,21900,33957,0.531700793,8
EF72YBA,FORD,FOCUS,0-2 years old,hatchback,PETROL,manual,GREY,17550,21681,0.4764944226,5
BJ71APY,SEAT,ARONA,3-4 years old,suv,PETROL,manual,BLACK,12710,39784,0.5120578728,8
LO21MPU,BMW,X1,3-4 years old,suv,PETROLPLUGINELECTRICHYBRID,semiAutomatic,BLUE,20100,34490,0.7981488249,8
CF70EEP,VOLKSWAGEN,T-ROC,3-4 years old,suv,PETROL,manual,WHITE,16600,36544,0.8281509949,8
KK18KHO,HYUNDAI,KONA,7-8 years old,suv,PETROL,manual,GREY,10200,62035,0.5861852291,8
PY19YDK,AUDI,A1,5-6 years old,hatchback,PETROL,semiAutomatic,GREY,16400,23669,0.6323409829,5
HV20ZRA,SUZUKI,SWIFT,3-4 years old,hatchback,PETROL,manual,BLUE,10150,29570,0.7858621718,5
AU22YDA,CITROEN,E-C4,3-4 years old,hatchback,ELECTRIC,automatic,GREY,13750,10069,0.6943704415,5
H8XSR,MERCEDES-BENZ,A-CLASS,5-6 years old,hatchback,PETROL,semiAutomatic,GREY,17800,30404,0.5763050726,5
LL70TTZ,NISSAN,MICRA,3-4 years old,hatchback,PETROL,manual,GREY,9200,58449,0.4887007654,5
RE70VGK,VOLKSWAGEN,GOLF,3-4 years old,hatchback,PETROL,semiAutomatic,GREY,19150,30621,0.7630685448,5
FL68XMJ,LAND ROVER,DISCOVERY,5-6 years old,suv,DIESEL,automatic,BLACK,28110,47709,0.5377402118,8
WP22HXC,VOLKSWAGEN,ID.3,3-4 years old,hatchback,ELECTRIC,automatic,TURQUOISE,14750,18971,0.6306438217,5
DF21XPK,VOLKSWAGEN,T-ROC,3-4 years old,suv,PETROL,semiAutomatic,WHITE,20200,24317,0.8008007235,8
BX71AHP,FIAT,500,3-4 years old,hatchback,PETROL,manual,GREY,10450,11318,0.806153899,5
WU23JSV,RENAULT,CAPTUR,0-2 years old,suv,PETROLELECTRICHYBRID,automatic,BLUE,16650,18707,0.585694113,8
KT67GVD,MINI,COUNTRYMAN,7-8 years old,suv,PETROL,semiAutomatic,BLUE,15150,40240,0.6702727059,8
AF18YJW,VAUXHALL,CROSSLAND X,7-8 years old,suv,DIESEL,manual,BLUE,8200,57397,0.3712610087,8
SM19HKZ,SUZUKI,IGNIS,5-6 years old,suv,PETROL,manual,BLUE,10900,10850,0.5946639832,8
YP19EMT,VAUXHALL,MOKKA X,5-6 years old,suv,PETROL,manual,WHITE,10380,29262,0.5468206395,8
SH70FFD,VAUXHALL,GRANDLAND X,3-4 years old,suv,PETROL,automatic,BLUE,13250,40786,0.7149048198,8
NV21CHO,LAND ROVER,RANGE ROVER SPORT,3-4 years old,suv,DIESEL,semiAutomatic,BLACK,37250,40741,0.5944650873,8
XJ10ANA,AUDI,A3,3-4 years old,saloon,PETROL,semiAutomatic,BLUE,19800,66398,0.5145275234,5
YS70LVU,FORD,FIESTA,3-4 years old,hatchback,PETROL,manual,WHITE,10440,32430,0.6445669954,5
CF72XCK,PEUGEOT,508,0-2 years old,hatchback,PETROL,semiAutomatic,WHITE,17200,15463,0.7407828303,5
SA68LZE,VAUXHALL,CORSA,5-6 years old,hatchback,PETROL,manual,WHITE,8250,35860,0.684747813,5
FN22OLA,SKODA,KAMIQ,3-4 years old,suv,PETROL,manual,BLUE,14900,20459,0.4591574262,8
SL68HYK,AUDI,A1,5-6 years old,hatchback,PETROL,manual,BLUE,11900,41632,0.7751523132,5
SL70OOE,NISSAN,QASHQAI,3-4 years old,suv,DIESEL,automatic,RED,15400,54603,0.457790232,8
SN18HUZ,MERCEDES-BENZ,GLC,7-8 years old,suv,DIESEL,semiAutomatic,WHITE,17450,69688,0.6719032467,8
EN18MTO,MERCEDES-BENZ,E-CLASS,7-8 years old,coupe,DIESEL,semiAutomatic,BLACK,18850,55795,0.710809342,4
HY18BVG,FORD,ECOSPORT,7-8 years old,suv,PETROL,semiAutomatic,ORANGE,12350,14035,0.614005665,8
YR69CCJ,MINI,CONVERTIBLE,5-6 years old,convertible,PETROL,semiAutomatic,RED,19550,28419,0.7938095127,4
RJ21LTN,TOYOTA,RAV4,3-4 years old,suv,PETROLELECTRICHYBRID,automatic,BLUE,22740,64019,0.6536158718,8
PJ21ORP,BMW,X1,3-4 years old,suv,PETROLPLUGINELECTRICHYBRID,semiAutomatic,BLUE,21200,21839,0.6935453952,8
EK22FFB,BMW,1 SERIES,3-4 years old,hatchback,PETROL,semiAutomatic,GREY,22100,21838,0.7094367777,5
KJ19DNN,CITROEN,C3 AIRCROSS,5-6 years old,suv,PETROL,manual,BLACK,7950,56952,0.7099539833,8
YG18SWU,VOLVO,XC90,7-8 years old,suv,DIESEL,semiAutomatic,GREY,28200,47007,0.3587240191,8
NA69LXK,SKODA,FABIA,5-6 years old,hatchback,PETROL,manual,BLACK,9400,29636,0.756741161,5
PO71YVC,HONDA,CIVIC,3-4 years old,hatchback,PETROL,manual,RED,15200,22781,0.7703910862,5
GF68CJU,FORD,FOCUS,5-6 years old,estate,PETROL,automatic,WHITE,11450,45512,0.5878211277,7
AO22FZX,TOYOTA,YARIS CROSS,3-4 years old,estate,PETROLELECTRICHYBRID,automatic,WHITE,16400,53083,0.4609829772,7
SK18RGV,FORD,KUGA,7-8 years old,suv,DIESEL,manual,BLACK,11900,58488,0.4315315515,8
EN71TVP,LAND ROVER,RANGE ROVER EVOQUE,3-4 years old,suv,DIESEL,automatic,RED,20400,70196,0.624681075,8
BD22ZNP,HYUNDAI,KONA,3-4 years old,suv,ELECTRIC,automatic,BLUE,15300,20220,0.7449883555,8
GF70WMJ,SKODA,OCTAVIA,3-4 years old,estate,PETROL,manual,GREY,14550,51426,0.7078329599,7
MW72FFR,PEUGEOT,2008,0-2 years old,suv,DIESEL,manual,ORANGE,13850,42034,0.7951925479,8
DN23AVF,AUDI,A3,0-2 years old,hatchback,PETROL,semiAutomatic,BLACK,20200,45163,0.8101665904,5
KY70JWP,SKODA,SUPERB,3-4 years old,estate,PETROLPLUGINELECTRICHYBRID,semiAutomatic,BLACK,14250,78118,0.853830546,7
WX71NFR,BMW,4 SERIES,3-4 years old,coupe,PETROL,semiAutomatic,WHITE,25180,35237,0.7866183913,4
FY69TMU,TOYOTA,YARIS,5-6 years old,hatchback,PETROL,manual,RED,10850,26287,0.6511475148,5
DG19WWT,VAUXHALL,CORSA,5-6 years old,hatchback,PETROL,manual,WHITE,9750,13685,0.7577657658,5
ST21WHR,KIA,NIRO,3-4 years old,suv,PETROLPLUGINELECTRICHYBRID,automatic,GREY,15550,41879,0.7828605166,8
YE21LVG,SEAT,ATECA,3-4 years old,suv,PETROL,manual,GREEN,17240,32052,0.7143253737,8
DM19DBO,FORD,FIESTA,5-6 years old,hatchback,PETROL,manual,RED,9750,35760,0.6879976311,5
BD67NGU,TOYOTA,C-HR,7-8 years old,suv,PETROLELECTRICHYBRID,automatic,SILVER,14900,37465,0.6426166818,8
BK22TJY,HYUNDAI,KONA,3-4 years old,suv,ELECTRIC,automatic,BLUE,13900,38331,0.7449883555,8
DV22VFH,PEUGEOT,E-2008,3-4 years old,suv,ELECTRIC,automatic,GREY,12800,45917,0.6639227039,8
FA19DVV,TOYOTA,COROLLA,5-6 years old,hatchback,PETROLELECTRICHYBRID,automatic,BLACK,14700,48543,0.6219510878,5
HF68PDU,NISSAN,QASHQAI,5-6 years old,suv,PETROL,manual,GREY,13650,45880,0.5735190636,8
RF68OPB,FORD,FIESTA,5-6 years old,hatchback,PETROL,manual,BLUE,7600,77317,0.7235787515,5
MT22KGV,MERCEDES-BENZ,A-CLASS,3-4 years old,saloon,PETROL,manual,BLACK,19900,36908,0.4547488127,5
MV74YYP,SKODA,ENYAQ IV,0-2 years old,suv,ELECTRIC,automatic,BLUE,34780,3137,0.1174113995,8
CN22OYV,FORD,ECOSPORT,3-4 years old,suv,PETROL,manual,WHITE,13310,16929,0.5868002265,8
WM19ZPC,AUDI,A4,5-6 years old,saloon,PETROL,semiAutomatic,GREY,17200,22289,0.5221077988,5
NU20LZV,VAUXHALL,ASTRA,5-6 years old,hatchback,PETROL,manual,BLUE,9850,31978,0.7380578911,5
DC21TLO,SEAT,ATECA,3-4 years old,suv,PETROL,manual,GREY,14800,44288,0.7262711908,8
VA19UOT,VOLKSWAGEN,GOLF,5-6 years old,hatchback,PETROL,semiAutomatic,BLUE,20890,32554,0.7212526057,5
WP68WCD,FORD,FOCUS,5-6 years old,hatchback,PETROL,manual,WHITE,10250,76268,0.6728871706,5
OU71WFC,MERCEDES-BENZ,GLE COUPE,3-4 years old,suv,DIESEL,semiAutomatic,BLUE,46900,42397,0.3098139178,8
LB23YUS,TESLA,MODEL Y,0-2 years old,suv,ELECTRIC,automatic,WHITE,33700,22052,0.6311441222,8
PK72XUR,MG,HS,0-2 years old,suv,PETROL,manual,RED,14300,30475,0.6103534847,8
SY20NMU,TOYOTA,RAV4,5-6 years old,suv,PETROLELECTRICHYBRID,automatic,BLACK,22800,26390,0.8627539202,8
PO22OBR,MAZDA,CX-5,3-4 years old,suv,PETROL,manual,BLACK,18980,15533,0.5649596488,8
MW71LGJ,VAUXHALL,MOKKA,3-4 years old,suv,PETROL,manual,RED,13650,34461,0.6465783454,8
ML23LWJ,AUDI,Q2,0-2 years old,suv,PETROL,manual,GREY,20390,22697,0.4582865883,8
LB70ODN,CITROEN,C3,3-4 years old,hatchback,PETROL,manual,RED,9500,27358,0.7690173945,5
GL72ZDU,SKODA,KAMIQ,0-2 years old,suv,PETROL,manual,BLACK,16500,12118,0.6125521156,8
DW18GXJ,NISSAN,QASHQAI,7-8 years old,suv,PETROL,manual,BLACK,12700,27062,0.7276786896,8
CK72EFM,CITROEN,C4,0-2 years old,hatchback,PETROL,semiAutomatic,GREY,16390,9392,0.8144397722,5
EU22WLH,FIAT,500,3-4 years old,hatchback,PETROL,manual,GREY,9900,27248,0.9526462946,5
YD23ORL,NISSAN,JUKE,0-2 years old,suv,PETROL,manual,BLACK,13500,36469,0.6673581562,8
SM22URH,DACIA,SANDERO STEPWAY,3-4 years old,hatchback,PETROL,manual,BLACK,11550,25303,0.6215781943,5
LD70KRE,KIA,NIRO,3-4 years old,suv,PETROLPLUGINELECTRICHYBRID,automatic,BLUE,17390,27058,0.6678196122,8
AK22HFW,BMW,I4 GRAN COUPE,3-4 years old,hatchback,ELECTRIC,automatic,GREEN,28600,26798,0.4002915125,5
LW19OXV,SEAT,ARONA,5-6 years old,suv,PETROL,manual,RED,10200,46841,0.7867568238,8
LO69HLV,VAUXHALL,CORSA,5-6 years old,hatchback,PETROL,automatic,WHITE,10450,38802,0.5121819465,5
DC68KGG,BMW,4 SERIES,5-6 years old,coupe,DIESEL,semiAutomatic,BLUE,14350,60077,0.7311585069,4
MD21AOP,BMW,X5,3-4 years old,suv,DIESEL,semiAutomatic,BLUE,40350,51113,0.3018133298,8
HN23DTO,SUZUKI,S-CROSS,0-2 years old,suv,PETROL,manual,BLUE,15950,13433,0.4965663155,8
VK22LUZ,VAUXHALL,CORSA,3-4 years old,hatchback,PETROL,manual,BLACK,11150,20426,0.8135150837,5
YL72FTT,CITROEN,C4,0-2 years old,hatchback,PETROL,semiAutomatic,BLACK,14750,43030,0.8144397722,5
FG18KHW,TOYOTA,C-HR,5-6 years old,suv,PETROL,manual,WHITE,12200,38640,0.5589176897,8
OV21NZA,SMART,FORFOUR,3-4 years old,hatchback,ELECTRIC,automatic,BLACK,8600,28632,0.8556082381,5
HN22AAX,MG,ZS,3-4 years old,suv,PETROL,manual,BLUE,12700,35498,0.6459010545,8
WF23VPU,AUDI,Q2,0-2 years old,suv,PETROL,semiAutomatic,WHITE,20900,39293,0.6247843106,8
BF70BFL,VOLKSWAGEN,TIGUAN,3-4 years old,suv,PETROL,manual,WHITE,15900,47912,0.7473064952,8
NA68ODC,VAUXHALL,MOKKA X,5-6 years old,suv,PETROL,manual,SILVER,9200,43749,0.7248686313,8
WG18OEM,FORD,FIESTA,7-8 years old,hatchback,PETROL,manual,BLACK,10600,14380,0.8080563329,5
MJ71AUL,TOYOTA,COROLLA,3-4 years old,hatchback,PETROLELECTRICHYBRID,automatic,WHITE,15200,35304,0.7874592835,5
ML68CKP,PEUGEOT,208,5-6 years old,hatchback,PETROL,manual,BLACK,8800,30173,0.7821582371,5
BV68DJZ,VAUXHALL,CORSA,5-6 years old,hatchback,PETROL,manual,BLACK,8250,31023,0.6096785283,5
WP18HVK,SEAT,ARONA,7-8 years old,suv,PETROL,manual,RED,10600,47757,0.4291198908,8
RO22YVW,MERCEDES-BENZ,CLA,3-4 years old,estate,PETROL,semiAutomatic,BLUE,19800,50724,0.7094440119,7
KR22OSD,SUZUKI,SWIFT,3-4 years old,hatchback,PETROL,manual,BLUE,11350,38389,0.5876616856,5
CF22AXR,VAUXHALL,MOKKA-E,3-4 years old,suv,ELECTRIC,automatic,GREEN,11350,41580,0.6580830472,8
WU22PWF,SKODA,KODIAQ,3-4 years old,suv,PETROL,automatic,RED,26900,36993,0.7495931207,8
KT18CDU,CITROEN,C3,7-8 years old,hatchback,PETROL,manual,BLUE,8350,44814,0.8247506681,5
AY69UKK,SEAT,ARONA,5-6 years old,suv,PETROL,manual,SILVER,11450,34193,0.7867568238,8
RJ22UFC,AUDI,A3,3-4 years old,hatchback,PETROLPLUGINELECTRICHYBRID,semiAutomatic,WHITE,20650,28376,0.6898674611,5
KT21VVC,TOYOTA,RAV4,3-4 years old,suv,PETROLELECTRICHYBRID,automatic,BLUE,21900,65784,0.540526414,8
YF68FFL,PEUGEOT,208,5-6 years old,hatchback,PETROL,manual,WHITE,7650,42674,0.7090944195,5
SK22XRY,PEUGEOT,3008,3-4 years old,suv,PETROL,semiAutomatic,BLUE,19550,31633,0.6674136492,8
NL22LWR,HONDA,HR-V,3-4 years old,suv,PETROLELECTRICHYBRID,automatic,RED,19040,32796,0.4946233762,8
PF70VNO,VOLKSWAGEN,T-ROC,3-4 years old,suv,PETROL,semiAutomatic,WHITE,17890,22983,0.6302728038,8
VK21ZHJ,VOLKSWAGEN,PASSAT,3-4 years old,estate,PETROL,semiAutomatic,BLACK,20650,17451,0.8592215848,7
WM69OGD,MERCEDES-BENZ,A-CLASS,5-6 years old,hatchback,PETROL,manual,WHITE,15100,49156,0.3863044037,5
DX70YLV,NISSAN,JUKE,3-4 years old,suv,PETROL,manual,RED,13890,21577,0.5991086774,8
YC19RYN,BMW,1 SERIES,5-6 years old,hatchback,PETROL,manual,BLACK,13750,40186,0.7511009023,5
YR20YYH,FORD,ECOSPORT,5-6 years old,suv,PETROL,manual,WHITE,12600,10541,0.5868002265,8
FX21OXE,BMW,2 SERIES GRAN COUPE,3-4 years old,saloon,PETROL,semiAutomatic,BLUE,17600,53117,0.7521703275,5
VK21HHE,VOLKSWAGEN,T-ROC,3-4 years old,suv,PETROL,semiAutomatic,RED,20140,22177,0.8008007235,8
VO21ZSF,VAUXHALL,CORSA,3-4 years old,hatchback,PETROL,manual,GREY,12600,15227,0.5697411791,5
SH18OGG,VAUXHALL,CORSA,5-6 years old,hatchback,PETROL,manual,BLUE,8400,17682,0.6708313476,5
SA20RWF,BMW,3 SERIES,5-6 years old,estate,DIESEL,semiAutomatic,GREY,23350,72177,0.5846548671,7
CP73AEE,KIA,CEED,0-2 years old,hatchback,PETROL,automatic,RED,20900,2869,0.3901719344,5
YG18FNB,SEAT,LEON,7-8 years old,estate,PETROL,manual,BLUE,10550,54298,0.5382494522,7
MM70RXT,CITROEN,C3,3-4 years old,hatchback,PETROL,manual,BLUE,9340,20620,0.8464556895,5
VU22NVN,VOLKSWAGEN,ARTEON,3-4 years old,estate,PETROLPLUGINELECTRICHYBRID,semiAutomatic,BLACK,20500,52302,0.5318814429,7
MT22ZWW,VOLKSWAGEN,ID.3,3-4 years old,hatchback,ELECTRIC,automatic,GREY,14900,45182,0.8075787482,5
YS69NHN,HYUNDAI,TUCSON,5-6 years old,suv,PETROL,manual,RED,15900,32334,0.6313526745,8
CT19WKL,VAUXHALL,CROSSLAND X,5-6 years old,suv,PETROL,manual,RED,6900,67459,0.4500419414,8
AJ67DWC,VOLKSWAGEN,UP!,7-8 years old,hatchback,PETROL,manual,RED,6560,48418,0.6428205195,5
DP69HVM,VAUXHALL,CORSA,5-6 years old,hatchback,PETROL,manual,GREY,10950,21347,0.6659106134,5
LA17HHN,MINI,HATCHBACK,7-8 years old,hatchback,DIESEL,semiAutomatic,BLACK,13000,41363,0.5435738215,5
DX20GHY,FIAT,500L,5-6 years old,hatchback,PETROL,manual,GREY,9250,31729,0.4267336436,5
EX70VZG,FORD,FIESTA,3-4 years old,hatchback,PETROL,manual,RED,16400,20447,0.7436064742,5
YH22JEU,BMW,3 SERIES,3-4 years old,saloon,DIESEL,semiAutomatic,GREY,21950,48182,0.7352751697,5
KP19TUX,FORD,ECOSPORT,5-6 years old,suv,PETROL,manual,WHITE,9210,45461,0.6459626073,8
KC21FFE,TOYOTA,AYGO,3-4 years old,hatchback,PETROL,manual,RED,10600,15829,0.6931629206,5
SV22XSU,MG,HS,3-4 years old,suv,PETROL,manual,BLACK,15050,18005,0.6103534847,8
YGZ2239,FIAT,500E,0-2 years old,hatchback,ELECTRIC,automatic,WHITE,11890,21330,0.5632255075,5
FB21YJX,MERCEDES-BENZ,A-CLASS,3-4 years old,hatchback,DIESEL,semiAutomatic,GREY,23290,25154,0.7043377252,5
HG68HRR,MERCEDES-BENZ,A-CLASS,5-6 years old,hatchback,PETROL,manual,BLACK,17050,34914,0.5359514034,5
AO67AVB,KIA,PICANTO,7-8 years old,hatchback,PETROL,manual,RED,8100,11320,0.7156880317,5
DL21YRK,HYUNDAI,IONIQ,3-4 years old,hatchback,ELECTRIC,automatic,GREY,11050,37421,0.5568975715,5
VU72UNF,MG,MG3,0-2 years old,hatchback,PETROL,manual,WHITE,10200,23397,0.7982490024,5
HK22VPO,FORD,PUMA,3-4 years old,suv,PETROL,manual,WHITE,13700,31046,0.6738770985,8
YP22GBU,VOLVO,C40,3-4 years old,suv,ELECTRIC,automatic,WHITE,25900,25017,0.4199865265,8
VO21ZNU,VAUXHALL,CORSA,3-4 years old,hatchback,PETROL,manual,ORANGE,11550,26173,0.5697411791,5
LD23JBX,MAZDA,MAZDA2,0-2 years old,hatchback,PETROL,manual,RED,12500,13829,0.7939061459,5
SY18OCR,PEUGEOT,208,7-8 years old,hatchback,PETROL,manual,GREY,7600,37980,0.3680667302,5
LT68NLF,VAUXHALL,MOKKA X,5-6 years old,suv,PETROL,manual,GREY,8600,37092,0.7248686313,8
HH10KES,AUDI,Q2,5-6 years old,suv,DIESEL,manual,YELLOW,13200,57400,0.8487472553,8
NL22XBV,TOYOTA,C-HR,3-4 years old,suv,PETROLELECTRICHYBRID,automatic,GREY,17700,37087,0.6514316148,8
VE19EFW,VAUXHALL,CORSA,5-6 years old,hatchback,PETROL,manual,BLACK,9450,23908,0.6514062209,5
LP69VRK,FORD,FOCUS,5-6 years old,hatchback,PETROL,automatic,WHITE,13250,29669,0.6817118391,5
LK22JSU,BMW,X1,3-4 years old,suv,PETROL,semiAutomatic,BLACK,23250,25171,0.9156522029,8
HN68FYR,FORD,ECOSPORT,5-6 years old,suv,PETROL,manual,GREY,8450,39620,0.7334868532,8
GF20MWK,MINI,COUNTRYMAN,5-6 years old,suv,PETROL,semiAutomatic,BLACK,18400,41790,0.5358110942,8
ND22EXX,BMW,X1,3-4 years old,suv,PETROLPLUGINELECTRICHYBRID,semiAutomatic,BLACK,21590,21691,0.9371335629,8
FY20ODX,KIA,XCEED,5-6 years old,hatchback,PETROL,manual,BLACK,15370,23591,0.3672973497,5
NL68GCU,KIA,SPORTAGE,5-6 years old,suv,DIESEL,manual,BLACK,11850,41209,0.4385194589,8
DV21KJE,NISSAN,LEAF,3-4 years old,hatchback,ELECTRIC,automatic,SILVER,9350,23878,0.7157433916,5
SD23LFP,VAUXHALL,ASTRA,0-2 years old,hatchback,PETROL,manual,YELLOW,15900,14356,0.3197603567,5
CP19FMA,KIA,PICANTO,5-6 years old,hatchback,PETROL,manual,WHITE,7150,56475,0.6131985929,5
WJ23DWV,LAND ROVER,RANGE ROVER EVOQUE,0-2 years old,suv,PETROLPLUGINELECTRICHYBRID,automatic,BRONZE,28900,17978,0.6709657263,8
YN22EOH,SUZUKI,VITARA,3-4 years old,suv,PETROL,manual,SILVER,14760,15116,0.7056304524,8
DT69NZA,VAUXHALL,CORSA,5-6 years old,hatchback,PETROL,manual,WHITE,11200,17289,0.7160218683,5
WN68DWX,MINI,COUNTRYMAN,5-6 years old,suv,PETROL,semiAutomatic,WHITE,13570,63766,0.6940106367,8
LO21VVC,PEUGEOT,2008,3-4 years old,suv,PETROL,manual,ORANGE,12100,59124,0.6407047777,8
HD21EWL,VAUXHALL,GRANDLAND X,3-4 years old,suv,PETROL,manual,RED,14100,21893,0.686542718,8
PN70AZU,MG,HS,3-4 years old,suv,PETROL,manual,BLACK,12950,46199,0.6103534847,8
CX22WFR,TOYOTA,COROLLA,3-4 years old,hatchback,PETROLELECTRICHYBRID,automatic,BLUE,18300,28466,0.5460639416,5
SG18AFX,FORD,ECOSPORT,7-8 years old,suv,PETROL,semiAutomatic,RED,10550,35043,0.5200740435,8
YY20EFM,BMW,2 SERIES GRAN COUPE,5-6 years old,saloon,PETROL,manual,GREY,17350,39188,0.9437821979,5
VN21GRF,VAUXHALL,CORSA-E,3-4 years old,hatchback,ELECTRIC,automatic,WHITE,9300,45740,0.7313625197,5
VA67BYK,SUZUKI,VITARA,7-8 years old,suv,PETROL,manual,GREY,11900,44970,0.4640997094,8
DF21FYV,VOLKSWAGEN,T-ROC,3-4 years old,suv,PETROL,semiAutomatic,GREY,20650,13362,0.8008007235,8
VK22LXX,VAUXHALL,CORSA,3-4 years old,hatchback,PETROL,manual,GREY,9100,63810,0.8135150837,5
CA23XBV,CITROEN,C5 AIRCROSS,0-2 years old,suv,PETROLPLUGINELECTRICHYBRID,semiAutomatic,GREY,20780,12384,0.7155889681,8
GP19UFK,MERCEDES-BENZ,CLA,5-6 years old,coupe,PETROL,semiAutomatic,WHITE,24350,19692,0.6231393368,4
DT19NZE,VAUXHALL,CORSA,5-6 years old,hatchback,PETROL,manual,SILVER,8650,50027,0.9032277964,5
SH18OHD,VAUXHALL,CORSA,5-6 years old,hatchback,PETROL,manual,SILVER,9360,13502,0.6708313476,5
KY11COG,CITROEN,C4 CACTUS,7-8 years old,suv,PETROL,semiAutomatic,BLUE,11060,22730,0.6636836638,8
YP73JWU,FORD,KUGA,0-2 years old,suv,PETROLPLUGINELECTRICHYBRID,automatic,BLUE,23200,16280,0.6438664636,8
YC72BBV,VOLKSWAGEN,GOLF,0-2 years old,hatchback,DIESEL,semiAutomatic,GREY,18200,41203,0.6338802762,5
AK20ETD,AUDI,A1,5-6 years old,hatchback,PETROL,semiAutomatic,WHITE,16900,29964,0.7121369307,5
YB21WOJ,SEAT,TARRACO,3-4 years old,suv,PETROL,automatic,BLUE,21150,42912,0.8753654931,8
WJ21NCU,SKODA,KAMIQ,3-4 years old,suv,PETROL,manual,RED,13440,55763,0.5085267753,8
JXZ5977,RENAULT,CAPTUR,7-8 years old,suv,PETROL,manual,RED,8600,23506,0.4481749443,8
FY20MDX,LAND ROVER,RANGE ROVER SPORT,5-6 years old,suv,PETROLPLUGINELECTRICHYBRID,semiAutomatic,BLUE,33400,27789,0.6112520124,8
BW19VOG,VOLKSWAGEN,TIGUAN,5-6 years old,suv,PETROL,semiAutomatic,WHITE,17950,44848,0.3941550715,8
FV71GVR,LAND ROVER,RANGE ROVER EVOQUE,3-4 years old,suv,PETROLPLUGINELECTRICHYBRID,automatic,BLACK,22900,75956,0.5853434999,8
SE19ULL,VOLKSWAGEN,T-ROC,5-6 years old,suv,DIESEL,manual,GREY,18800,30201,0.6497283944,8
WD69CDV,LAND ROVER,RANGE ROVER EVOQUE,5-6 years old,suv,DIESEL,manual,WHITE,16250,47857,0.8956809924,8
ND21EXL,TOYOTA,COROLLA TOURING SPORT,3-4 years old,estate,PETROLELECTRICHYBRID,automatic,BLACK,14350,66494,0.8441437952,7
KE24YXM,AUDI,Q3,0-2 years old,suv,PETROL,semiAutomatic,GREY,35350,2259,0.4255557591,8
AF71CDY,PEUGEOT,2008,3-4 years old,suv,PETROL,manual,RED,16100,23844,0.6286055998,8
MA19ZXB,VOLKSWAGEN,GOLF,5-6 years old,hatchback,PETROL,semiAutomatic,SILVER,18650,58736,0.6468223823,5
YF22RWL,VAUXHALL,MOKKA-E,3-4 years old,suv,ELECTRIC,automatic,GREY,13400,11537,0.8684809309,8
MW70TFA,SKODA,KAROQ,3-4 years old,suv,PETROL,automatic,BLACK,21500,17318,0.7692253029,8
KM21MTK,BMW,3 SERIES,3-4 years old,saloon,DIESEL,manual,BLACK,16350,69633,0.8447834606,5
CV21NCD,VOLVO,XC40,3-4 years old,suv,PETROLPLUGINELECTRICHYBRID,semiAutomatic,GREY,22900,33506,0.7979980186,8
NL66XOW,VAUXHALL,CORSA,7-8 years old,hatchback,PETROL,manual,WHITE,6450,60708,0.6475511256,5
CV69KWL,MITSUBISHI,OUTLANDER,5-6 years old,suv,PETROLPLUGINELECTRICHYBRID,automatic,WHITE,14300,47989,0.8044253885,8
YD22HZY,VOLKSWAGEN,POLO,3-4 years old,hatchback,PETROL,manual,BLUE,14880,21240,0.480142211,5
FP20ZSY,VAUXHALL,CROSSLAND X,3-4 years old,suv,PETROL,semiAutomatic,GREY,11550,21827,0.7257202967,8
HJ23AXB,CITROEN,C5 AIRCROSS,0-2 years old,suv,DIESEL,semiAutomatic,BLUE,20800,25579,0.6124498698,8
EF70XVZ,FORD,PUMA,3-4 years old,suv,PETROL,semiAutomatic,SILVER,17150,26808,0.3885080799,8
BU21NTC,BMW,3 SERIES,3-4 years old,saloon,PETROL,semiAutomatic,BLUE,20500,32185,0.8046430009,5
FJ70MWY,FIAT,500X,3-4 years old,suv,PETROL,manual,RED,10740,39285,0.5537664046,8
MT21FGD,FORD,FOCUS,3-4 years old,hatchback,DIESEL,automatic,BLACK,13600,41144,0.7898382322,5
WO18YPP,FORD,FOCUS,7-8 years old,hatchback,PETROL,manual,BLACK,8150,44660,0.6547206662,5
GM19TYT,PEUGEOT,3008,5-6 years old,suv,DIESEL,manual,GREY,12500,68139,0.7333978176,8
VA71KHR,VAUXHALL,CORSA,3-4 years old,hatchback,PETROL,manual,WHITE,10130,33032,0.8135150837,5
RV20UTR,LAND ROVER,DISCOVERY SPORT,5-6 years old,suv,PETROL,automatic,BLUE,22000,58842,0.5429112633,8
FM18SHV,CITROEN,C3 AIRCROSS,7-8 years old,suv,PETROL,manual,BLUE,9900,37931,0.5607525791,8
SM71WWV,VAUXHALL,MOKKA,3-4 years old,suv,PETROL,manual,RED,14600,23918,0.432265229,8
GK68FNC,SUZUKI,IGNIS,5-6 years old,suv,PETROL,manual,BLUE,10250,39777,0.4631907785,8
FH73XBV,NISSAN,QASHQAI,0-2 years old,suv,PETROL,semiAutomatic,GREY,19900,28071,0.7510294679,8
BJ22ZFH,AUDI,A1,3-4 years old,hatchback,PETROL,manual,BLUE,16220,20173,0.8330010305,5
MW21XFB,VOLKSWAGEN,TIGUAN,3-4 years old,suv,PETROL,semiAutomatic,GREY,23750,30455,0.7643419923,8
KU68KRK,MINI,HATCHBACK,5-6 years old,hatchback,PETROL,manual,ORANGE,10350,42317,0.7206605631,5
LD70WOJ,BMW,3 SERIES,3-4 years old,saloon,PETROLPLUGINELECTRICHYBRID,semiAutomatic,BLUE,19350,32573,0.8592402857,5
BW17XJH,FORD,FIESTA,7-8 years old,hatchback,PETROL,manual,BLACK,7900,38640,0.6192602866,5
WA18YLT,SKODA,FABIA,7-8 years old,hatchback,PETROL,manual,BEIGE,8450,50816,0.6244138013,5
FD21EVK,BMW,X1,3-4 years old,suv,PETROL,semiAutomatic,SILVER,19900,32367,0.6586635121,8
AF69FCY,MINI,HATCHBACK,5-6 years old,hatchback,PETROL,manual,BLACK,14050,27017,0.6879605834,5
KT21NBE,VOLVO,XC40,3-4 years old,suv,PETROL,manual,BLACK,22300,20489,0.8089152507,8
LX18LWT,SEAT,ATECA,7-8 years old,suv,PETROL,semiAutomatic,WHITE,15250,32431,0.6112207684,8
DG69BYD,SEAT,ARONA,5-6 years old,suv,PETROL,semiAutomatic,SILVER,12600,27699,0.6819673285,8
PE22VUB,FORD,FIESTA,3-4 years old,hatchback,PETROL,manual,BLUE,12400,28911,0.5920956435,5
LL71CPV,MAZDA,CX-30,3-4 years old,suv,PETROL,manual,BLACK,14880,53516,0.3620773014,8
AU21UKB,KIA,SPORTAGE,3-4 years old,suv,PETROL,automatic,RED,20970,13033,0.7777700769,8
NU68XDT,AUDI,Q2,5-6 years old,suv,PETROL,manual,RED,12940,44364,0.6965979423,8
WP21KHL,MERCEDES-BENZ,GLA,3-4 years old,suv,DIESEL,semiAutomatic,GREY,23800,24815,0.7165161725,8
YT22CHN,AUDI,Q2,3-4 years old,suv,PETROL,semiAutomatic,GREY,19900,53608,0.5770986399,8
ND71LUA,SKODA,KAMIQ,3-4 years old,suv,PETROL,manual,SILVER,15800,11854,0.6649937122,8
DN22BHV,CITROEN,E-C4,3-4 years old,hatchback,ELECTRIC,automatic,GREY,12550,21612,0.6943704415,5
GD72ZLE,VOLKSWAGEN,T-CROSS,0-2 years old,suv,PETROL,automatic,GREY,22800,16753,0.591255072,8
VX18ZBO,LAND ROVER,RANGE ROVER EVOQUE,7-8 years old,suv,PETROL,automatic,SILVER,16990,57808,0.7593653427,8
VK21RCF,VOLKSWAGEN,T-CROSS,3-4 years old,suv,PETROL,automatic,GREY,16150,33017,0.8204613675,8
DY21HNP,AUDI,A1,3-4 years old,hatchback,PETROL,manual,RED,15500,27946,0.8330010305,5
DY22HKZ,BMW,X1,3-4 years old,suv,PETROLPLUGINELECTRICHYBRID,semiAutomatic,BLACK,19900,46304,0.7300667706,8
YS70YDU,FORD,FIESTA,3-4 years old,hatchback,PETROL,manual,BLACK,11830,23286,0.7268279387,5
SX23CCN,TOYOTA,AYGO X,0-2 years old,hatchback,PETROL,manual,BLUE,12750,12581,0.6589083421,5
SH19NWS,AUDI,A1,5-6 years old,hatchback,PETROL,manual,GREY,15000,54401,0.5903944442,5
NC21FFJ,VAUXHALL,CROSSLAND,3-4 years old,suv,PETROL,semiAutomatic,RED,12850,26099,0.6646095354,8
YY21PZX,JAGUAR,E-PACE,3-4 years old,suv,PETROLPLUGINELECTRICHYBRID,automatic,WHITE,19890,61633,0.4817099096,8
GL67CKC,AUDI,Q5,7-8 years old,suv,DIESEL,semiAutomatic,SILVER,18460,63405,0.6968759646,8
FB19WBF,VOLKSWAGEN,ARTEON,5-6 years old,hatchback,PETROL,semiAutomatic,GREY,15700,48069,0.7030563791,5
BG22ENV,HYUNDAI,TUCSON,3-4 years old,suv,PETROLELECTRICHYBRID,semiAutomatic,BLUE,18100,55041,0.6405045673,8
HK67WCP,RENAULT,CAPTUR,7-8 years old,suv,DIESEL,manual,BLACK,7800,74864,0.6658500338,8
YF22UMK,FORD,PUMA,3-4 years old,suv,PETROL,manual,BLUE,16700,20108,0.6526485189,8
DV23VUR,NISSAN,JUKE,0-2 years old,suv,PETROL,manual,GREY,13500,33117,0.6673581562,8
KM68VST,VAUXHALL,INSIGNIA GRAND SPORT,5-6 years old,hatchback,PETROL,manual,SILVER,10250,40522,0.7201112329,5
HJ21RXR,AUDI,A3,3-4 years old,hatchback,PETROL,semiAutomatic,BLUE,19900,40413,0.7321525072,5
SA22EXP,CITROEN,C4,3-4 years old,hatchback,PETROL,manual,BLACK,14350,23116,0.6525829806,5
MC16VKT,HONDA,CR-V,9+ years old,suv,DIESEL,manual,BLACK,9700,59832,0.4267313405,8
BT71YKB,TESLA,MODEL 3,3-4 years old,saloon,ELECTRIC,automatic,WHITE,20400,35240,0.8495200287,5
BL22KUB,HYUNDAI,KONA,3-4 years old,suv,ELECTRIC,automatic,GREY,14150,27235,0.7449883555,8
BD71ECZ,HYUNDAI,IONIQ 5,3-4 years old,suv,ELECTRIC,automatic,GREY,19010,24001,0.6286737019,8
SH71OLM,VAUXHALL,MOKKA,3-4 years old,suv,PETROL,manual,GREEN,14100,41088,0.5253913959,8
LM17BBO,SMART,FORTWO COUPE,7-8 years old,coupe,PETROL,manual,SILVER,6450,46433,0.7022692986,4
HN18FRR,FORD,FIESTA,7-8 years old,hatchback,PETROL,manual,SILVER,9900,16109,0.7436463026,5
RJ69EHN,VOLKSWAGEN,GOLF,5-6 years old,hatchback,DIESEL,semiAutomatic,RED,16350,29927,0.7553821602,5
FV71UNX,PEUGEOT,2008,3-4 years old,suv,PETROL,semiAutomatic,ORANGE,15040,50766,0.7148597809,8
GK69ENN,VOLKSWAGEN,PASSAT,5-6 years old,estate,DIESEL,semiAutomatic,BLACK,16850,36234,0.5462007865,7
ST69WYV,BMW,X3 M,5-6 years old,suv,PETROL,semiAutomatic,RED,37890,46476,0.48132466,8
HY69OEJ,SKODA,CITIGO,5-6 years old,hatchback,PETROL,manual,BLUE,8200,26557,0.6582008507,5
NC21ZCE,CITROEN,C3,3-4 years old,hatchback,PETROL,manual,BLACK,10990,11553,0.6590438491,5
VK22LJY,VAUXHALL,CORSA,3-4 years old,hatchback,PETROL,manual,BLACK,11120,26165,0.8135150837,5
AK72TFY,VOLKSWAGEN,POLO,0-2 years old,hatchback,PETROL,manual,BLACK,15550,15117,0.5906678598,5
DG19YLW,SUZUKI,VITARA,5-6 years old,suv,PETROL,manual,TURQUOISE,10250,51687,0.5853239416,8
FP22EGY,BMW,3 SERIES,3-4 years old,estate,PETROLPLUGINELECTRICHYBRID,semiAutomatic,BLUE,15780,76949,0.8453292351,7
GL21WUE,BMW,1 SERIES,3-4 years old,hatchback,PETROL,semiAutomatic,BLUE,24900,31712,0.6971362136,5
SM20WTF,BMW,1 SERIES,5-6 years old,hatchback,PETROL,semiAutomatic,BLUE,19800,35610,0.8090128825,5
GU71EKJ,VOLKSWAGEN,POLO,3-4 years old,hatchback,PETROL,semiAutomatic,BLUE,15530,14914,0.7184112937,5
NJ71KMU,CUPRA,FORMENTOR,3-4 years old,suv,PETROLPLUGINELECTRICHYBRID,semiAutomatic,GREEN,20500,45927,0.6570177843,8
DE22WRU,MG,HS,3-4 years old,suv,PETROL,manual,RED,13490,15825,0.6649249934,8
SY66YUO,FORD,KA+,7-8 years old,hatchback,PETROL,manual,GOLD,7200,38763,0.6469734831,5
SM70VOT,BMW,2 SERIES GRAN COUPE,3-4 years old,saloon,PETROL,manual,WHITE,18250,37453,0.9437821979,5
GJ68CBU,SKODA,OCTAVIA,5-6 years old,hatchback,PETROL,semiAutomatic,BLACK,11050,54719,0.7424188516,5
DT69NXB,VAUXHALL,CORSA,5-6 years old,hatchback,PETROL,manual,BLACK,11100,24749,0.7160218683,5
HN18YMH,BMW,X2,7-8 years old,suv,PETROL,semiAutomatic,BLUE,16750,51954,0.6654009466,8
DK68XZC,VAUXHALL,CORSA,5-6 years old,hatchback,PETROL,manual,BLUE,8900,36176,0.4543988963,5
GU22ZNW,MERCEDES-BENZ,GLE,3-4 years old,suv,DIESEL,semiAutomatic,BLUE,39900,49460,0.5589624387,8
KN21JOJ,VOLVO,XC60,3-4 years old,suv,DIESEL,semiAutomatic,SILVER,30800,30876,0.5960994654,8
YR69WUG,FORD,FOCUS,5-6 years old,hatchback,PETROL,manual,WHITE,11170,49452,0.6857122892,5
DN23OBM,NISSAN,JUKE,0-2 years old,suv,PETROL,manual,SILVER,12400,26031,0.6576663151,8
RJ21SOE,AUDI,A1,3-4 years old,hatchback,PETROL,manual,WHITE,15900,23904,0.8330010305,5
LF71FGP,SEAT,ARONA,3-4 years old,suv,PETROL,semiAutomatic,BLUE,15400,23461,0.6335336824,8
LV23OHO,JEEP,RENEGADE,0-2 years old,suv,PETROLPLUGINELECTRICHYBRID,automatic,GREY,21900,20061,0.6208435433,8
CF71NUX,PEUGEOT,208,3-4 years old,hatchback,PETROL,manual,GREY,13700,13175,0.5780245855,5
LF05BOO,PEUGEOT,3008,5-6 years old,suv,DIESEL,manual,BLACK,14700,27274,0.7333978176,8
EK20OOX,VOLKSWAGEN,T-CROSS,5-6 years old,suv,PETROL,manual,BLACK,13700,42869,0.704064928,8
DV20TNX,VAUXHALL,CROSSLAND X,5-6 years old,suv,PETROL,manual,GREY,10450,26054,0.5582820374,8
LM68XOS,MERCEDES-BENZ,GLC,5-6 years old,suv,PETROL,semiAutomatic,WHITE,19100,61850,0.4054297066,8
LL21VHD,PEUGEOT,5008,3-4 years old,suv,PETROL,semiAutomatic,BLACK,21400,28895,0.7687186309,8
OE22DOU,JAGUAR,I-PACE,3-4 years old,suv,ELECTRIC,automatic,GREY,24600,20269,0.7460899293,8
YF71AMX,VOLKSWAGEN,TIGUAN ALLSPACE,3-4 years old,suv,PETROL,semiAutomatic,BLACK,22750,32972,0.7130461848,8
KY69RFZ,VOLKSWAGEN,T-ROC,5-6 years old,suv,DIESEL,manual,WHITE,16450,55667,0.590837566,8
CP67BUE,FORD,KUGA,7-8 years old,suv,DIESEL,manual,BLUE,10200,49027,0.5114331464,8
SB69DRO,VOLKSWAGEN,GOLF,5-6 years old,hatchback,PETROL,manual,WHITE,16500,25698,0.7368121242,5
GU68DVB,MINI,HATCHBACK,5-6 years old,hatchback,PETROL,semiAutomatic,SILVER,17400,36836,0.3845445772,5
SC22WKV,BMW,2 SERIES GRAN COUPE,3-4 years old,saloon,PETROL,semiAutomatic,BLUE,21450,25869,0.8931336541,5
LR70YFX,MERCEDES-BENZ,A-CLASS,3-4 years old,hatchback,PETROL,manual,SILVER,16450,48622,0.6724006363,5
LP72OXW,MAZDA,MAZDA2,0-2 years old,hatchback,PETROL,automatic,SILVER,14150,39906,0.689901619,5
YD22ADZ,CUPRA,FORMENTOR,3-4 years old,suv,PETROL,semiAutomatic,BLACK,19800,64185,0.8327926925,8
CV22ZVX,FORD,PUMA,3-4 years old,suv,PETROL,manual,WHITE,16200,31273,0.5222921945,8
DY21TVV,VAUXHALL,CORSA,3-4 years old,hatchback,PETROL,manual,GREY,11500,22962,0.7160218683,5
VK71OFD,VAUXHALL,MOKKA,3-4 years old,suv,PETROL,automatic,BLUE,15800,22009,0.3397362011,8
SD19SGU,SKODA,FABIA,5-6 years old,hatchback,PETROL,manual,BLUE,8200,51765,0.3819779601,5
LF22VPR,TOYOTA,YARIS CROSS,3-4 years old,estate,PETROLELECTRICHYBRID,automatic,WHITE,18850,8003,0.5323050962,7
FV71HXL,RENAULT,CLIO,3-4 years old,hatchback,PETROL,manual,WHITE,12600,20810,0.7388215128,5
VN70RWJ,VOLKSWAGEN,T-ROC,3-4 years old,suv,PETROL,semiAutomatic,BLUE,19580,30244,0.7672516598,8
BG20VRY,AUDI,Q5,5-6 years old,suv,PETROLPLUGINELECTRICHYBRID,semiAutomatic,WHITE,21650,72916,0.3306929325,8
EY22CNC,NISSAN,QASHQAI,3-4 years old,suv,PETROL,manual,BLACK,15850,44371,0.5936675252,8
KJ21BVB,VOLKSWAGEN,TIGUAN,3-4 years old,suv,PETROL,manual,BLACK,18850,34232,0.3511166327,8
YC69HWZ,VOLKSWAGEN,T-ROC,5-6 years old,suv,PETROL,semiAutomatic,BLUE,19900,9343,0.6900827859,8
WF71EOM,MINI,HATCHBACK,3-4 years old,hatchback,PETROL,semiAutomatic,GREEN,17100,25808,0.8167489834,5
DX22ZVG,HYUNDAI,KONA,3-4 years old,suv,PETROL,manual,BLUE,14700,37017,0.5799235268,8
YH71UKJ,BMW,X1,3-4 years old,suv,PETROL,semiAutomatic,GREY,23050,36894,0.5992078518,8
CK22UGZ,TOYOTA,COROLLA,3-4 years old,hatchback,PETROLELECTRICHYBRID,automatic,WHITE,16090,18501,0.7997111498,5
DN70WKV,VAUXHALL,CORSA,3-4 years old,hatchback,PETROL,manual,RED,9150,43500,0.7692563879,5
CN22SVF,FORD,KUGA,3-4 years old,suv,DIESEL,manual,GREY,17700,46321,0.7998715055,8
PJ20LSK,NISSAN,QASHQAI,3-4 years old,suv,PETROL,manual,GREY,13350,43663,0.2540750205,8
AO22XVK,VOLVO,XC40,3-4 years old,suv,PETROLPLUGINELECTRICHYBRID,semiAutomatic,SILVER,24750,38960,0.7728790919,8
SW21FWC,AUDI,A4,3-4 years old,saloon,DIESEL,semiAutomatic,WHITE,15800,72539,0.6397284867,5
YP68VGZ,SEAT,ARONA,5-6 years old,suv,PETROL,manual,SILVER,8850,63500,0.7867568238,8
MK69BBF,TOYOTA,AYGO,5-6 years old,hatchback,PETROL,manual,RED,9100,28459,0.6931629206,5
WF21MYU,BMW,5 SERIES,3-4 years old,saloon,PETROL,semiAutomatic,BLACK,25300,38025,0.6029020756,5
FL68YGC,TOYOTA,YARIS,5-6 years old,hatchback,PETROLELECTRICHYBRID,automatic,SILVER,11400,44490,0.6516024815,5
VO21ZWM,VAUXHALL,CORSA,3-4 years old,hatchback,PETROL,manual,GREY,11950,23988,0.5697411791,5
GF22WBT,PEUGEOT,2008,3-4 years old,suv,PETROL,manual,RED,14100,27463,0.7650901681,8
AU24PUK,RENAULT,CLIO,0-2 years old,hatchback,PETROLELECTRICHYBRID,automatic,BLACK,16900,12223,0.4558632147,5
MW21TVE,VOLKSWAGEN,TIGUAN,3-4 years old,suv,PETROL,semiAutomatic,GREY,22600,39982,0.7643419923,8
RK68KWJ,TOYOTA,AYGO,5-6 years old,hatchback,PETROL,manual,WHITE,9150,34295,0.5559641305,5
BP21DYC,SKODA,KAMIQ,3-4 years old,suv,PETROL,manual,RED,12350,26408,0.849756255,8
NX19DPN,VAUXHALL,GRANDLAND X,5-6 years old,suv,PETROL,automatic,RED,10550,63280,0.7162537318,8
LR22YVF,AUDI,A3,3-4 years old,hatchback,PETROL,manual,BLACK,16330,37986,0.8145324178,5
DV71GZO,NISSAN,JUKE,3-4 years old,suv,PETROL,semiAutomatic,BLACK,14350,43446,0.5565205961,8
OE21SYC,POLESTAR,2,3-4 years old,hatchback,ELECTRIC,automatic,BLUE,20400,45313,0.673843921,5
RO73VWT,HONDA,JAZZ,0-2 years old,hatchback,PETROLELECTRICHYBRID,automatic,BLUE,19400,8395,0.1657261001,5
VO21ZKC,VAUXHALL,CORSA,3-4 years old,hatchback,PETROL,manual,GREY,12000,15186,0.5697411791,5
SH68YYG,VOLKSWAGEN,T-ROC,5-6 years old,suv,PETROL,manual,SILVER,12950,62371,0.5189617142,8
WR72OJE,DACIA,SANDERO,0-2 years old,hatchback,PETROL,manual,GREY,10750,23685,0.6781155582,5
GL17UGO,JAGUAR,F-PACE,7-8 years old,suv,DIESEL,automatic,RED,17500,53168,0.6909673455,8
NA24CYE,VOLKSWAGEN,POLO,0-2 years old,hatchback,PETROL,manual,GREY,16960,11764,0.5906678598,5
EU18POA,RENAULT,CLIO,7-8 years old,hatchback,PETROL,manual,WHITE,9350,22159,0.6457279516,5
HV20TWC,RENAULT,CAPTUR,5-6 years old,suv,PETROL,manual,GREY,10450,60967,0.6089738521,8
EK21MUB,MINI,CLUBMAN,3-4 years old,estate,PETROL,semiAutomatic,GREY,18950,51401,0.5434891687,7
WM19KCE,FIAT,500,5-6 years old,hatchback,PETROL,manual,WHITE,8900,15896,0.7600347872,5
SM69BJV,TOYOTA,AYGO,5-6 years old,hatchback,PETROL,manual,GREY,8500,37015,0.6707958407,5
RJ70VYS,VOLKSWAGEN,T-CROSS,3-4 years old,suv,PETROL,automatic,BLUE,16400,28018,0.5436547722,8
BF21VJM,TOYOTA,YARIS,3-4 years old,hatchback,PETROLELECTRICHYBRID,automatic,BLUE,14100,48168,0.3916795619,5
CT19PZC,VAUXHALL,VIVA,5-6 years old,hatchback,PETROL,manual,GREY,7400,26619,0.533925917,5
BF68XMZ,NISSAN,MICRA,5-6 years old,hatchback,PETROL,manual,ORANGE,7450,56075,0.6573973936,5
VN22PCU,VAUXHALL,CORSA,3-4 years old,hatchback,PETROL,automatic,BLUE,13700,10764,0.8284535811,5
NX71ZZC,CITROEN,C3,3-4 years old,hatchback,PETROL,manual,BLUE,10250,21870,0.6590438491,5
VK21XDV,VAUXHALL,CORSA,3-4 years old,hatchback,PETROL,manual,BLUE,10550,20221,0.7692563879,5
AE20LCF,FORD,FIESTA,5-6 years old,hatchback,PETROL,manual,BLUE,11000,17925,0.6250171117,5
KR69OBE,VOLKSWAGEN,GOLF,5-6 years old,hatchback,DIESEL,semiAutomatic,GREY,18400,29760,0.5870047714,5
NJ68URF,AUDI,A3,5-6 years old,hatchback,PETROL,manual,BLACK,12650,61536,0.6000250087,5
VE22ZXB,VAUXHALL,CORSA,3-4 years old,hatchback,PETROL,manual,RED,10240,40374,0.8135150837,5
GGZ7610,HYUNDAI,I10,7-8 years old,hatchback,PETROL,manual,WHITE,7500,25613,0.6535094247,5
ND18TXJ,BMW,5 SERIES,7-8 years old,saloon,PETROL,semiAutomatic,WHITE,16850,54063,0.7294818573,5
BP71EYU,PEUGEOT,108,3-4 years old,hatchback,PETROL,manual,WHITE,9500,17928,0.5864724967,5
CA72VBU,PEUGEOT,E-208,0-2 years old,hatchback,ELECTRIC,automatic,WHITE,13500,12924,0.3165094733,5
NA22RXP,KIA,EV6,3-4 years old,suv,ELECTRIC,automatic,BLACK,19400,46841,0.6582979616,8
LS72VUO,MAZDA,MAZDA2,0-2 years old,hatchback,PETROL,manual,BLUE,13950,17613,0.6166526065,5
KV22LNR,SUZUKI,SWIFT,3-4 years old,hatchback,PETROL,manual,RED,12800,18259,0.5876616856,5
SO17GMG,HYUNDAI,I20,7-8 years old,hatchback,PETROL,manual,WHITE,8800,13130,0.3888946242,5
WR69VMC,MERCEDES-BENZ,A-CLASS,5-6 years old,hatchback,DIESEL,semiAutomatic,RED,15600,31567,0.8872348893,5
DS21SMX,VAUXHALL,ASTRA,3-4 years old,hatchback,DIESEL,manual,BLACK,9700,47048,0.8167454588,5
WG72XHY,MG,ZS EV,0-2 years old,suv,ELECTRIC,automatic,SILVER,14100,34777,0.6719696774,8
CA72AWC,CITROEN,C3 AIRCROSS,0-2 years old,suv,PETROL,manual,BLACK,13870,12181,0.6760938951,8
SK19OJT,VAUXHALL,CORSA,5-6 years old,hatchback,PETROL,manual,RED,7600,47758,0.8133797227,5
YM23KZZ,NISSAN,QASHQAI,0-2 years old,suv,PETROLELECTRICHYBRID,automatic,GREY,22350,20937,0.64468618,8
LS21MGJ,SEAT,ARONA,3-4 years old,suv,PETROL,semiAutomatic,GREY,14450,26794,0.6684970364,8
VO21ZSE,VAUXHALL,CORSA,3-4 years old,hatchback,PETROL,manual,GREY,12100,22358,0.5697411791,5
DS73TJO,VAUXHALL,CORSA,0-2 years old,hatchback,PETROL,automatic,BLACK,16900,15981,0.5256519703,5
SD69ERY,VAUXHALL,CORSA,5-6 years old,hatchback,PETROL,manual,GREY,9850,28425,0.6514062209,5
WR22BXJ,VOLKSWAGEN,T-CROSS,3-4 years old,suv,PETROL,automatic,BLUE,16550,23344,0.6935979614,8
MD69ADZ,RENAULT,KADJAR,5-6 years old,suv,DIESEL,semiAutomatic,BLACK,11250,76809,0.3745401787,8
B22PCW,MERCEDES-BENZ,E-CLASS,7-8 years old,coupe,PETROL,semiAutomatic,SILVER,16950,57045,0.4320290821,4
EN70ZFA,SUZUKI,SWIFT,3-4 years old,hatchback,PETROL,manual,WHITE,9550,37520,0.7858621718,5
AO68NFL,SMART,FORTWO COUPE,5-6 years old,coupe,PETROL,automatic,WHITE,9400,36880,0.6716043234,4
MT21KNN,PEUGEOT,208,3-4 years old,hatchback,PETROL,manual,YELLOW,13950,16697,0.7577618165,5
AP18NHC,FORD,KUGA,7-8 years old,suv,PETROL,manual,WHITE,9900,76670,0.7598977334,8
WP23NHT,NISSAN,JUKE,0-2 years old,suv,PETROL,manual,SILVER,12900,23798,0.6576663151,8
FD71VFF,KIA,E-NIRO,3-4 years old,suv,ELECTRIC,automatic,WHITE,13650,27217,0.5872983867,8
RJ23FFK,VOLKSWAGEN,T-ROC,0-2 years old,suv,PETROL,semiAutomatic,BLACK,24000,27228,0.4735773386,8
DF70OSP,VOLVO,XC60,3-4 years old,suv,PETROL,semiAutomatic,SILVER,29300,27145,0.5076786761,8
EF70CVX,VOLKSWAGEN,POLO,3-4 years old,hatchback,PETROL,manual,SILVER,13400,30810,0.8941247425,5
AX70AWM,VOLKSWAGEN,TIGUAN,3-4 years old,suv,PETROL,semiAutomatic,RED,23950,27816,0.6535098882,8
SH70KMG,SEAT,IBIZA,3-4 years old,hatchback,PETROL,semiAutomatic,GREY,14400,13666,0.7368219712,5
YH22MWO,VOLKSWAGEN,GOLF,3-4 years old,hatchback,DIESEL,manual,BLUE,14900,53362,0.868363609,5
KJ69KVX,RENAULT,CLIO,5-6 years old,hatchback,PETROL,manual,ORANGE,10400,56724,0.6433226121,5
VN68VLZ,VOLKSWAGEN,POLO,5-6 years old,hatchback,PETROL,manual,RED,10750,74664,0.6948604165,5
DV22OTH,NISSAN,QASHQAI,3-4 years old,suv,PETROL,semiAutomatic,GREY,19900,18295,0.6303453716,8
YB71TKZ,LAND ROVER,DISCOVERY SPORT,3-4 years old,suv,PETROLPLUGINELECTRICHYBRID,automatic,GREY,21900,64228,0.8063527307,8
LJ23SPW,MG,ZS,0-2 years old,suv,PETROL,manual,SILVER,13640,10316,0.6459010545,8
DU21XLG,AUDI,A3,3-4 years old,hatchback,PETROL,manual,BLACK,18600,28903,0.6962843915,5
NL70LRO,VOLVO,XC40,3-4 years old,suv,PETROLPLUGINELECTRICHYBRID,semiAutomatic,BLACK,20400,48935,0.7364774443,8
EX69YNG,HYUNDAI,I10,5-6 years old,hatchback,PETROL,manual,RED,8990,11137,0.6535094247,5
PF19OZB,FORD,FOCUS,5-6 years old,hatchback,PETROL,manual,BLACK,11700,35241,0.7102910802,5
WN22DYU,HYUNDAI,BAYON,3-4 years old,suv,PETROL,manual,GREY,13900,11230,0.6726563994,8
DA21WBU,VOLKSWAGEN,T-ROC,3-4 years old,suv,PETROL,semiAutomatic,GREY,18800,25456,0.8008007235,8
LP72OYJ,MAZDA,MAZDA2,0-2 years old,hatchback,PETROL,automatic,SILVER,15720,16900,0.689901619,5
DA22FVL,MG,ZS,3-4 years old,suv,PETROL,semiAutomatic,RED,15400,12041,0.5980213349,8
YD67RXO,KIA,RIO,7-8 years old,hatchback,PETROL,automatic,WHITE,11300,15170,0.5226810841,5
VO22TZT,VOLKSWAGEN,GOLF,3-4 years old,estate,PETROL,semiAutomatic,SILVER,18570,40989,0.7754120166,7
KY19SVB,VAUXHALL,CORSA,5-6 years old,hatchback,PETROL,manual,BLUE,8300,41620,0.6817760707,5
SL20MWY,AUDI,A1,5-6 years old,hatchback,PETROL,manual,BLUE,16750,27130,0.7332015042,5
DU67YKB,VAUXHALL,ZAFIRA,7-8 years old,mpv,PETROL,manual,SILVER,9450,44444,0.5123757979,8
VK18YPT,FORD,FOCUS,7-8 years old,hatchback,PETROL,manual,WHITE,16850,22939,0.5354862162,5
GX21ZRN,AUDI,A3,3-4 years old,saloon,PETROL,manual,WHITE,17880,44624,0.6180361771,5
LP69JWK,NISSAN,QASHQAI,5-6 years old,suv,PETROL,manual,GREY,13250,55060,0.5735190636,8
LX69HCK,MAZDA,MAZDA2,5-6 years old,hatchback,PETROL,automatic,RED,13550,17988,0.5481390216,5
SR68LXE,SUZUKI,SWIFT,5-6 years old,hatchback,PETROL,manual,BLUE,10100,29211,0.4837479526,5
BC19XVD,AUDI,A3,5-6 years old,hatchback,DIESEL,semiAutomatic,BLACK,13750,50526,0.7915097728,5
KM69TKC,VOLVO,XC40,5-6 years old,suv,DIESEL,semiAutomatic,SILVER,20350,54509,0.6266153462,8
VO68ZST,VOLKSWAGEN,TIGUAN,5-6 years old,suv,DIESEL,semiAutomatic,BLACK,15200,60205,0.7076652217,8
BK23FMV,KIA,SPORTAGE,0-2 years old,suv,PETROLPLUGINELECTRICHYBRID,automatic,GREY,26650,12729,0.644206495,8
SA22LNK,HYUNDAI,TUCSON,3-4 years old,suv,PETROL,manual,GREY,19350,21045,0.6692106179,8
KN69JFO,SUZUKI,SWIFT,5-6 years old,hatchback,PETROL,manual,BLACK,9450,32667,0.5098991859,5
SF19CNS,VAUXHALL,CORSA,5-6 years old,hatchback,PETROL,manual,BLACK,9300,32308,0.684747813,5
SL19YGN,MINI,HATCHBACK,5-6 years old,hatchback,PETROL,semiAutomatic,GREY,14250,17152,0.698275621,5
NK21VKB,FIAT,500,3-4 years old,hatchback,PETROL,manual,GREY,9250,21802,0.788512705,5
EP19SKD,VAUXHALL,CORSA,5-6 years old,hatchback,PETROL,manual,BLUE,7750,44561,0.6817760707,5
WR70SYS,FORD,FOCUS,3-4 years old,hatchback,PETROL,manual,SILVER,11970,29077,0.7981126547,5
KP22WRT,MERCEDES-BENZ,GLC,3-4 years old,suv,DIESEL,semiAutomatic,SILVER,29750,39327,0.5930775653,8
SL19VYG,VOLKSWAGEN,TIGUAN,5-6 years old,suv,DIESEL,manual,WHITE,14350,54701,0.7976027758,8
ND22UGV,SKODA,FABIA,3-4 years old,hatchback,PETROL,manual,BLUE,11750,10318,0.7447372337,5
YY22VGO,VOLVO,XC40,3-4 years old,suv,PETROL,semiAutomatic,BLACK,27000,20656,0.4425016321,8
YE22ADO,NISSAN,QASHQAI,3-4 years old,suv,PETROL,semiAutomatic,GREY,18650,19882,0.7510294679,8
CK22SDX,TOYOTA,COROLLA,3-4 years old,hatchback,PETROLELECTRICHYBRID,automatic,WHITE,15050,42362,0.7874592835,5
FY22WYR,BMW,X1,3-4 years old,suv,PETROL,semiAutomatic,WHITE,20100,52756,0.9156522029,8
LC20RFJ,BMW,4 SERIES GRAN COUPE,5-6 years old,hatchback,DIESEL,semiAutomatic,GREY,20300,35329,0.6224044456,5
SG70UKT,MG,HS,3-4 years old,suv,PETROL,manual,WHITE,13360,26668,0.6103534847,8
SH19OCB,VOLKSWAGEN,GOLF,5-6 years old,hatchback,DIESEL,manual,WHITE,12200,52116,0.6593472977,5
NV19CZR,NISSAN,QASHQAI,5-6 years old,suv,DIESEL,manual,GREY,11750,35344,0.7033917154,8
EG19WUJ,MINI,COUNTRYMAN,5-6 years old,suv,PETROL,manual,RED,14700,42029,0.3989753683,8
BN72VFU,SKODA,KAMIQ,0-2 years old,suv,PETROL,manual,BLUE,12430,63745,0.3010720366,8
YE18GOU,VAUXHALL,MOKKA X,7-8 years old,suv,PETROL,manual,GREY,9750,53105,0.5719820251,8
VN22CKE,VOLKSWAGEN,ID.3,3-4 years old,hatchback,ELECTRIC,automatic,SILVER,15250,27393,0.8075787482,5
EJ22KFY,SKODA,FABIA,3-4 years old,hatchback,PETROL,manual,GREY,14650,13219,0.6326273758,5
NL22OUN,MAZDA,CX-5,3-4 years old,suv,PETROL,manual,WHITE,20480,20595,0.535160828,8
YH18BVC,AUDI,A5 CABRIOLET,7-8 years old,convertible,PETROL,manual,WHITE,14400,57220,0.3954823996,4
RJ21XTC,VOLKSWAGEN,T-CROSS,3-4 years old,suv,PETROL,manual,SILVER,14630,27053,0.6782556641,8
DE21JRO,SKODA,SUPERB,3-4 years old,hatchback,PETROL,semiAutomatic,BLACK,19100,40726,0.3206269959,5
DE23VKM,CUPRA,FORMENTOR,0-2 years old,suv,PETROL,manual,GREY,21750,20432,0.7207754703,8
DY71CFV,KIA,XCEED,3-4 years old,hatchback,PETROL,manual,BLACK,13800,36186,0.7382612584,5
CF68NXS,FORD,FIESTA VIGNALE,5-6 years old,hatchback,PETROL,semiAutomatic,GREY,13900,12784,0.3153716436,5
MF19WNN,PEUGEOT,208,5-6 years old,hatchback,PETROL,manual,BLACK,8150,29940,0.7090944195,5
HT71ULU,BMW,3 SERIES,3-4 years old,estate,DIESEL,semiAutomatic,BLACK,24450,50098,0.6112960821,7
LM23EYH,PEUGEOT,3008,0-2 years old,suv,PETROLPLUGINELECTRICHYBRID,semiAutomatic,WHITE,21500,165,0.834990111,8
DY72NJU,VAUXHALL,MOKKA,0-2 years old,suv,PETROL,manual,BLACK,14950,19599,0.5469286594,8
YP22LND,AUDI,A6,3-4 years old,saloon,PETROL,semiAutomatic,BLACK,20600,26146,0.8450595594,5
VK22VRL,HYUNDAI,KONA,3-4 years old,suv,PETROL,manual,GREY,15200,20636,0.5253258003,8
YC70YOE,TOYOTA,COROLLA,3-4 years old,hatchback,PETROLELECTRICHYBRID,automatic,WHITE,16000,20344,0.7874592835,5
AO70VWT,CITROEN,C3,3-4 years old,hatchback,PETROL,manual,GREY,10150,25206,0.7598874654,5
NA68TVM,CITROEN,C4 CACTUS,5-6 years old,suv,PETROL,semiAutomatic,PURPLE,11210,19044,0.8513538036,8
YS67WNL,FORD,KUGA,7-8 years old,suv,DIESEL,manual,BLACK,9850,73624,0.6874818408,8
YD22AHE,SEAT,ARONA,3-4 years old,suv,PETROL,semiAutomatic,GREY,15100,10245,0.7021550419,8
PF69SVX,FIAT,500,5-6 years old,hatchback,PETROL,manual,WHITE,9100,21247,0.7296316775,5
LS21BJV,NISSAN,QASHQAI,3-4 years old,suv,PETROL,semiAutomatic,BLUE,19950,37508,0.5307015172,8
SY68SBU,CITROEN,C3 AIRCROSS,5-6 years old,suv,PETROL,manual,SILVER,9900,41071,0.5607525791,8
PG68OOX,AUDI,Q2,5-6 years old,suv,PETROL,semiAutomatic,RED,16150,30322,0.7650744863,8
YP22HHC,VOLVO,C40,3-4 years old,suv,ELECTRIC,automatic,GREY,26400,23685,0.4199865265,8
RE70TGN,VOLKSWAGEN,GOLF,3-4 years old,hatchback,PETROL,semiAutomatic,SILVER,19000,38889,0.7630685448,5
LS70UUG,HYUNDAI,KONA,3-4 years old,suv,ELECTRIC,automatic,BLUE,13200,30328,0.7315931588,8
EP19YDN,HYUNDAI,I10,5-6 years old,hatchback,PETROL,manual,BLACK,8500,33947,0.667006545,5
WG22MZJ,AUDI,Q3,3-4 years old,suv,PETROL,manual,SILVER,20900,22745,0.795270973,8
EK19VHO,VOLKSWAGEN,TIGUAN,5-6 years old,suv,DIESEL,manual,SILVER,14700,59481,0.7976027758,8
YP22OUS,VAUXHALL,CROSSLAND,3-4 years old,suv,PETROL,manual,BLUE,13720,12019,0.4764991386,8
BJ19CDF,SMART,FORTWO COUPE,5-6 years old,coupe,ELECTRIC,automatic,BLACK,7650,21930,0.6358107041,4
WU70EVY,DACIA,DUSTER,3-4 years old,suv,PETROL,manual,BLACK,10450,55342,0.7818595085,8
BU71NUJ,LAND ROVER,RANGE ROVER VELAR,3-4 years old,suv,DIESEL,automatic,RED,28390,37773,0.7818970185,8
ML22ZGD,VOLKSWAGEN,ID.3,3-4 years old,hatchback,ELECTRIC,automatic,GREY,15000,37748,0.8075787482,5
LL69BFX,BMW,X5,5-6 years old,suv,PETROLPLUGINELECTRICHYBRID,semiAutomatic,BLACK,31900,41986,0.4886768326,8
FM69ETD,VAUXHALL,CROSSLAND X,5-6 years old,suv,PETROL,manual,WHITE,10400,27315,0.6448362169,8
CA72NLC,MG,HS,0-2 years old,suv,PETROL,semiAutomatic,BLACK,16750,12142,0.7077483322,8
DE21PKD,SEAT,ATECA,3-4 years old,suv,PETROL,manual,SILVER,15660,19984,0.7262711908,8
LA68OOE,AUDI,A1,5-6 years old,hatchback,PETROL,semiAutomatic,BLACK,17900,24809,0.5279889012,5
FN20UYU,TOYOTA,AYGO,5-6 years old,hatchback,PETROL,manual,WHITE,9600,29000,0.6931629206,5
MK71DSZ,SEAT,LEON,3-4 years old,hatchback,PETROL,manual,GREY,15550,18547,0.8329111042,5
MT23LVL,FORD,KUGA,0-2 years old,suv,PETROLPLUGINELECTRICHYBRID,automatic,WHITE,20200,38837,0.7191159518,8
VN71UJK,VAUXHALL,CORSA,3-4 years old,hatchback,PETROL,manual,GREY,11870,21266,0.5697411791,5
CF72XCC,PEUGEOT,508,0-2 years old,hatchback,PETROLPLUGINELECTRICHYBRID,semiAutomatic,GREY,17330,42293,0.7448724741,5
SR19EVT,SEAT,IBIZA,5-6 years old,hatchback,PETROL,manual,GREY,13500,16939,0.8127964973,5
SD22VPN,FORD,PUMA,3-4 years old,suv,PETROL,manual,BLACK,16100,19089,0.7128731303,8
BC21UGR,HYUNDAI,TUCSON,3-4 years old,suv,PETROLELECTRICHYBRID,semiAutomatic,BLUE,22900,20875,0.5908296575,8
WR72TMX,DACIA,SANDERO,0-2 years old,hatchback,PETROL,manual,RED,10750,14816,0.6781155582,5
EA22URT,FORD,PUMA,3-4 years old,suv,PETROL,manual,RED,15850,15579,0.6703324469,8
ND19XNX,TOYOTA,AYGO,5-6 years old,hatchback,PETROL,manual,SILVER,9050,29629,0.6334621188,5
NK21OBX,VOLVO,XC90,3-4 years old,suv,DIESEL,semiAutomatic,GREY,31390,58745,0.7140503275,8
DA21CKF,SKODA,SUPERB,3-4 years old,estate,DIESEL,manual,SILVER,19900,37134,0.8203159198,7
FP70WVV,CITROEN,C5 AIRCROSS,3-4 years old,suv,PETROL,semiAutomatic,GREY,15900,14591,0.7479297682,8
BP22WXA,NISSAN,LEAF,0-2 years old,hatchback,ELECTRIC,automatic,RED,10850,20304,0.4327252831,5
DL70WLN,VAUXHALL,CORSA,3-4 years old,hatchback,PETROL,manual,GREY,9450,43246,0.7692563879,5
ML71DVZ,FORD,FOCUS,3-4 years old,hatchback,DIESEL,manual,BLACK,11900,45456,0.8289732586,5
LS66NWU,FORD,FIESTA,7-8 years old,hatchback,PETROL,manual,BLACK,7200,42305,0.6339156354,5
DE21VYJ,VOLKSWAGEN,TIGUAN,3-4 years old,suv,PETROL,semiAutomatic,WHITE,23300,26947,0.7643419923,8
BN67NWF,RENAULT,CLIO,7-8 years old,hatchback,PETROL,manual,WHITE,7150,60183,0.7409846949,5
SW22BAO,FORD,ECOSPORT,3-4 years old,suv,PETROL,manual,BLUE,11310,55274,0.5343984288,8
YY18VVP,TOYOTA,C-HR,7-8 years old,suv,PETROLELECTRICHYBRID,automatic,BLUE,13900,54852,0.6558753219,8
DG22OKM,PEUGEOT,3008,3-4 years old,suv,PETROLPLUGINELECTRICHYBRID,semiAutomatic,BLUE,15750,54139,0.834990111,8
NX67ZGC,TOYOTA,YARIS,7-8 years old,hatchback,PETROLELECTRICHYBRID,automatic,BLUE,12400,27461,0.7117771095,5
DK21WHH,MERCEDES-BENZ,A-CLASS,3-4 years old,saloon,DIESEL,semiAutomatic,RED,19350,38852,0.5472996821,5
MM70HYK,BMW,1 SERIES,3-4 years old,hatchback,PETROL,manual,WHITE,18350,22617,0.8265918319,5
PF21JWD,AUDI,TT,3-4 years old,coupe,PETROL,semiAutomatic,BLUE,24780,22268,0.7477278136,4
CA70YZO,VOLVO,XC40,3-4 years old,suv,PETROL,semiAutomatic,SILVER,24300,28323,0.5513587195,8
LT71MSX,KIA,E-NIRO,3-4 years old,suv,ELECTRIC,automatic,BLACK,15200,43189,0.7100866966,8
BV69AXD,JAGUAR,F-PACE,5-6 years old,suv,DIESEL,automatic,WHITE,20060,41908,0.7246812159,8
BK73XWU,NISSAN,QASHQAI,0-2 years old,suv,PETROL,manual,GREY,20250,14757,0.7330659407,8
AE19GFZ,VOLVO,S90,5-6 years old,saloon,PETROL,semiAutomatic,SILVER,17670,44129,0.6087441469,5
LF21HBN,AUDI,A4 AVANT,3-4 years old,estate,PETROL,manual,WHITE,19760,40111,0.7116646218,7
YP68HMO,NISSAN,QASHQAI,5-6 years old,suv,DIESEL,manual,GREY,10400,50853,0.7186444448,8
EO69XOE,RENAULT,CAPTUR,5-6 years old,suv,PETROL,manual,BLUE,9600,28414,0.6774033854,8
SD21KNN,LAND ROVER,DISCOVERY SPORT,3-4 years old,suv,DIESEL,manual,WHITE,19100,34806,0.8905449461,8
BG71DND,PEUGEOT,208,3-4 years old,hatchback,PETROL,manual,WHITE,11900,33820,0.5780245855,5
BL68AJX,NISSAN,JUKE,5-6 years old,suv,PETROL,manual,BLACK,9500,40096,0.7880729981,8
FG71ZVN,AUDI,A3,3-4 years old,hatchback,PETROL,manual,WHITE,18500,59536,0.7188489096,5
HV71YYC,HYUNDAI,KONA,3-4 years old,suv,PETROL,manual,WHITE,13800,33566,0.5253258003,8
VK22LSU,VAUXHALL,CORSA,3-4 years old,hatchback,PETROL,manual,BLUE,10800,25790,0.8135150837,5
LC22WHH,CITROEN,C5 AIRCROSS,3-4 years old,suv,PETROL,semiAutomatic,BLUE,17500,21567,0.7082106542,8
DY70XKW,VAUXHALL,CORSA,3-4 years old,hatchback,PETROL,manual,BLUE,10450,56034,0.525761707,5
BN67KGZ,FIAT,500,7-8 years old,hatchback,PETROL,manual,WHITE,7150,21292,0.7319694771,5
SE18LTY,VAUXHALL,CORSA,5-6 years old,hatchback,PETROL,manual,RED,7300,38140,0.8133797227,5
DY74EKT,NISSAN,JUKE,0-2 years old,suv,PETROLELECTRICHYBRID,automatic,RED,19300,4377,0.321109025,8
KM69GKY,MERCEDES-BENZ,C-CLASS,5-6 years old,saloon,DIESEL,semiAutomatic,SILVER,20200,31591,0.7171760515,5
BJ74JWF,PEUGEOT,408,0-2 years old,saloon,PETROL,semiAutomatic,WHITE,20930,22601,0.3906926942,5
YH20CHK,BMW,3 SERIES,5-6 years old,saloon,DIESEL,semiAutomatic,GREY,22630,55937,0.695568836,5
CV71PPX,CITROEN,C3 AIRCROSS,3-4 years old,suv,PETROL,semiAutomatic,RED,12880,31826,0.5289055081,8
LM21VMV,AUDI,E-TRON,3-4 years old,suv,ELECTRIC,automatic,BLACK,16200,61106,0.7996638824,8
DA22PXK,AUDI,E-TRON,3-4 years old,suv,ELECTRIC,automatic,BLACK,22700,29749,0.5632406432,8
YP20LLU,TOYOTA,COROLLA,5-6 years old,hatchback,PETROLELECTRICHYBRID,automatic,RED,15700,30948,0.6860360771,5
SD70NKL,DACIA,SANDERO STEPWAY,3-4 years old,hatchback,PETROL,manual,WHITE,8600,37139,0.864167887,5
YC24HVR,HYUNDAI,KONA,0-2 years old,suv,ELECTRIC,automatic,BLUE,21390,14575,0.2762431833,8
KY67PDU,SKODA,OCTAVIA,7-8 years old,hatchback,DIESEL,semiAutomatic,SILVER,13050,45790,0.5377257835,5
WM72OPA,HYUNDAI,KONA,0-2 years old,suv,ELECTRIC,automatic,GREY,14900,61791,0.6048001615,8
LS18NFY,FIAT,500,7-8 years old,hatchback,PETROL,manual,BLUE,7850,30243,0.7296316775,5
DC19CZK,SEAT,ATECA,5-6 years old,suv,PETROL,semiAutomatic,BLUE,16400,44432,0.6284935289,8
SP67NND,TOYOTA,AURIS,7-8 years old,hatchback,PETROLELECTRICHYBRID,automatic,GREY,12450,46792,0.3840310848,5
PN22WOH,NISSAN,LEAF,3-4 years old,hatchback,ELECTRIC,automatic,GREY,10950,22098,0.6456046578,5
LP71HCD,AUDI,A3,3-4 years old,hatchback,PETROL,manual,BLACK,20800,18056,0.7634919688,5
WP66HCC,FORD,KA+,7-8 years old,hatchback,PETROL,manual,YELLOW,6800,40454,0.7089302158,5
WV69OXS,NISSAN,QASHQAI,5-6 years old,suv,DIESEL,manual,RED,13050,43502,0.7238611692,8
PK21UUM,BMW,1 SERIES,3-4 years old,hatchback,DIESEL,manual,GREY,18400,41935,0.8329974228,5
MH69EKG,MINI,HATCHBACK,5-6 years old,hatchback,PETROL,manual,SILVER,12350,35019,0.6846141619,5
DS19GFK,VAUXHALL,CORSA,5-6 years old,hatchback,PETROL,manual,RED,8250,29564,0.6871908869,5
VK22LNO,VAUXHALL,CORSA,3-4 years old,hatchback,PETROL,manual,GREY,11420,10842,0.8135150837,5
BF68YEC,PEUGEOT,308,5-6 years old,hatchback,PETROL,semiAutomatic,RED,12450,21437,0.762690587,5
DN19JXA,VAUXHALL,MOKKA X,5-6 years old,suv,PETROL,manual,RED,10700,19437,0.7158333313,8
LS22VSG,MERCEDES-BENZ,A-CLASS,3-4 years old,hatchback,PETROL,semiAutomatic,BLUE,19300,37446,0.7140729351,5
WP20ORG,CITROEN,C5 AIRCROSS,3-4 years old,suv,PETROL,manual,BLUE,12800,34108,0.6107081462,8
DY21GXG,VAUXHALL,CORSA,3-4 years old,hatchback,PETROL,manual,BLUE,11150,34434,0.7160218683,5
WL67BHO,VOLKSWAGEN,CC,7-8 years old,saloon,DIESEL,semiAutomatic,BLACK,11350,71631,0.2216673071,5
BV22SUF,AUDI,A1,3-4 years old,hatchback,PETROL,manual,GREY,13900,73981,0.8330010305,5
YJ69KGP,BMW,4 SERIES GRAN COUPE,5-6 years old,hatchback,DIESEL,semiAutomatic,WHITE,20300,25766,0.6224044456,5
FG71UGX,TOYOTA,YARIS,3-4 years old,hatchback,PETROLELECTRICHYBRID,automatic,WHITE,12900,47594,0.6770300573,5
DL70FHP,BMW,3 SERIES,3-4 years old,saloon,PETROLPLUGINELECTRICHYBRID,semiAutomatic,ORANGE,20650,57891,0.9457466917,5
SB18UTH,NISSAN,JUKE,7-8 years old,suv,PETROL,manual,BLUE,11000,18588,0.6487783856,8
AX21CXL,FORD,FOCUS,3-4 years old,hatchback,DIESEL,manual,BLACK,14250,32191,0.8789782053,5
SA71BRZ,FORD,KUGA,3-4 years old,suv,DIESEL,manual,SILVER,19100,23980,0.7998715055,8
WP19YAY,FIAT,500,5-6 years old,hatchback,PETROL,manual,GREY,8050,32757,0.7600347872,5
BT72YKD,AUDI,A1,0-2 years old,hatchback,PETROL,manual,BLACK,17100,36186,0.616833383,5
EU22WLD,FIAT,500,3-4 years old,hatchback,PETROL,manual,GREY,10100,22943,0.9526462946,5
VE22UHF,VOLKSWAGEN,GOLF,3-4 years old,hatchback,PETROL,manual,GREY,20400,17747,0.6152056805,5
CE19RZZ,VAUXHALL,INSIGNIA GRAND SPORT,5-6 years old,hatchback,DIESEL,manual,BLACK,10700,36419,0.4400483536,5
HJ24XHM,VOLKSWAGEN,GOLF,0-2 years old,hatchback,PETROL,semiAutomatic,GREY,26450,21132,0.643261927,5
ND20NFE,VAUXHALL,CORSA,3-4 years old,hatchback,PETROL,manual,BLUE,9600,29652,0.7692563879,5
BT67EOR,NISSAN,X-TRAIL,7-8 years old,suv,DIESEL,manual,GREEN,11450,72341,0.5412665477,8
LM18TWX,MERCEDES-BENZ,E-CLASS,7-8 years old,coupe,PETROL,semiAutomatic,GREY,20480,59607,0.451610718,4
SM70PZN,BMW,1 SERIES,3-4 years old,hatchback,DIESEL,manual,GREY,15400,36675,0.8951281863,5
KO67ENU,FORD,FIESTA,7-8 years old,hatchback,PETROL,manual,BLUE,7800,50438,0.784103806,5
SD22MVX,AUDI,A3,3-4 years old,hatchback,PETROLPLUGINELECTRICHYBRID,semiAutomatic,BLUE,21360,8183,0.6898674611,5
EA19PGE,FORD,FOCUS,5-6 years old,estate,DIESEL,automatic,SILVER,10600,70488,0.5240630906,7
WG69HXB,FIAT,500,5-6 years old,hatchback,PETROL,manual,BLACK,8400,56569,0.8093559047,5
SK19FTA,KIA,SPORTAGE,5-6 years old,suv,DIESEL,manual,WHITE,12350,52922,0.6935954723,8
WF68GTY,HYUNDAI,KONA,5-6 years old,suv,PETROL,manual,WHITE,10200,41743,0.5861852291,8
WF18LML,FORD,FIESTA,7-8 years old,hatchback,PETROL,manual,WHITE,7900,70481,0.7368470852,5
DF69OMR,SEAT,ARONA,5-6 years old,suv,PETROL,manual,WHITE,12350,17799,0.7867568238,8
WM71CXJ,AUDI,A4,3-4 years old,saloon,PETROL,semiAutomatic,BLACK,17850,34799,0.8075267293,5
RO72YDE,AUDI,A7,0-2 years old,hatchback,DIESEL,semiAutomatic,BLUE,31550,22882,0.5214581613,5
NC19UFH,VOLVO,XC40,5-6 years old,suv,DIESEL,semiAutomatic,SILVER,19500,59534,0.6876239889,8
RJ20CXY,VOLKSWAGEN,POLO,5-6 years old,hatchback,PETROL,manual,BLACK,14350,26248,0.7191443889,5
KN21WRE,AUDI,A4,3-4 years old,saloon,DIESEL,semiAutomatic,WHITE,22040,35655,0.6062106403,5
ST22MGJ,HYUNDAI,TUCSON,3-4 years old,suv,PETROL,manual,BLUE,19200,26193,0.6692106179,8
DW19CZR,VAUXHALL,CORSA,5-6 years old,hatchback,PETROL,manual,SILVER,7900,48425,0.6514062209,5
EA69ADZ,FORD,FIESTA VIGNALE,5-6 years old,hatchback,PETROL,manual,SILVER,11560,23388,0.6095669835,5
YF18HUV,KIA,STONIC,7-8 years old,suv,PETROL,manual,BLACK,11550,30255,0.4526944165,8
GV19ZRJ,MERCEDES-BENZ,A-CLASS,5-6 years old,hatchback,PETROL,manual,SILVER,15950,20668,0.8358427381,5
ML18FJJ,VOLKSWAGEN,POLO,7-8 years old,hatchback,PETROL,manual,BLACK,11350,36411,0.6985116962,5
VN20UBS,AUDI,A4,3-4 years old,saloon,DIESEL,semiAutomatic,WHITE,21840,27866,0.6062106403,5
NA22CRU,BMW,X1,3-4 years old,suv,PETROLPLUGINELECTRICHYBRID,semiAutomatic,BLACK,19200,50102,0.7300667706,8
FD21BJZ,BMW,X2,3-4 years old,suv,PETROLPLUGINELECTRICHYBRID,semiAutomatic,BLACK,17900,39983,0.8399770486,8
SA22XYO,NISSAN,QASHQAI,3-4 years old,suv,PETROL,manual,GREY,15900,32236,0.8094125198,8
SY68FVE,FORD,FIESTA,5-6 years old,hatchback,PETROL,manual,SILVER,10250,24948,0.6250171117,5
SK22CPZ,KIA,XCEED,3-4 years old,hatchback,PETROL,manual,SILVER,12400,41308,0.8152067414,5
YR21VFT,FORD,PUMA,3-4 years old,suv,PETROL,manual,BLACK,14000,45020,0.6526485189,8
YP22OZG,BMW,I3,3-4 years old,hatchback,ELECTRIC,automatic,GREY,13250,40521,0.5560967655,5
AK69HPL,PEUGEOT,208,5-6 years old,hatchback,PETROL,manual,GREY,8090,39702,0.8312547322,5
ML22XPM,TOYOTA,C-HR,3-4 years old,suv,PETROLELECTRICHYBRID,automatic,SILVER,18740,20685,0.6514316148,8
OV22ZFO,BMW,IX,3-4 years old,suv,ELECTRIC,automatic,BLUE,29950,51405,0.3111206278,8
LM19URB,BMW,5 SERIES,5-6 years old,estate,DIESEL,semiAutomatic,BLUE,17400,75704,0.834949099,7
FX68NFO,FIAT,500,5-6 years old,hatchback,PETROL,manual,WHITE,7500,39093,0.7296316775,5
SD69BWZ,VAUXHALL,CORSA,5-6 years old,hatchback,PETROL,manual,BLUE,9200,27184,0.7606693874,5
NA22AXX,VAUXHALL,CROSSLAND,3-4 years old,suv,DIESEL,manual,GREY,12350,44479,0.5488580363,8
PK71EZF,HYUNDAI,TUCSON,3-4 years old,suv,PETROL,manual,WHITE,18500,30324,0.6692106179,8
CE21TGV,LEXUS,UX,3-4 years old,suv,PETROLELECTRICHYBRID,automatic,BLUE,21400,24752,0.2317678769,8
VK21CHV,VAUXHALL,CORSA,3-4 years old,hatchback,PETROL,manual,BLACK,10050,31718,0.7807076729,5
AV22OPL,HYUNDAI,KONA,3-4 years old,suv,PETROL,manual,WHITE,12700,60615,0.5253258003,8
YX68VLF,TOYOTA,YARIS,5-6 years old,hatchback,PETROL,manual,WHITE,8300,66513,0.3947200699,5
KT21USB,AUDI,A1,3-4 years old,hatchback,PETROL,manual,GREY,15900,33797,0.7318844269,5
ET23WLA,FORD,MUSTANG MACH-E,0-2 years old,suv,ELECTRIC,automatic,RED,24610,11111,0.5858891832,8
DN72EOM,VAUXHALL,GRANDLAND,0-2 years old,suv,PETROL,manual,BLACK,12350,48815,0.4085836513,8
FY70TOH,PEUGEOT,2008,3-4 years old,suv,DIESEL,manual,ORANGE,11900,64678,0.447093536,8
DA18EBU,FIAT,500,7-8 years old,hatchback,PETROL,manual,RED,6600,63243,0.7296316775,5
LE71JZN,DS,DS 3 CROSSBACK,3-4 years old,suv,ELECTRIC,automatic,RED,11450,16437,0.9669128132,8
RV18YDM,PORSCHE,MACAN,7-8 years old,suv,PETROL,semiAutomatic,BLACK,30800,74134,0.3505956812,8
SC18BNN,SEAT,ARONA,7-8 years old,suv,DIESEL,manual,WHITE,10500,45316,0.6322466479,8
VK70TZX,AUDI,A3,3-4 years old,hatchback,PETROL,manual,WHITE,17880,30115,0.7634919688,5
DE72EUO,CUPRA,FORMENTOR,0-2 years old,suv,PETROL,manual,BLACK,19050,26189,0.7923157936,8
MX23TFV,FIAT,500,0-2 years old,hatchback,PETROL,manual,WHITE,11350,14144,0.7977459464,5
YE22XYJ,TOYOTA,YARIS CROSS,3-4 years old,estate,PETROLELECTRICHYBRID,automatic,WHITE,18400,24261,0.5004442571,7
FY20NBF,FORD,GRAND TOURNEO CONNECT,5-6 years old,mpv,DIESEL,manual,RED,15790,14725,0.6547774063,8
PF68MHZ,FIAT,500,5-6 years old,hatchback,PETROL,manual,GREY,7600,34676,0.7600347872,5
YF22CHO,VOLKSWAGEN,POLO,3-4 years old,hatchback,PETROL,manual,WHITE,16800,11227,0.6503199879,5
HJ68OUD,VAUXHALL,GRANDLAND X,5-6 years old,suv,DIESEL,manual,RED,9000,63141,0.6106414342,8
DS68GRF,DACIA,DUSTER,5-6 years old,suv,DIESEL,manual,ORANGE,9250,67484,0.6341033044,8
GY21VJX,LAND ROVER,DISCOVERY SPORT,3-4 years old,suv,DIESEL,manual,RED,17900,47982,0.8905449461,8
EN18UWR,FORD,FIESTA,7-8 years old,hatchback,PETROL,manual,SILVER,8600,52086,0.6250171117,5
LV71OAP,MINI,HATCHBACK,3-4 years old,hatchback,PETROL,semiAutomatic,GREEN,19900,21150,0.6028452968,5
PF21JWC,AUDI,TT,3-4 years old,coupe,PETROL,semiAutomatic,BLUE,25760,13624,0.7477278136,4
NA17TNO,AUDI,A5 CABRIOLET,7-8 years old,convertible,PETROL,manual,GREY,15400,44504,0.5323876705,4
EJ22HPE,BMW,1 SERIES,3-4 years old,hatchback,DIESEL,semiAutomatic,BLACK,18950,31588,0.8368662878,5
VN22KJV,VAUXHALL,CORSA-E,3-4 years old,hatchback,ELECTRIC,automatic,ORANGE,11250,27147,0.7385442986,5
GD69KWR,VOLKSWAGEN,TIGUAN,5-6 years old,suv,PETROL,semiAutomatic,SILVER,21060,27010,0.5448946115,8
CA19FVG,FORD,KUGA,5-6 years old,suv,DIESEL,semiAutomatic,GREY,14750,46566,0.6735273533,8
HK20AZD,BMW,X1,3-4 years old,suv,PETROL,semiAutomatic,WHITE,18200,41691,0.8502225854,8
SA72DZC,BMW,I4 GRAN COUPE,0-2 years old,hatchback,ELECTRIC,automatic,BLUE,25900,64861,0.4002915125,5
AV71UYH,DS,DS 3 CROSSBACK,3-4 years old,suv,ELECTRIC,automatic,WHITE,11350,31737,0.9220351064,8
LV70UUR,JEEP,RENEGADE,3-4 years old,suv,PETROL,manual,GREY,13400,32045,0.6747738771,8
DV20FSL,VAUXHALL,CORSA,5-6 years old,hatchback,PETROL,manual,BLUE,10800,46024,0.782442271,5
YH21RCB,FORD,FIESTA,3-4 years old,hatchback,PETROL,manual,BLACK,9400,71014,0.6445669954,5
DS70BGE,TOYOTA,AYGO,3-4 years old,hatchback,PETROL,manual,WHITE,9720,11633,0.6931629206,5
FL20XOJ,NISSAN,QASHQAI,5-6 years old,suv,PETROL,semiAutomatic,BLACK,16550,28061,0.6223208921,8
SD21TBZ,VOLVO,XC60,3-4 years old,suv,DIESEL,semiAutomatic,SILVER,23140,40761,0.7166880568,8
WR18FGX,LAND ROVER,RANGE ROVER VELAR,5-6 years old,suv,DIESEL,automatic,GREY,23900,46974,0.3369768558,8
CE20RXX,RENAULT,CLIO,5-6 years old,hatchback,PETROL,manual,ORANGE,9100,60372,0.7004193445,5
WD67AHY,FORD,FIESTA,7-8 years old,hatchback,PETROL,manual,WHITE,8300,53871,0.5885436695,5
AY69JFA,MINI,HATCHBACK,5-6 years old,hatchback,PETROL,manual,BLUE,11380,59846,0.5095703774,5
AL05NAA,KIA,RIO,7-8 years old,hatchback,PETROL,manual,BLUE,8700,49201,0.5877345051,5
MA71FZU,SKODA,SUPERB,3-4 years old,estate,DIESEL,semiAutomatic,BLUE,17650,55168,0.7161994798,7
LB21SXP,AUDI,Q3,3-4 years old,suv,PETROL,semiAutomatic,GREY,20570,72117,0.7071493734,8
MC18PVK,VOLKSWAGEN,T-ROC,7-8 years old,suv,PETROL,semiAutomatic,RED,17780,21824,0.5676815081,8
KW70YBH,AUDI,Q5,3-4 years old,suv,PETROL,semiAutomatic,BLACK,29020,25681,0.463400133,8
NA18YHZ,HONDA,CIVIC,7-8 years old,hatchback,PETROL,manual,BLUE,10850,69984,0.5631172737,5
BP23WTZ,MG,MG4,0-2 years old,suv,ELECTRIC,automatic,WHITE,12300,32757,0.6411995006,8
OV69UHH,MERCEDES-BENZ,A-CLASS,5-6 years old,saloon,DIESEL,semiAutomatic,WHITE,18540,43199,0.7062450988,5
YD71TCV,TOYOTA,AYGO,3-4 years old,hatchback,PETROL,manual,WHITE,10200,29085,0.6931629206,5
WG19SZZ,FORD,KUGA,5-6 years old,suv,DIESEL,manual,GREY,14200,36960,0.6408498966,8
YE22LGJ,AUDI,Q3,3-4 years old,suv,DIESEL,manual,BLACK,18950,57687,0.7298656863,8
MD19LLN,FORD,FOCUS,5-6 years old,hatchback,PETROL,manual,RED,9300,45495,0.7780295536,5
VE70TYX,VOLKSWAGEN,TIGUAN,3-4 years old,suv,PETROL,semiAutomatic,BLUE,24250,25476,0.7643419923,8
MF21PNE,CITROEN,C3,3-4 years old,hatchback,PETROL,manual,WHITE,11390,13113,0.7580797784,5
FT19XGG,MITSUBISHI,OUTLANDER,5-6 years old,suv,PETROLPLUGINELECTRICHYBRID,automatic,WHITE,14400,48515,0.7974232651,8
HN69FHV,RENAULT,CAPTUR,5-6 years old,suv,PETROL,manual,BLUE,8650,45451,0.6774033854,8
ND22VKX,MINI,HATCHBACK,3-4 years old,hatchback,ELECTRIC,automatic,SILVER,11900,26847,0.9581766853,5
WA21JKX,FORD,PUMA,3-4 years old,suv,PETROL,manual,RED,13800,32278,0.6703324469,8
MJ21FGG,SKODA,KAROQ,3-4 years old,suv,PETROL,automatic,BLACK,21360,24531,0.7692253029,8
MW22GYR,RENAULT,ARKANA,3-4 years old,suv,PETROLELECTRICHYBRID,semiAutomatic,BLUE,17900,21866,0.6752335747,8
YS71CXL,AUDI,A4,3-4 years old,saloon,PETROL,manual,GREY,18400,51071,0.7760372527,5
SF19KPC,SEAT,IBIZA,5-6 years old,hatchback,PETROL,manual,BLUE,12750,33564,0.7788769782,5
CY22CZP,FORD,ECOSPORT,3-4 years old,suv,PETROL,manual,BLUE,13000,13893,0.6459626073,8
AV22HNX,DS,DS 3 CROSSBACK,3-4 years old,suv,ELECTRIC,automatic,GREY,12900,6221,0.9220351064,8
WG21XBH,AUDI,A3,3-4 years old,hatchback,PETROL,manual,BLUE,16850,60070,0.7954984839,5
HT21UOR,BMW,3 SERIES,3-4 years old,saloon,PETROL,semiAutomatic,WHITE,23250,25787,0.8637236279,5
NL22SYV,VAUXHALL,MOKKA,3-4 years old,suv,PETROL,manual,GREY,14900,28306,0.640482913,8
YH71FNW,BMW,1 SERIES,3-4 years old,hatchback,PETROL,manual,GREY,19600,24739,0.6837454104,5
FE18LTU,VAUXHALL,MOKKA X,7-8 years old,suv,PETROL,manual,ORANGE,7900,53575,0.6004933694,8
SV18WEX,AUDI,A4,7-8 years old,saloon,PETROL,semiAutomatic,WHITE,16050,71263,0.4919029239,5
EJ22SNV,TOYOTA,COROLLA,3-4 years old,hatchback,PETROLELECTRICHYBRID,automatic,WHITE,19700,17062,0.5215424406,5
NJ68UWF,TOYOTA,C-HR,5-6 years old,suv,PETROLELECTRICHYBRID,automatic,SILVER,14450,55035,0.6433426187,8
YB69OHW,SEAT,LEON,5-6 years old,estate,PETROL,manual,WHITE,11800,55258,0.7238010631,7
CV21RVE,VAUXHALL,CROSSLAND X,3-4 years old,suv,PETROL,manual,BLUE,9600,45970,0.6448362169,8
HG66PGY,FIAT,500X,7-8 years old,suv,PETROL,manual,RED,6800,54388,0.2047942077,8
KP19ZOL,CITROEN,GRAND C4 SPACETOURER,5-6 years old,mpv,DIESEL,manual,GREY,11800,59439,0.5757310207,8
EN70HFW,MERCEDES-BENZ,CLA,3-4 years old,coupe,PETROL,semiAutomatic,WHITE,20300,70892,0.940422595,4
BJ70UWB,FORD,FIESTA,3-4 years old,hatchback,PETROL,manual,BLACK,12390,18857,0.4797360635,5
EF68EFB,AUDI,Q2,5-6 years old,suv,PETROL,semiAutomatic,WHITE,15650,58162,0.6698130294,8
BW69OFS,FORD,FIESTA,5-6 years old,hatchback,PETROL,manual,BLACK,11300,46178,0.4407912946,5
PY19WCU,BMW,1 SERIES,5-6 years old,hatchback,PETROL,semiAutomatic,BLUE,20500,54602,0.7882539504,5
FH22LSZ,SEAT,LEON,0-2 years old,hatchback,DIESEL,manual,BLUE,15850,22151,0.8326837227,5
ET19NRY,FORD,ECOSPORT,5-6 years old,suv,PETROL,manual,RED,10600,42164,0.5868002265,8
GX22KPY,VOLVO,XC40,3-4 years old,suv,PETROLPLUGINELECTRICHYBRID,semiAutomatic,BLUE,22600,44197,0.7494379774,8
FY22OYF,PEUGEOT,3008,3-4 years old,suv,DIESEL,semiAutomatic,GREY,19700,27837,0.7929704162,8
HN23UGD,RENAULT,ARKANA,0-2 years old,suv,PETROLELECTRICHYBRID,semiAutomatic,GREY,17000,36382,0.6099131875,8
KR22HEV,FORD,KUGA,3-4 years old,suv,PETROLELECTRICHYBRID,automatic,BLUE,18350,50204,0.6634708679,8
VN22PPF,VAUXHALL,CORSA-E,3-4 years old,hatchback,ELECTRIC,automatic,BLUE,10600,37049,0.8840726497,5
WU69GYR,SEAT,ARONA,5-6 years old,suv,PETROL,manual,BLACK,10900,35917,0.7867568238,8
KY17TFN,VOLVO,V40,7-8 years old,hatchback,DIESEL,semiAutomatic,SILVER,16300,26275,0.3426543121,5
BF72GPK,HYUNDAI,KONA,0-2 years old,suv,PETROLELECTRICHYBRID,automatic,BLACK,16150,24698,0.8075988782,8
WK21ZWX,BMW,X1,3-4 years old,suv,PETROL,semiAutomatic,GREY,19500,57623,0.5186982022,8
NC19SXS,BMW,X3,5-6 years old,suv,PETROL,semiAutomatic,BLUE,24300,43628,0.635923854,8
FL71WJO,VOLKSWAGEN,POLO,3-4 years old,hatchback,PETROL,manual,RED,13240,26022,0.8941247425,5
GL23HOJ,DACIA,SANDERO STEPWAY,0-2 years old,hatchback,PETROL,manual,GREEN,13400,16261,0.4787665461,5
DA22EHM,AUDI,A1,3-4 years old,hatchback,PETROL,manual,GREY,18750,13221,0.7332015042,5
KM71VPJ,BMW,2 SERIES GRAN COUPE,3-4 years old,saloon,DIESEL,manual,WHITE,16340,57411,0.8169843026,5
DF21WVU,NISSAN,MICRA,3-4 years old,hatchback,PETROL,manual,BLACK,9700,48459,0.6068127873,5
BN20AVV,SMART,FORFOUR,3-4 years old,hatchback,ELECTRIC,automatic,BLACK,8350,18810,0.6588296342,5
CN71ZBO,PEUGEOT,208,3-4 years old,hatchback,PETROL,manual,GREY,13200,28431,0.7577618165,5
GL68JXD,SEAT,ATECA,5-6 years old,suv,PETROL,manual,GREY,15400,28102,0.7759033265,8
RO70EMX,TOYOTA,AYGO,3-4 years old,hatchback,PETROL,manual,RED,9800,33927,0.6931629206,5
ST22CCY,BMW,3 SERIES,3-4 years old,estate,DIESEL,semiAutomatic,GREY,28900,46690,0.6022641383,7
SY67VST,VOLKSWAGEN,GOLF,7-8 years old,hatchback,PETROL,semiAutomatic,YELLOW,11400,53464,0.6741758742,5
SJ19UDE,DACIA,LOGAN MCV,5-6 years old,estate,PETROL,manual,WHITE,6320,48779,0.3890982339,7
EF69LWG,FORD,FIESTA,5-6 years old,hatchback,PETROL,manual,GREY,9050,44000,0.7436463026,5
AO70HPJ,BMW,1 SERIES,3-4 years old,hatchback,PETROL,manual,BLACK,17500,39984,0.6049188066,5
WP73VWL,VOLKSWAGEN,GOLF,0-2 years old,hatchback,PETROL,semiAutomatic,BLUE,33710,13279,0.7195104519,5
HV67WVT,RENAULT,CAPTUR,7-8 years old,suv,DIESEL,manual,GREY,7350,71063,0.6658500338,8
RK21VND,VOLKSWAGEN,GOLF,3-4 years old,hatchback,PETROL,manual,YELLOW,16870,33232,0.6152056805,5
SH21KNW,TOYOTA,AYGO,3-4 years old,hatchback,PETROL,manual,RED,10050,21570,0.6931629206,5
LR68LMK,MERCEDES-BENZ,GLA,5-6 years old,suv,PETROL,manual,BLACK,15050,31280,0.7118571794,8
LF19MPE,KIA,SPORTAGE,5-6 years old,suv,DIESEL,manual,GREY,13550,53669,0.6032465988,8
RJ21MJK,KIA,SPORTAGE,3-4 years old,suv,DIESEL,manual,BLUE,13100,71836,0.7953172636,8
SC68MSX,MERCEDES-BENZ,E-CLASS,5-6 years old,saloon,DIESEL,semiAutomatic,GREY,16050,62406,0.4183348878,5
DG22DJJ,SEAT,ATECA,3-4 years old,suv,PETROL,manual,GREY,14950,31018,0.6526042189,8
BN20XAU,SEAT,LEON,5-6 years old,hatchback,PETROL,manual,WHITE,14350,28938,0.6219166156,5
CK22CGU,MERCEDES-BENZ,E-CLASS,3-4 years old,estate,DIESELPLUGINELECTRICHYBRID,semiAutomatic,WHITE,26150,42448,0.6400433849,7
EU22WKH,FIAT,500,3-4 years old,hatchback,PETROL,manual,WHITE,9780,29264,0.9526462946,5
DY20VRX,FORD,FIESTA,5-6 years old,hatchback,PETROL,manual,WHITE,9650,59323,0.8678524071,5
FH21SOA,AUDI,Q2,3-4 years old,suv,PETROL,semiAutomatic,GREY,20600,57215,0.6199559311,8
DF70FOV,BMW,2 SERIES GRAN COUPE,3-4 years old,saloon,DIESEL,manual,GREY,18050,34747,0.829535518,5
WG67LUE,CITROEN,C3 AIRCROSS,7-8 years old,suv,DIESEL,manual,BLACK,9550,37834,0.4395048766,8
VN22KVF,VAUXHALL,CORSA-E,3-4 years old,hatchback,ELECTRIC,automatic,BLACK,11250,23152,0.7385442986,5
FY68WRK,BMW,1 SERIES,5-6 years old,hatchback,PETROL,semiAutomatic,GREY,20700,46081,0.7882539504,5
NJ22SVV,PEUGEOT,3008,3-4 years old,suv,DIESEL,manual,WHITE,14950,43581,0.7587908727,8
HJ21NVX,AUDI,A3,3-4 years old,hatchback,PETROL,semiAutomatic,BLACK,18240,20509,0.7948188318,5
KR19AHT,AUDI,Q3,5-6 years old,suv,PETROL,semiAutomatic,GREY,21450,55605,0.5500433397,8
PL17OSJ,HYUNDAI,IX20,7-8 years old,mpv,PETROL,automatic,GREY,9900,31361,0.3784173896,8
RF73ZPL,PEUGEOT,2008,0-2 years old,suv,PETROL,manual,WHITE,17300,15359,0.2677270794,8
PJ21YBA,VOLKSWAGEN,ID.3,3-4 years old,hatchback,ELECTRIC,automatic,GREY,13300,55785,0.7036118764,5
VK21BVD,VAUXHALL,CORSA,3-4 years old,hatchback,PETROL,manual,WHITE,9550,40111,0.7807076729,5
ST68OGC,FORD,FIESTA,5-6 years old,hatchback,PETROL,manual,WHITE,8900,45922,0.7263704508,5
OY19FLB,VAUXHALL,CORSA,5-6 years old,hatchback,PETROL,manual,BLACK,8100,42580,0.9032277964,5
ML21CZB,KIA,STONIC,3-4 years old,suv,PETROL,automatic,RED,14400,21976,0.6061402436,8
SM21NNU,VOLKSWAGEN,POLO,3-4 years old,hatchback,PETROL,manual,WHITE,14350,26888,0.7818902831,5
NA68OYR,AUDI,A3,5-6 years old,saloon,PETROL,semiAutomatic,GREY,15900,53057,0.6238021361,5
KK17DHO,AUDI,TT,7-8 years old,coupe,PETROL,semiAutomatic,BLACK,18950,27383,0.6276494127,4
DV21KFA,NISSAN,LEAF,3-4 years old,hatchback,ELECTRIC,automatic,BLACK,9350,25203,0.7157433916,5
DF17EPC,SKODA,SUPERB,7-8 years old,estate,DIESEL,semiAutomatic,WHITE,11400,76705,0.4196913214,7
MT21VJD,VOLKSWAGEN,T-ROC,3-4 years old,suv,PETROL,semiAutomatic,WHITE,20400,20413,0.8008007235,8
EA66ZKU,RENAULT,CLIO,7-8 years old,hatchback,PETROL,manual,WHITE,6700,40879,0.253638181,5
DN22XLJ,TOYOTA,RAV4,3-4 years old,suv,PETROLELECTRICHYBRID,automatic,BLACK,23900,27997,0.9627520284,8
AO69PYZ,AUDI,A1,5-6 years old,hatchback,PETROL,manual,BLACK,15400,24927,0.6386039068,5
RV69FWS,KIA,SPORTAGE,5-6 years old,suv,PETROL,manual,BLACK,14000,37257,0.8327527567,8
LB22LSO,KIA,SPORTAGE,3-4 years old,suv,PETROLELECTRICHYBRID,automatic,RED,24600,7292,0.8344546325,8
LF22XPA,CITROEN,C3 AIRCROSS,3-4 years old,suv,PETROL,semiAutomatic,GREY,13880,17819,0.3691448709,8
SC68EZM,HYUNDAI,IONIQ,5-6 years old,hatchback,PETROLELECTRICHYBRID,automatic,ORANGE,12900,43617,0.5575178247,5
SV71PWO,SKODA,KAMIQ,3-4 years old,suv,PETROL,semiAutomatic,BLUE,16600,14736,0.276218352,8
YP22OFV,FORD,PUMA,3-4 years old,suv,PETROL,manual,SILVER,13910,55179,0.421662408,8
PJ70AZD,NISSAN,QASHQAI,3-4 years old,suv,PETROL,semiAutomatic,BLUE,16400,22498,0.6400004623,8
RE21UBD,VOLKSWAGEN,PASSAT,3-4 years old,estate,DIESEL,manual,SILVER,14700,70057,0.8561034276,7
DV71HLH,NISSAN,QASHQAI,3-4 years old,suv,PETROL,semiAutomatic,BLACK,16600,34213,0.7510294679,8
LV22LTF,MG,ZS,3-4 years old,suv,PETROL,semiAutomatic,SILVER,14650,30560,0.5980213349,8
SC19AHX,RENAULT,CLIO,5-6 years old,hatchback,PETROL,manual,RED,9600,33079,0.7332459175,5
GV20LLO,KIA,XCEED,3-4 years old,hatchback,PETROLPLUGINELECTRICHYBRID,semiAutomatic,SILVER,14900,35224,0.6533010878,5
YY72SXM,SUZUKI,SWIFT,0-2 years old,hatchback,PETROL,manual,YELLOW,12350,59782,0.6000789946,5
NG73WZP,SEAT,LEON,0-2 years old,hatchback,PETROL,manual,WHITE,15380,10574,0.7610197895,5
LG69HVB,RENAULT,MEGANE,5-6 years old,hatchback,PETROL,manual,WHITE,10900,32318,0.6499997114,5
PF21UZU,PEUGEOT,2008,3-4 years old,suv,DIESEL,manual,BLACK,12450,55098,0.6020105784,8
YP22MMF,FORD,FIESTA,3-4 years old,hatchback,PETROL,manual,BLACK,14520,15834,0.7132648083,5
LD22DVR,KIA,XCEED,3-4 years old,hatchback,PETROL,manual,BRONZE,14700,45042,0.7382612584,5
WX71CXP,MAZDA,MAZDA3,3-4 years old,hatchback,PETROL,manual,GREY,17900,16596,0.6926978469,5
LM22OLJ,AUDI,A3,3-4 years old,hatchback,PETROLPLUGINELECTRICHYBRID,semiAutomatic,RED,17890,29050,0.7859101408,5
CV20GUU,FORD,ECOSPORT,5-6 years old,suv,PETROL,manual,SILVER,9860,47104,0.5868002265,8
BL67OLT,BMW,4 SERIES GRAN COUPE,7-8 years old,hatchback,DIESEL,semiAutomatic,WHITE,14800,60592,0.6224044456,5
BT22CTX,PEUGEOT,2008,3-4 years old,suv,PETROL,manual,BLUE,16400,14018,0.6867148172,8
VN22PJV,VAUXHALL,CORSA-E,3-4 years old,hatchback,ELECTRIC,automatic,WHITE,11900,6102,0.7385442986,5
LA18ULK,BMW,X2,7-8 years old,suv,DIESEL,semiAutomatic,BLUE,18200,36455,0.5984939222,8
DN19YKL,KIA,SPORTAGE,5-6 years old,suv,DIESEL,manual,GREY,11900,62524,0.6935954723,8
LP18PFG,HYUNDAI,I20,7-8 years old,hatchback,PETROL,automatic,BLACK,11550,16638,0.5646645456,5
KE68LDU,VOLKSWAGEN,T-ROC,5-6 years old,suv,PETROL,manual,BLACK,15250,51244,0.657356367,8
FJ68UPO,BMW,2 SERIES,5-6 years old,coupe,DIESEL,manual,ORANGE,14950,31334,0.6952132615,4
KN22YHR,AUDI,A4,3-4 years old,saloon,PETROL,manual,GREY,21250,24378,0.8013259248,5
HN21VGE,BMW,X1,3-4 years old,suv,PETROLPLUGINELECTRICHYBRID,semiAutomatic,WHITE,16820,53659,0.6935453952,8
HL19TSX,BMW,I3,5-6 years old,hatchback,ELECTRIC,automatic,GREY,10900,55513,0.6434610062,5
MA63MCK,BMW,X4,7-8 years old,suv,DIESEL,semiAutomatic,WHITE,18400,50610,0.4140152466,8
LK22HPV,BMW,X1,3-4 years old,suv,PETROLPLUGINELECTRICHYBRID,semiAutomatic,BLUE,20100,49908,0.7981488249,8
RV22YWT,PEUGEOT,208,3-4 years old,hatchback,PETROL,semiAutomatic,WHITE,15450,16565,0.6144387517,5
GY68ZPW,VOLKSWAGEN,POLO,5-6 years old,hatchback,PETROL,manual,WHITE,12100,35558,0.820079491,5
FP22MYJ,FORD,PUMA,3-4 years old,suv,PETROL,semiAutomatic,WHITE,18320,13623,0.5329472184,8
SC17WVZ,NISSAN,QASHQAI,7-8 years old,suv,PETROL,manual,BLUE,10900,35834,0.7276786896,8
LX66TAU,MERCEDES-BENZ,A-CLASS,7-8 years old,hatchback,PETROL,semiAutomatic,BLACK,15400,49470,0.4207523459,5
WD70NXP,AUDI,Q3,3-4 years old,suv,DIESEL,semiAutomatic,BLACK,21950,54610,0.8514040926,8
NG22CZT,MINI,HATCHBACK,3-4 years old,hatchback,ELECTRIC,automatic,GREY,12600,14840,0.9581766853,5
VK21HTX,VOLKSWAGEN,POLO,3-4 years old,hatchback,PETROL,manual,BLUE,13950,26980,0.8941247425,5
CY19FAU,SEAT,LEON,5-6 years old,hatchback,DIESEL,semiAutomatic,WHITE,10450,69200,0.7301064323,5
YO19XND,FORD,FOCUS,5-6 years old,hatchback,PETROL,manual,GREY,11500,36370,0.7102910802,5
SK72HVL,VOLKSWAGEN,POLO,0-2 years old,hatchback,PETROL,manual,BLACK,14350,29837,0.7129077678,5
VK67BHN,NISSAN,QASHQAI,7-8 years old,suv,DIESEL,automatic,BRONZE,14350,44557,0.7943762844,8
BG21VDL,AUDI,A3,3-4 years old,hatchback,PETROL,semiAutomatic,BLACK,16250,66032,0.8469855991,5
YR72JHV,TOYOTA,AYGO X,0-2 years old,hatchback,PETROL,automatic,GREEN,15400,8535,0.5241913992,5
MA22NPD,RENAULT,CLIO,3-4 years old,hatchback,PETROL,manual,WHITE,13500,23651,0.6222864417,5
MW68AYV,VAUXHALL,CORSA,5-6 years old,hatchback,PETROL,manual,SILVER,7550,36775,0.8512996345,5
YA21XSH,AUDI,A3,3-4 years old,hatchback,PETROL,semiAutomatic,WHITE,23750,28318,0.7135808696,5
RE21VUF,AUDI,A3,3-4 years old,saloon,PETROL,manual,BLUE,19150,34511,0.7240394475,5
WG68NFE,SEAT,ARONA,5-6 years old,suv,PETROL,manual,BLACK,9930,50548,0.6872801374,8
KV19FDC,PEUGEOT,2008,5-6 years old,suv,PETROL,manual,WHITE,10200,19927,0.6385851144,8
CF72XCO,PEUGEOT,508,0-2 years old,hatchback,PETROL,semiAutomatic,GREY,16800,29595,0.7407828303,5
BL69SOA,VAUXHALL,CORSA,5-6 years old,hatchback,PETROL,manual,BLACK,8450,45945,0.7692563879,5
LT72OSK,TOYOTA,C-HR,0-2 years old,suv,PETROLELECTRICHYBRID,automatic,WHITE,19800,34120,0.632001864,8
BJ68AEV,AUDI,Q3,5-6 years old,suv,DIESEL,manual,BLACK,14400,48461,0.5907004488,8
WF69EXK,VOLVO,XC60,5-6 years old,suv,DIESEL,semiAutomatic,GREY,19250,73644,0.7321780869,8
MF68CXT,MG,ZS,5-6 years old,suv,PETROL,manual,BLACK,9650,43928,0.6774360391,8
WR72TMU,DACIA,SANDERO,0-2 years old,hatchback,PETROL,manual,RED,10530,18391,0.6781155582,5
KP22OVZ,VOLKSWAGEN,ID.4,3-4 years old,suv,ELECTRIC,automatic,WHITE,14900,55443,0.7671850243,8
FL22VXB,HYUNDAI,KONA,3-4 years old,suv,ELECTRIC,automatic,BLACK,15300,21466,0.7449883555,8
LD23WTL,MG,MG4,0-2 years old,suv,ELECTRIC,automatic,BLACK,14900,9795,0.5891097618,8
LL21YCU,MERCEDES-BENZ,CLA,3-4 years old,coupe,PETROLPLUGINELECTRICHYBRID,semiAutomatic,WHITE,22050,50734,0.7042947897,4
HX19YKD,MERCEDES-BENZ,A-CLASS,5-6 years old,hatchback,DIESEL,semiAutomatic,BLACK,14000,68136,0.8205609103,5
OY72WHT,PEUGEOT,308,0-2 years old,hatchback,PETROLPLUGINELECTRICHYBRID,semiAutomatic,GREEN,17700,43766,0.6541975454,5
CX22ZKO,FORD,ECOSPORT,3-4 years old,suv,PETROL,manual,BLUE,11600,41226,0.6459626073,8
BK69WXW,RENAULT,CAPTUR,5-6 years old,suv,PETROL,manual,RED,10500,18066,0.6774033854,8
KP71XXC,MG,ZS,3-4 years old,suv,PETROL,manual,BLACK,14100,11560,0.6459010545,8
PY22CWX,HYUNDAI,IONIQ,3-4 years old,hatchback,ELECTRIC,automatic,BLUE,11000,33542,0.6446326375,5
LP70KMF,MERCEDES-BENZ,E-CLASS,3-4 years old,estate,PETROL,semiAutomatic,WHITE,23450,39294,0.7900977033,7
FH19KLL,AUDI,SQ2,5-6 years old,suv,PETROL,semiAutomatic,BLUE,18160,51839,0.6883705305,8
YM73ABV,SKODA,KAMIQ,0-2 years old,suv,PETROL,semiAutomatic,BLUE,21400,1258,0.3518033485,8
SE19PXH,MINI,CLUBMAN,5-6 years old,estate,PETROL,manual,BLACK,11450,51080,0.5525074381,7
ML67VSM,FORD,FIESTA,7-8 years old,hatchback,PETROL,manual,GREY,9500,32162,0.6250171117,5
AS14BUL,VAUXHALL,CORSA,0-2 years old,hatchback,PETROL,manual,GREY,10800,23308,0.7528453117,5
LO69KPR,LAND ROVER,RANGE ROVER EVOQUE,5-6 years old,suv,DIESEL,manual,BLACK,15250,32762,0.8956809924,8
DE22SYU,SEAT,ARONA,3-4 years old,suv,PETROL,semiAutomatic,GREY,14900,14074,0.2931513189,8
HS68YGJ,HYUNDAI,I10,5-6 years old,hatchback,PETROL,manual,GREY,7200,40407,0.6535094247,5
CV70AAX,PEUGEOT,208,3-4 years old,hatchback,PETROL,manual,GREY,12300,26871,0.5571583156,5
NL68HGO,BMW,5 SERIES,5-6 years old,estate,DIESEL,semiAutomatic,GREY,17150,70348,0.834949099,7
KS67ZZG,MERCEDES-BENZ,A-CLASS,7-8 years old,hatchback,DIESEL,semiAutomatic,GREY,13500,41065,0.593680852,5
BT68PXB,RENAULT,CLIO,5-6 years old,hatchback,PETROL,manual,WHITE,8100,40236,0.6345269031,5
KR72UAD,NISSAN,QASHQAI,0-2 years old,suv,PETROL,manual,BLACK,16300,41809,0.5936675252,8
BP68RPO,FORD,FOCUS,5-6 years old,hatchback,PETROL,manual,RED,9800,42983,0.7780295536,5
SL71FEV,DACIA,SANDERO,3-4 years old,hatchback,PETROL,manual,BLUE,9800,19309,0.8756052077,5
KE21RXO,MERCEDES-BENZ,A-CLASS,3-4 years old,hatchback,PETROL,semiAutomatic,WHITE,17950,41915,0.6031756605,5
YC21ELO,SEAT,ATECA,3-4 years old,suv,PETROL,manual,RED,15790,33889,0.612215839,8
VK21BCX,VAUXHALL,CORSA-E,3-4 years old,hatchback,ELECTRIC,automatic,ORANGE,10900,14570,0.8840726497,5
YD70AUY,SEAT,ATECA,3-4 years old,suv,PETROL,manual,BLACK,16900,48356,0.9104969459,8
NA67RXH,MAZDA,MAZDA3,7-8 years old,hatchback,PETROL,manual,RED,8200,76212,0.5203723418,5
GU22VWW,SEAT,IBIZA,3-4 years old,hatchback,PETROL,manual,BLUE,13400,41486,0.586196707,5
SK70KGE,CITROEN,C3,3-4 years old,hatchback,PETROL,manual,RED,8970,41679,0.7690173945,5
CV22HPF,FORD,ECOSPORT,3-4 years old,suv,PETROL,manual,BLUE,13250,26056,0.5343984288,8
VA71JVV,VAUXHALL,CORSA,3-4 years old,hatchback,PETROL,manual,BLACK,10200,45316,0.8135150837,5
KS68OCN,BMW,I3,5-6 years old,hatchback,ELECTRICPETROLRANGEEXTENDER,automatic,GREY,10950,68557,0.2817490481,5
LY21VTL,AUDI,Q3,3-4 years old,suv,PETROL,manual,BLACK,21390,43276,0.6855336446,8
LG68FFT,BMW,4 SERIES,5-6 years old,coupe,PETROL,semiAutomatic,BLUE,15840,39587,0.9045103422,4
PN71ODK,VOLKSWAGEN,PASSAT,3-4 years old,saloon,PETROLPLUGINELECTRICHYBRID,semiAutomatic,WHITE,17180,36186,0.9336235005,5
LE71GXC,BMW,3 SERIES,3-4 years old,estate,PETROLPLUGINELECTRICHYBRID,semiAutomatic,WHITE,24890,24371,0.8631232066,7
YB23WCK,FIAT,500,0-2 years old,hatchback,PETROL,manual,BLACK,11350,14085,0.7977459464,5
CK69WVF,FORD,ECOSPORT,5-6 years old,suv,DIESEL,manual,YELLOW,12500,19851,0.4001297446,8
GK22MYD,VOLKSWAGEN,POLO,3-4 years old,hatchback,PETROL,manual,BLUE,15900,19868,0.480142211,5
SW71PRZ,TOYOTA,RAV4,3-4 years old,suv,PETROLPLUGINELECTRICHYBRID,automatic,WHITE,27650,33750,0.4457400864,8
MT22ULJ,TOYOTA,C-HR,3-4 years old,suv,PETROLELECTRICHYBRID,automatic,SILVER,18100,29723,0.6514316148,8
OV70SBY,SKODA,OCTAVIA,3-4 years old,hatchback,PETROL,manual,GREY,13700,27167,0.449998147,5
EO71DKL,VAUXHALL,CORSA,3-4 years old,hatchback,PETROL,manual,ORANGE,12050,16629,0.4769368965,5
RE22YZZ,AUDI,A6,3-4 years old,saloon,PETROL,semiAutomatic,BLACK,20130,32528,0.8216475846,5
MV18RCY,CITROEN,C3,7-8 years old,hatchback,PETROL,manual,WHITE,8950,27250,0.7290862572,5
YC18MHF,MINI,COUNTRYMAN,7-8 years old,suv,PETROL,manual,BLUE,13550,48653,0.3826452452,8
GJ69JVZ,HYUNDAI,I10,5-6 years old,hatchback,PETROL,manual,BLACK,7900,48579,0.667006545,5
VE70AEV,VAUXHALL,CORSA-E,3-4 years old,hatchback,ELECTRIC,automatic,RED,10250,23029,0.6633615316,5
NA68PRV,NISSAN,QASHQAI,5-6 years old,suv,DIESEL,manual,BLACK,13850,43709,0.6114007176,8
YE22OHZ,CITROEN,E-C4,3-4 years old,hatchback,ELECTRIC,automatic,WHITE,12200,32269,0.6943704415,5
DP19HHF,VAUXHALL,MOKKA X,5-6 years old,suv,PETROL,manual,SILVER,9050,43156,0.7248686313,8
LP18EZT,VOLKSWAGEN,GOLF,7-8 years old,hatchback,PETROL,semiAutomatic,BLACK,16510,73108,0.6468223823,5
AY22VUV,SEAT,ARONA,3-4 years old,suv,PETROL,manual,GREY,12250,38649,0.7350559847,8
DV20PKF,VAUXHALL,CORSA,5-6 years old,hatchback,PETROL,manual,RED,10400,43703,0.7160218683,5
MJ21UBD,SKODA,KAROQ,3-4 years old,suv,PETROL,automatic,WHITE,19950,38896,0.7692253029,8
MK22UYV,PEUGEOT,208,3-4 years old,hatchback,PETROL,manual,BLUE,13500,21263,0.5780245855,5
BK20VSA,MINI,HATCHBACK,5-6 years old,hatchback,PETROL,semiAutomatic,GREY,13200,48776,0.661864089,5
AV71KZY,AUDI,Q2,3-4 years old,suv,PETROL,semiAutomatic,GREY,19740,40132,0.5770986399,8
GP21NXH,LAND ROVER,DISCOVERY SPORT,3-4 years old,suv,PETROLPLUGINELECTRICHYBRID,automatic,WHITE,20400,65905,0.7569757032,8
SL21RVP,SMART,FORTWO COUPE,3-4 years old,coupe,ELECTRIC,automatic,SILVER,9750,10008,0.7167181624,4
MH19CXF,AUDI,A6 AVANT,5-6 years old,estate,DIESEL,semiAutomatic,WHITE,22350,24405,0.7255383687,7
CX21NHB,SEAT,LEON,3-4 years old,hatchback,PETROL,manual,RED,11900,70390,0.8329111042,5
RE67DWW,AUDI,A3,7-8 years old,saloon,PETROL,manual,BLACK,13940,41492,0.6609688671,5
BD21USF,FORD,FOCUS,3-4 years old,hatchback,PETROL,manual,GREY,15450,17371,0.4728901559,5
DC18UKK,VOLKSWAGEN,POLO,7-8 years old,hatchback,PETROL,semiAutomatic,SILVER,14050,30529,0.687886017,5
MM70RXD,CITROEN,C3,3-4 years old,hatchback,PETROL,manual,BEIGE,7900,73085,0.6590438491,5
SA22HDK,SEAT,ATECA,3-4 years old,suv,PETROL,manual,GREY,17800,23194,0.6991191212,8
VE70TEU,VAUXHALL,CROSSLAND X,3-4 years old,suv,PETROL,manual,BLUE,10600,23677,0.6448362169,8
MW69EAC,FORD,FOCUS,5-6 years old,hatchback,PETROL,manual,BLUE,10900,53026,0.6663431568,5
KT67VJJ,FORD,FIESTA,7-8 years old,hatchback,PETROL,manual,WHITE,9200,29973,0.3706790202,5
RF70FPU,AUDI,A5,3-4 years old,hatchback,PETROL,semiAutomatic,BLACK,21400,23728,0.5543408378,5
DV22YKH,HYUNDAI,IONIQ 5,3-4 years old,suv,ELECTRIC,automatic,GREY,22900,22517,0.5560717574,8
YH71PXP,NISSAN,QASHQAI,3-4 years old,suv,PETROL,semiAutomatic,BLACK,19800,23141,0.4674991308,8
DF21BWC,SEAT,LEON,3-4 years old,hatchback,PETROL,manual,GREY,13000,49534,0.8205767509,5
YL68UZX,VAUXHALL,ASTRA,5-6 years old,hatchback,PETROL,manual,RED,9050,35761,0.428212997,5
YH22SRU,MAZDA,CX-5,3-4 years old,suv,PETROL,manual,BLACK,18660,18198,0.5649596488,8
SO71CZJ,MERCEDES-BENZ,GLA,3-4 years old,suv,PETROLPLUGINELECTRICHYBRID,semiAutomatic,RED,20890,50720,0.7885374319,8
KR22YXD,VAUXHALL,MOKKA-E,3-4 years old,suv,ELECTRIC,automatic,GREY,12050,41328,0.8684809309,8
NK67HVA,MAZDA,MX-5 RF,7-8 years old,convertible,PETROL,manual,WHITE,13090,53436,0.7047354894,4
DS71PVE,NISSAN,QASHQAI,3-4 years old,suv,PETROL,semiAutomatic,RED,17800,28335,0.7510294679,8
SH18OGT,VAUXHALL,CORSA,7-8 years old,hatchback,PETROL,manual,SILVER,9250,14549,0.6708313476,5
ML68ACO,RENAULT,CLIO,5-6 years old,hatchback,PETROL,manual,WHITE,8250,48707,0.7030785023,5
KP22GWJ,VAUXHALL,MOKKA,3-4 years old,suv,PETROL,automatic,BLACK,16300,31634,0.6090784142,8
KT22HNJ,PEUGEOT,3008,3-4 years old,suv,DIESEL,semiAutomatic,BLUE,15900,51120,0.6896916392,8
BL71DYA,LAND ROVER,RANGE ROVER EVOQUE,3-4 years old,suv,DIESEL,manual,WHITE,16150,71078,0.8640589769,8
GF70AGY,MG,MG3,3-4 years old,hatchback,PETROL,manual,RED,8890,18734,0.7982490024,5
ST18WXX,HYUNDAI,TUCSON,7-8 years old,suv,PETROL,manual,WHITE,11900,49948,0.6499532209,8
BL72RXU,SKODA,KAMIQ,0-2 years old,suv,PETROL,semiAutomatic,GREY,17900,28934,0.4386327952,8
YS70HYH,FORD,FIESTA,3-4 years old,hatchback,PETROL,manual,BLUE,12150,18875,0.6445669954,5
VO69JPX,AUDI,Q2,5-6 years old,suv,DIESEL,semiAutomatic,WHITE,14200,63140,0.806876136,8
PK23YYS,ORA,FUNKY CAT,0-2 years old,hatchback,ELECTRIC,automatic,BLACK,11900,10214,0.1600614613,5
DF71WUR,VAUXHALL,CORSA,3-4 years old,hatchback,PETROL,manual,BLUE,13600,6539,0.7072068723,5
MT18FOM,MAZDA,CX-5,7-8 years old,suv,DIESEL,manual,BLUE,10310,59675,0.2692497997,8
WG20FLW,SMART,FORFOUR,5-6 years old,hatchback,ELECTRIC,automatic,BLACK,7700,11586,0.6019805635,5
FV19WCJ,MINI,HATCHBACK,5-6 years old,hatchback,PETROL,semiAutomatic,BLACK,13800,51702,0.6884211277,5
VK23ZXV,SKODA,KAROQ,0-2 years old,suv,PETROL,automatic,RED,25600,11533,0.3841377367,8
YC69XNX,RENAULT,KADJAR,5-6 years old,suv,PETROL,manual,RED,13350,21958,0.6632452438,8
ND71FRZ,BMW,X4,3-4 years old,suv,DIESEL,semiAutomatic,GREY,34900,24597,0.3900267358,8
HV69FLN,BMW,2 SERIES,5-6 years old,coupe,PETROL,manual,WHITE,14800,28839,0.8054343463,4
EF21OGH,AUDI,Q3,3-4 years old,suv,PETROL,semiAutomatic,GREY,21750,61684,0.7157819374,8
VX71HPP,BMW,3 SERIES,3-4 years old,estate,PETROLPLUGINELECTRICHYBRID,semiAutomatic,GREY,18300,77970,0.8580249925,7
NL23TVT,SEAT,IBIZA,0-2 years old,hatchback,PETROL,manual,SILVER,12960,14039,0.70085638,5
WM73RWN,DACIA,SANDERO STEPWAY,0-2 years old,hatchback,PETROL,manual,GREY,13060,11308,0.4335889765,5
DG69DWF,TOYOTA,AYGO,5-6 years old,hatchback,PETROL,manual,SILVER,8390,28380,0.6334621188,5
KR74UPL,VOLKSWAGEN,GOLF,0-2 years old,hatchback,PETROLPLUGINELECTRICHYBRID,semiAutomatic,WHITE,25890,2306,0.8603212192,5
LC22ETF,SKODA,ENYAQ IV,3-4 years old,suv,ELECTRIC,automatic,WHITE,17650,26607,0.5754641489,8
LS22ZKO,NISSAN,JUKE,3-4 years old,suv,PETROL,manual,RED,14210,30370,0.5820739463,8
SC18NVZ,MERCEDES-BENZ,A-CLASS,7-8 years old,hatchback,DIESEL,semiAutomatic,RED,13000,71577,0.5381085284,5
PK67OPD,RENAULT,KADJAR,7-8 years old,suv,DIESEL,manual,BLACK,9550,47068,0.5874485051,8
FV22VOB,KIA,STONIC,3-4 years old,suv,PETROL,manual,YELLOW,13200,20700,0.721618098,8
DS70DWN,MAZDA,CX-5,3-4 years old,suv,PETROL,manual,RED,16900,23426,0.5514638952,8
LS21HKA,SMART,FORFOUR,3-4 years old,hatchback,ELECTRIC,automatic,GREY,7300,40393,0.670409745,5
VU20ORF,TOYOTA,RAV4,5-6 years old,suv,PETROLELECTRICHYBRID,automatic,WHITE,22390,46977,0.4772674682,8
MGZ3937,SEAT,IBIZA,5-6 years old,hatchback,PETROL,manual,RED,9830,51498,0.7450907166,5
WR22FJC,AUDI,A1,3-4 years old,hatchback,PETROL,manual,WHITE,14750,50580,0.616833383,5
DF73WPE,SKODA,ENYAQ IV,0-2 years old,suv,ELECTRIC,automatic,BLUE,29400,10728,0.1552197126,8
SH71TEU,DACIA,SANDERO STEPWAY,3-4 years old,hatchback,PETROL,manual,GREY,12140,5028,0.5911685495,5
VK71AXZ,VAUXHALL,INSIGNIA GRAND SPORT,3-4 years old,hatchback,DIESEL,manual,BLACK,10160,69324,0.7982391553,5
DC21PLN,VOLKSWAGEN,T-ROC,3-4 years old,suv,PETROL,semiAutomatic,GREY,20350,17813,0.8008007235,8
FG22HGA,FORD,ECOSPORT,3-4 years old,suv,PETROL,manual,SILVER,13200,16791,0.6459626073,8
WM21XTC,TOYOTA,RAV4,3-4 years old,suv,PETROLELECTRICHYBRID,automatic,RED,25430,29676,0.7025379225,8
LT22OFH,VOLKSWAGEN,GOLF,3-4 years old,hatchback,PETROL,semiAutomatic,GREY,20900,32974,0.7630685448,5
FG71ERJ,PEUGEOT,2008,3-4 years old,suv,DIESEL,manual,BLACK,14900,26330,0.6020105784,8
WN69VRG,VAUXHALL,ASTRA,5-6 years old,hatchback,DIESEL,manual,WHITE,10200,33296,0.7493154369,5
PJ22UNL,NISSAN,QASHQAI,3-4 years old,suv,PETROL,manual,GREY,16900,30214,0.5936675252,8
CX67LRO,AUDI,TT,7-8 years old,coupe,PETROL,manual,BLUE,16650,37473,0.5469421596,4
WR19ENF,FORD,FIESTA,5-6 years old,hatchback,PETROL,manual,SILVER,9750,42411,0.6545487223,5
LL22JPY,BMW,X1,3-4 years old,suv,PETROLPLUGINELECTRICHYBRID,semiAutomatic,WHITE,17900,55646,0.9371335629,8
DE20LTK,TOYOTA,C-HR,5-6 years old,suv,PETROLELECTRICHYBRID,automatic,GREY,17890,10109,0.632001864,8
HG20SSK,VOLKSWAGEN,TIGUAN,5-6 years old,suv,DIESEL,manual,GREY,22750,29108,0.5136158393,8
KR71FLV,BMW,X1,3-4 years old,suv,PETROL,semiAutomatic,GREY,19100,54331,0.9156522029,8
OE18HUJ,JAGUAR,XF,7-8 years old,saloon,DIESEL,automatic,SILVER,18650,43089,0.5910267762,5
RJ72ADV,MINI,CLUBMAN,0-2 years old,estate,PETROL,semiAutomatic,BLUE,19850,32217,0.4715176193,7
FL71UGH,VAUXHALL,MOKKA,3-4 years old,suv,DIESEL,manual,GREY,12450,45423,0.5369981096,8
SC21XME,VAUXHALL,CROSSLAND,3-4 years old,suv,PETROL,manual,GREY,11200,11801,0.548978487,8
RO22VTZ,TOYOTA,COROLLA,3-4 years old,hatchback,PETROLELECTRICHYBRID,automatic,WHITE,18390,33177,0.5215424406,5
BN20ZGR,AUDI,A1,5-6 years old,hatchback,PETROL,semiAutomatic,BLUE,18800,12193,0.4797089761,5
MK21LWC,AUDI,Q2,3-4 years old,suv,PETROL,manual,BLUE,15900,56753,0.4582865883,8
HK69ACV,RENAULT,CAPTUR,5-6 years old,suv,PETROL,manual,RED,9450,33297,0.6774033854,8
HN23ZWB,MAZDA,MAZDA2 HYBRID,0-2 years old,hatchback,PETROLELECTRICHYBRID,semiAutomatic,WHITE,15400,17074,0.4243738626,5
OW19EVH,JAGUAR,E-PACE,5-6 years old,suv,DIESEL,automatic,BLUE,20400,29300,0.7297778239,8
NU22FCC,FORD,ECOSPORT,3-4 years old,suv,PETROL,manual,WHITE,12550,33080,0.5868002265,8
SC24DJO,VAUXHALL,CORSA-E,0-2 years old,hatchback,ELECTRIC,automatic,WHITE,14900,12541,0.2617032924,5
FV21GBU,VOLVO,XC40,3-4 years old,suv,PETROL,semiAutomatic,SILVER,21900,39306,0.8120179266,8
KX17VAR,VOLKSWAGEN,TIGUAN,7-8 years old,suv,DIESEL,semiAutomatic,BLACK,20250,45224,0.7442605614,8
YR69VDN,AUDI,A1,5-6 years old,hatchback,PETROL,manual,GREY,14150,24960,0.6386039068,5
BW65MYL,PEUGEOT,2008,9+ years old,suv,PETROL,manual,GREY,5600,54857,0.2345829003,8
RJ22RXO,MINI,HATCHBACK,3-4 years old,hatchback,PETROL,semiAutomatic,BLACK,19900,18980,0.5010209988,5
HC19FPT,SUZUKI,CELERIO,5-6 years old,hatchback,PETROL,manual,SILVER,7300,25577,0.6996580106,5
EA21FPX,VOLKSWAGEN,TIGUAN,3-4 years old,suv,PETROL,semiAutomatic,WHITE,34400,22548,0.6208058444,8
RK18DCF,VOLKSWAGEN,GOLF,7-8 years old,hatchback,PETROL,manual,GREY,10250,61603,0.6741870814,5
YS70EKE,FORD,FIESTA,3-4 years old,hatchback,PETROL,manual,WHITE,12200,14558,0.6445669954,5
SY22WGM,HYUNDAI,KONA,3-4 years old,suv,PETROLELECTRICHYBRID,automatic,GREY,17900,11976,0.6718348637,8
FL19UNG,VOLKSWAGEN,POLO,5-6 years old,hatchback,PETROL,manual,ORANGE,13190,28659,0.54104327,5
VA71JZK,VAUXHALL,CORSA,3-4 years old,hatchback,PETROL,manual,RED,10820,19891,0.8135150837,5
EK69FVR,HYUNDAI,TUCSON,5-6 years old,suv,PETROL,manual,BLACK,11350,62546,0.7231668933,8
SH68PBV,SKODA,KAROQ,5-6 years old,suv,DIESEL,manual,GREY,14400,37412,0.5575807306,8
FN69UVR,TOYOTA,AYGO,5-6 years old,hatchback,PETROL,manual,SILVER,9050,15996,0.6707958407,5
SF19DJM,VOLVO,V60,5-6 years old,estate,DIESEL,semiAutomatic,SILVER,26300,18488,0.6167498935,7
NC22BND,FORD,KUGA,3-4 years old,suv,PETROLELECTRICHYBRID,automatic,SILVER,19600,35081,0.6634708679,8
CY71MVV,SKODA,OCTAVIA,3-4 years old,hatchback,DIESEL,manual,BLUE,17900,14611,0.5592595794,5
VU23CVL,AUDI,A1,0-2 years old,hatchback,PETROL,manual,WHITE,17590,12399,0.8330010305,5
WN21VCC,AUDI,E-TRON,3-4 years old,suv,ELECTRIC,automatic,GREY,17850,57068,0.6815522345,8
MW68UGG,VOLKSWAGEN,GOLF,5-6 years old,hatchback,PETROL,semiAutomatic,SILVER,19800,34804,0.6468223823,5
AF18UBX,SEAT,ARONA,7-8 years old,suv,PETROL,manual,RED,9650,52309,0.4291198908,8
CF17XBO,CITROEN,C3,7-8 years old,hatchback,PETROL,manual,GREY,8050,33975,0.7290862572,5
KN68VRD,FORD,FIESTA,5-6 years old,hatchback,PETROL,manual,RED,8750,38716,0.6250171117,5
FG74UTB,CITROEN,E-BERLINGO,0-2 years old,mpv,ELECTRIC,automatic,GREEN,17900,8755,0.2081962056,8
WF20YJT,MERCEDES-BENZ,GLC COUPE,5-6 years old,suv,DIESEL,semiAutomatic,SILVER,31150,14917,0.5425696903,8
MW22ELV,KIA,SPORTAGE,3-4 years old,suv,PETROLELECTRICHYBRID,automatic,RED,23000,26500,0.8344546325,8
FM19RXW,VOLKSWAGEN,GOLF,5-6 years old,hatchback,PETROL,semiAutomatic,SILVER,14200,58472,0.2005538182,5
LC21CPE,BMW,3 SERIES,3-4 years old,saloon,PETROL,semiAutomatic,BLACK,22600,49691,0.6280674153,5
DA70NWT,BMW,2 SERIES,3-4 years old,convertible,PETROL,semiAutomatic,WHITE,19250,33760,0.5204204403,4
AO21KCG,KIA,XCEED,3-4 years old,hatchback,PETROLPLUGINELECTRICHYBRID,semiAutomatic,WHITE,14070,35892,0.8056295782,5
WGZ8757,BMW,IX3,3-4 years old,suv,ELECTRIC,automatic,BLUE,20900,72813,0.6067068617,8
LC20TNE,BMW,4 SERIES GRAN COUPE,5-6 years old,hatchback,DIESEL,semiAutomatic,BLACK,17490,61877,0.8989841957,5
VK19XEB,MINI,HATCHBACK,5-6 years old,hatchback,PETROL,manual,SILVER,13050,47406,0.6178956954,5
DC21GWK,VOLKSWAGEN,TIGUAN,3-4 years old,suv,PETROL,semiAutomatic,GREY,24150,25602,0.7643419923,8
SM69OHP,CITROEN,C1,5-6 years old,hatchback,PETROL,manual,BEIGE,7600,37088,0.4396274266,5
SH23VHN,SUZUKI,S-CROSS,0-2 years old,suv,PETROL,manual,SILVER,15550,16839,0.4965663155,8
MC21SVZ,PEUGEOT,2008,3-4 years old,suv,PETROL,manual,WHITE,14800,25454,0.6867148172,8
LO71KJZ,VOLKSWAGEN,GOLF,3-4 years old,hatchback,PETROL,semiAutomatic,GREY,18700,64338,0.7630685448,5
AF69KOU,KIA,CEED,5-6 years old,hatchback,PETROL,manual,BLUE,10750,56236,0.3494989971,5
NJ19OVT,VAUXHALL,MOKKA X,5-6 years old,suv,PETROL,manual,GREY,8750,54954,0.7248686313,8
FD21XGU,MAZDA,MAZDA2,3-4 years old,hatchback,PETROL,manual,BLUE,11800,36335,0.6585305929,5
BU21FVJ,VOLVO,XC40,3-4 years old,suv,PETROLPLUGINELECTRICHYBRID,semiAutomatic,RED,20250,55598,0.7728790919,8
DP21YTN,VAUXHALL,ASTRA,3-4 years old,hatchback,PETROL,manual,RED,10950,42650,0.7635592589,5
BV20PZK,HYUNDAI,IONIQ,5-6 years old,hatchback,PETROLELECTRICHYBRID,automatic,SILVER,14900,39702,0.7123299632,5
LE18GDA,VOLKSWAGEN,T-ROC,5-6 years old,suv,PETROL,semiAutomatic,WHITE,16540,39005,0.5676815081,8
DE21LLG,VOLKSWAGEN,TIGUAN,3-4 years old,suv,PETROL,manual,BLUE,16050,46545,0.80042403,8
VK21XDU,VAUXHALL,CORSA,3-4 years old,hatchback,PETROL,manual,BLUE,10790,11659,0.7692563879,5
CE20YLB,SUZUKI,IGNIS,5-6 years old,suv,PETROL,manual,ORANGE,9150,37936,0.8519522095,8
DL70YSK,VAUXHALL,CORSA,3-4 years old,hatchback,PETROL,manual,ORANGE,10150,44909,0.6659106134,5
OV22YLL,JAGUAR,I-PACE,3-4 years old,suv,ELECTRIC,automatic,GREY,20900,49921,0.7460899293,8
ND22ACF,TOYOTA,C-HR,3-4 years old,suv,PETROLELECTRICHYBRID,automatic,BLUE,16250,40795,0.8159571805,8
VO72XKX,FORD,FIESTA,0-2 years old,hatchback,PETROL,manual,BLACK,11100,30075,0.4641935568,5
LO22GVZ,AUDI,A3,3-4 years old,hatchback,PETROLPLUGINELECTRICHYBRID,semiAutomatic,BLACK,14900,76181,0.7859101408,5
EJ69OTA,FIAT,500,5-6 years old,hatchback,PETROL,manual,RED,8450,27850,0.7296316775,5
YC19TMK,RENAULT,KADJAR,5-6 years old,suv,PETROL,manual,BLACK,11900,40103,0.6632452438,8
ML72TVW,RENAULT,CLIO,0-2 years old,hatchback,PETROL,manual,BLACK,15100,3110,0.6222864417,5
VN22WKV,VOLKSWAGEN,GOLF,3-4 years old,hatchback,PETROL,semiAutomatic,WHITE,21900,11619,0.7630685448,5
FH68HJZ,FIAT,500,5-6 years old,hatchback,PETROL,manual,RED,7800,35328,0.7296316775,5
LB70OLJ,CITROEN,C3,3-4 years old,hatchback,PETROL,manual,GREY,8650,52624,0.7690173945,5
BK18OZD,HONDA,JAZZ,7-8 years old,hatchback,PETROL,manual,ORANGE,11550,28004,0.2217158875,5
SG70LNW,RENAULT,KADJAR,3-4 years old,suv,PETROL,manual,BLUE,14500,13089,0.6632452438,8
MA22XJO,RENAULT,CLIO,3-4 years old,hatchback,PETROL,manual,BLACK,13150,30748,0.6222864417,5
DB21CVU,LAND ROVER,RANGE ROVER EVOQUE,3-4 years old,suv,DIESEL,automatic,GREY,25100,43752,0.4391350762,8
RE20LRO,VOLKSWAGEN,TOUAREG,5-6 years old,suv,DIESEL,semiAutomatic,WHITE,32020,45677,0.5317480852,8
DN20ZRD,VAUXHALL,CORSA,5-6 years old,hatchback,PETROL,manual,BLUE,9500,55297,0.525761707,5
AF74BUH,CITROEN,E-BERLINGO,0-2 years old,mpv,ELECTRIC,automatic,WHITE,18950,1871,0.2874135961,8
PF71AXP,PEUGEOT,208,3-4 years old,hatchback,PETROL,manual,GREY,12390,19079,0.5780245855,5
DA72TTF,VOLKSWAGEN,T-ROC,0-2 years old,suv,PETROL,semiAutomatic,SILVER,28650,18454,0.5059134774,8
YH19TUR,AUDI,A1,5-6 years old,hatchback,PETROL,semiAutomatic,BLUE,16500,44347,0.5706567384,5
MD21ETR,KIA,PICANTO,3-4 years old,hatchback,PETROL,manual,YELLOW,8850,17168,0.8981487244,5
SY20OYN,PEUGEOT,2008,5-6 years old,suv,PETROL,manual,GREY,13850,8471,0.6742005465,8
YY70WNW,VOLVO,XC40,3-4 years old,suv,PETROLPLUGINELECTRICHYBRID,semiAutomatic,RED,22280,35691,0.8771427518,8
DS67MKZ,NISSAN,QASHQAI,7-8 years old,suv,DIESEL,manual,BLACK,8900,73945,0.2663606799,8
MV68NSY,CITROEN,C3,5-6 years old,hatchback,PETROL,manual,WHITE,8500,26697,0.8247506681,5
BJ18OPZ,FORD,FIESTA,7-8 years old,hatchback,PETROL,manual,WHITE,10610,14245,0.6250171117,5
ML22TXT,MAZDA,MAZDA3,3-4 years old,hatchback,PETROL,manual,GREY,14350,26543,0.7664612576,5
LF19XYH,CITROEN,C3,5-6 years old,hatchback,PETROL,manual,GREY,9900,16507,0.732749123,5
HK67OHU,RENAULT,CAPTUR,7-8 years old,suv,PETROL,manual,BLUE,8740,32411,0.6259984688,8
NL21PVV,VOLVO,XC40,3-4 years old,suv,PETROLPLUGINELECTRICHYBRID,semiAutomatic,BLACK,21400,45617,0.8771427518,8
RJ22GYH,AUDI,A5,3-4 years old,hatchback,PETROL,semiAutomatic,BLUE,25200,27748,0.5873227222,5
LV72KNH,DACIA,SANDERO STEPWAY,0-2 years old,hatchback,PETROL,manual,BLUE,12520,13864,0.6215781943,5
VU22YRO,PEUGEOT,3008,3-4 years old,suv,DIESEL,semiAutomatic,BLACK,15900,56079,0.6896916392,8
GF68VYJ,SKODA,KAROQ,5-6 years old,suv,PETROL,manual,SILVER,11400,52820,0.565492116,8
SG21YBJ,VOLKSWAGEN,UP!,3-4 years old,hatchback,PETROL,manual,BLACK,12000,6534,0.8195744907,5
MJ23AFN,RENAULT,MEGANE E-TECH,0-2 years old,hatchback,ELECTRIC,automatic,GREY,20900,12859,0.1234080716,5
YF21XFW,VOLKSWAGEN,T-CROSS,3-4 years old,suv,PETROL,manual,WHITE,14500,22604,0.8090760679,8
NU22EKL,FORD,ECOSPORT,3-4 years old,suv,PETROL,manual,WHITE,13900,20415,0.5868002265,8
DN71XUW,NISSAN,LEAF,3-4 years old,hatchback,ELECTRIC,automatic,GREY,10050,22542,0.6456046578,5
MM70OVN,KIA,SPORTAGE,3-4 years old,suv,DIESEL,manual,GREY,15250,25282,0.8806928511,8
DA21ZNZ,VOLKSWAGEN,TIGUAN,3-4 years old,suv,PETROL,semiAutomatic,WHITE,24200,26509,0.7643419923,8
DN71HRO,FORD,KUGA,3-4 years old,suv,PETROLPLUGINELECTRICHYBRID,automatic,GREY,19850,28982,0.7191159518,8
NJ21OWK,AUDI,Q2,3-4 years old,suv,PETROL,manual,GREY,18500,21529,0.4582865883,8
VF21ETD,HYUNDAI,I30,3-4 years old,hatchback,PETROL,manual,GREY,13050,18083,0.6329835738,5
LS23RGZ,VOLVO,XC40,0-2 years old,suv,ELECTRIC,automatic,SILVER,22600,21390,0.6036532707,8
NL20UHV,VOLKSWAGEN,POLO,5-6 years old,hatchback,PETROL,manual,GREY,13250,37607,0.7191443889,5
YN21JUO,FIAT,500,3-4 years old,hatchback,PETROL,manual,BLACK,9000,39689,0.788512705,5
GV68UHF,KIA,SPORTAGE,5-6 years old,suv,PETROL,manual,GREY,12600,57448,0.6034813803,8
KY72LUW,AUDI,A3,0-2 years old,hatchback,PETROL,manual,BLACK,20470,16980,0.7773953858,5
BG21HGX,SEAT,LEON,3-4 years old,hatchback,PETROLPLUGINELECTRICHYBRID,semiAutomatic,RED,15900,21277,0.7402780933,5
DA69KVP,SEAT,ARONA,5-6 years old,suv,DIESEL,semiAutomatic,BLUE,11900,38328,0.68526361,8
VO21ZVP,VAUXHALL,CORSA,3-4 years old,hatchback,PETROL,manual,BLUE,12350,19488,0.5697411791,5
DL67KRK,RENAULT,KADJAR,7-8 years old,suv,DIESEL,manual,BLUE,9600,42605,0.5401616264,8
EX69XHB,FIAT,500,5-6 years old,hatchback,PETROL,manual,BLACK,9250,13894,0.7296316775,5
KR20XKD,SUZUKI,SWIFT,5-6 years old,hatchback,PETROL,manual,BLACK,10250,19169,0.7858621718,5
BL71ZYA,VOLVO,XC40,3-4 years old,suv,PETROLPLUGINELECTRICHYBRID,semiAutomatic,BLACK,19890,55034,0.8771427518,8
NL22LVB,KIA,EV6,3-4 years old,suv,ELECTRIC,automatic,WHITE,20100,42010,0.6582979616,8
AD71DDF,BMW,IX3,3-4 years old,suv,ELECTRIC,automatic,BLACK,23900,73703,0.4604073707,8
DX24YMZ,SEAT,ATECA,0-2 years old,suv,PETROL,manual,WHITE,20950,8253,0.612215839,8
VN18UVB,LAND ROVER,RANGE ROVER SPORT,7-8 years old,suv,PETROL,semiAutomatic,BLACK,30770,34711,0.4087112809,8
GX69HPY,BMW,X2,5-6 years old,suv,PETROL,semiAutomatic,GREY,15050,71825,0.6436275435,8
PJ71VYG,VOLKSWAGEN,T-CROSS,3-4 years old,suv,PETROL,automatic,WHITE,17750,12185,0.5436547722,8
PF21WNT,BMW,X2,3-4 years old,suv,PETROL,semiAutomatic,BLUE,19300,25066,0.7427941655,8
RK71PUX,KIA,SPORTAGE,3-4 years old,suv,DIESEL,manual,RED,14500,38546,0.8806928511,8
DG20UVD,MG,MG3,5-6 years old,hatchback,PETROL,manual,RED,9690,14125,0.7982490024,5
OU69OKL,SUZUKI,SWIFT,5-6 years old,hatchback,PETROL,manual,SILVER,9150,40835,0.5540315719,5
ML21VND,PEUGEOT,3008,3-4 years old,suv,PETROL,semiAutomatic,GREY,16650,40745,0.5785007542,8
YK21XBT,LAND ROVER,RANGE ROVER EVOQUE,3-4 years old,suv,DIESEL,manual,RED,19010,34418,0.8512431646,8
VN72EYY,AUDI,Q5,0-2 years old,suv,PETROL,semiAutomatic,GREY,31350,26896,0.463400133,8
NA22MPO,NISSAN,LEAF,3-4 years old,hatchback,ELECTRIC,automatic,BLACK,10880,13471,0.7157433916,5
ML71DWW,FORD,FOCUS,3-4 years old,hatchback,DIESEL,manual,BLUE,12550,41945,0.8335944075,5
WF17XNZ,MERCEDES-BENZ,A-CLASS,7-8 years old,hatchback,DIESEL,manual,SILVER,12500,37891,0.6259033558,5
FL23NWB,MG,ZS,0-2 years old,suv,PETROL,manual,RED,14400,22479,0.5602442329,8
LP21KVK,PEUGEOT,E-208,3-4 years old,hatchback,ELECTRIC,automatic,RED,11600,30180,0.6425736106,5
HV67XZC,FORD,FIESTA,7-8 years old,hatchback,PETROL,manual,RED,8750,34563,0.7436463026,5
SD22KXF,NISSAN,QASHQAI,3-4 years old,suv,PETROL,manual,GREY,14500,42653,0.8094125198,8
DN22ZSR,TOYOTA,RAV4,0-2 years old,suv,PETROLELECTRICHYBRID,automatic,SILVER,22400,51598,0.8627539202,8
LB20FKV,JAGUAR,I-PACE,5-6 years old,suv,ELECTRIC,automatic,BLACK,18800,37359,0.6589271723,8
NA22JVL,PEUGEOT,3008,3-4 years old,suv,DIESEL,manual,BLUE,17100,28670,0.6928803204,8
GT13MOR,VOLKSWAGEN,POLO,5-6 years old,hatchback,PETROL,semiAutomatic,WHITE,15000,59810,0.8143117109,5
GJ68LCY,VAUXHALL,CORSA,5-6 years old,hatchback,PETROL,manual,GREY,8100,27056,0.7098073877,5
LO69WJK,VOLKSWAGEN,TIGUAN ALLSPACE,5-6 years old,suv,DIESEL,manual,GREY,20400,30925,0.6002011753,8
MA71VHH,PEUGEOT,E-208,3-4 years old,hatchback,ELECTRIC,automatic,YELLOW,9400,75995,0.6425736106,5
YT22DZP,KIA,XCEED,3-4 years old,hatchback,PETROL,manual,BRONZE,13840,46544,0.7382612584,5
NL22MDF,KIA,EV6,3-4 years old,suv,ELECTRIC,automatic,BLACK,17150,69219,0.6582979616,8
YT20TSZ,RENAULT,CAPTUR,5-6 years old,suv,PETROL,manual,SILVER,12150,20503,0.3767577822,8
VN22LZF,VOLKSWAGEN,GOLF,3-4 years old,hatchback,DIESEL,semiAutomatic,GREY,25900,28270,0.8416905094,5
YF22SOH,VOLKSWAGEN,POLO,3-4 years old,hatchback,PETROL,manual,GREY,16250,21102,0.6503199879,5
LR22YGY,VOLKSWAGEN,ID.4,3-4 years old,suv,ELECTRIC,automatic,GREY,14750,58713,0.7671850243,8
WK22YMH,NISSAN,QASHQAI,3-4 years old,suv,PETROL,manual,BLUE,17900,14684,0.5936675252,8
LD70DTK,MG,ZS,3-4 years old,suv,PETROL,manual,ORANGE,11140,27432,0.6459010545,8
WD19JYE,VOLKSWAGEN,T-CROSS,5-6 years old,suv,PETROL,manual,WHITE,13250,62535,0.2432893401,8
RO21AOR,AUDI,A3,3-4 years old,hatchback,PETROL,manual,BLACK,17750,44333,0.7634919688,5
HN67DVR,RENAULT,CLIO,7-8 years old,hatchback,DIESEL,manual,BLACK,8500,43066,0.5738725323,5
YB67LCY,BMW,X4,7-8 years old,suv,DIESEL,semiAutomatic,SILVER,16850,79937,0.4140152466,8
RJ69AWF,MERCEDES-BENZ,GLA,5-6 years old,suv,PETROL,semiAutomatic,BLACK,16400,46031,0.8837837297,8
BK19YLD,MERCEDES-BENZ,SLC,5-6 years old,convertible,PETROL,semiAutomatic,BLACK,18750,31675,0.6862910526,4
VA71JWG,VAUXHALL,CORSA,3-4 years old,hatchback,PETROL,manual,GREY,10550,25420,0.8135150837,5
YH68PWC,SKODA,CITIGO,5-6 years old,hatchback,PETROL,manual,BLUE,8150,26346,0.6582008507,5
LG21VFX,SUZUKI,SWIFT,3-4 years old,hatchback,PETROL,manual,BLUE,10150,44078,0.7216202494,5
MW21TTJ,VOLKSWAGEN,PASSAT,3-4 years old,estate,PETROLPLUGINELECTRICHYBRID,semiAutomatic,BLACK,18000,39487,0.9241313152,7
P33EPH,VAUXHALL,GRANDLAND X,3-4 years old,suv,PETROL,manual,BLACK,14460,10724,0.6069233549,8
CY19VMP,FIAT,TIPO,5-6 years old,hatchback,PETROL,manual,WHITE,10150,21660,0.6359136424,5
CV22UWT,PEUGEOT,3008,3-4 years old,suv,DIESEL,manual,BLACK,16950,13654,0.7587908727,8
GL70LWO,FORD,FOCUS,3-4 years old,hatchback,PETROL,manual,RED,13100,37130,0.6426382533,5
NA22HZU,NISSAN,LEAF,3-4 years old,hatchback,ELECTRIC,automatic,BLACK,10100,21055,0.7157433916,5
SJ71KBV,DACIA,SANDERO STEPWAY,3-4 years old,hatchback,PETROL,manual,BLUE,11350,20399,0.5911685495,5
LV22VLC,VAUXHALL,CROSSLAND,3-4 years old,suv,PETROL,manual,ORANGE,13750,15481,0.4764991386,8
LS20PDV,KIA,E-NIRO,3-4 years old,suv,ELECTRIC,automatic,BLACK,14200,30048,0.6028467661,8
DU72SYJ,VAUXHALL,GRANDLAND,0-2 years old,suv,PETROL,manual,BLACK,16590,21716,0.3233134913,8
MW21YJG,KIA,SPORTAGE,3-4 years old,suv,PETROL,manual,RED,14000,47187,0.7557033912,8
GX71LGJ,BMW,X3,3-4 years old,suv,PETROLPLUGINELECTRICHYBRID,semiAutomatic,BLACK,25900,52314,0.5753868408,8
ML22CZU,TOYOTA,RAV4,3-4 years old,suv,PETROLELECTRICHYBRID,automatic,BLACK,28800,31340,0.4338758709,8
WP73HZH,VOLVO,XC40,0-2 years old,suv,PETROL,semiAutomatic,BLACK,29100,23682,0.4425016321,8
YS70KTF,AUDI,A3,3-4 years old,hatchback,PETROL,semiAutomatic,WHITE,19500,39539,0.8396040997,5
BJ74KVP,NISSAN,QASHQAI,0-2 years old,suv,PETROL,manual,SILVER,21400,8474,0.5245041939,8
WP69ZKE,AUDI,A3,5-6 years old,saloon,PETROL,semiAutomatic,BLACK,15000,46779,0.6176119875,5
WN22KGV,AUDI,A3,3-4 years old,hatchback,PETROL,manual,WHITE,17530,22648,0.8145324178,5
DA21RYV,VOLKSWAGEN,TIGUAN,3-4 years old,suv,PETROL,semiAutomatic,BLACK,22850,30632,0.7643419923,8
KJ18KKN,SEAT,ARONA,7-8 years old,suv,PETROL,manual,RED,11050,39669,0.6580263962,8
HX68ZNY,CITROEN,C3 AIRCROSS,5-6 years old,suv,PETROL,manual,GREY,8250,38876,0.5963969609,8
GK70KMM,SKODA,OCTAVIA,3-4 years old,estate,PETROL,manual,BLACK,16500,37997,0.3696789663,7
YC21LGN,KIA,PICANTO,3-4 years old,hatchback,PETROL,manual,WHITE,12400,29314,0.6868807253,5
LD21DRZ,CITROEN,C3,3-4 years old,hatchback,PETROL,manual,GREY,10900,20999,0.7580797784,5
MD21XXV,VOLKSWAGEN,TIGUAN,3-4 years old,suv,PETROL,semiAutomatic,BLACK,22900,37481,0.7643419923,8
YB19OPE,SKODA,CITIGO,5-6 years old,hatchback,PETROL,manual,WHITE,7950,30730,0.4749915886,5
CY18OUV,TOYOTA,AYGO,7-8 years old,hatchback,PETROL,semiAutomatic,PURPLE,11200,19479,0.6709380609,5
OY71KYH,SKODA,KAROQ,3-4 years old,suv,PETROL,automatic,BLUE,16450,57209,0.7017805531,8
YN18RMZ,NISSAN,MICRA,7-8 years old,hatchback,PETROL,manual,WHITE,8350,33942,0.642274767,5
YS68LTF,AUDI,A5,5-6 years old,coupe,DIESEL,semiAutomatic,WHITE,16100,52110,0.7880768423,4
SW17URO,AUDI,Q5,7-8 years old,suv,PETROL,semiAutomatic,SILVER,17400,66573,0.6217010803,8
BG22XSC,KIA,SPORTAGE,3-4 years old,suv,PETROLELECTRICHYBRID,automatic,RED,22300,31586,0.8344546325,8
AE69MUU,JAGUAR,I-PACE,5-6 years old,suv,ELECTRIC,automatic,BLUE,13900,63626,0.6562114221,8
LM71ZLY,AUDI,Q2,3-4 years old,suv,PETROL,semiAutomatic,WHITE,21250,28505,0.5770986399,8
FT22BWV,NISSAN,LEAF,0-2 years old,hatchback,ELECTRIC,automatic,BLACK,9600,36482,0.4327252831,5
LD68FPU,VAUXHALL,CROSSLAND X,5-6 years old,suv,PETROL,semiAutomatic,WHITE,9300,55528,0.5048754907,8
YC22BTE,BMW,X1,3-4 years old,suv,DIESEL,semiAutomatic,ORANGE,21180,38870,0.8543611753,8
YJ22WSZ,FIAT,500E,3-4 years old,hatchback,ELECTRIC,automatic,WHITE,11650,14385,0.7940806141,5
YC22UOY,FORD,PUMA,3-4 years old,suv,PETROL,manual,WHITE,16300,19820,0.7128731303,8
MX73WKP,MAZDA,CX-30,0-2 years old,suv,PETROL,automatic,BLUE,22900,11959,0.4187904236,8
EF19KLJ,HYUNDAI,I10,5-6 years old,hatchback,PETROL,manual,RED,8500,27836,0.667006545,5
BT21VTJ,SEAT,MII,3-4 years old,hatchback,ELECTRIC,automatic,BLUE,9500,29516,0.710498316,5
RJ71XOU,AUDI,A3,3-4 years old,saloon,PETROL,semiAutomatic,BLUE,21000,21859,0.8197059527,5
SK70FJJ,SKODA,SUPERB,3-4 years old,estate,PETROLPLUGINELECTRICHYBRID,semiAutomatic,SILVER,14400,65406,0.8548276569,7
WR23LSC,NISSAN,JUKE,0-2 years old,suv,PETROL,manual,SILVER,11940,32834,0.6576663151,8
MJ22XDF,FORD,KUGA,3-4 years old,suv,PETROL,manual,GREY,16900,66396,0.7054369592,8
FD20SFX,VOLKSWAGEN,T-ROC,5-6 years old,suv,PETROL,semiAutomatic,BLUE,16900,30109,0.6792670533,8
ND22VKO,MINI,HATCHBACK,3-4 years old,hatchback,ELECTRIC,automatic,SILVER,11800,23707,0.9581766853,5
BL71JJY,VOLKSWAGEN,POLO,3-4 years old,hatchback,PETROL,manual,BLACK,14900,32380,0.480142211,5
BV71OMJ,NISSAN,QASHQAI,3-4 years old,suv,PETROL,semiAutomatic,RED,19950,37940,0.531700793,8
DA68HKP,PEUGEOT,5008,5-6 years old,suv,PETROL,manual,WHITE,15700,54274,0.5695552724,8
RJ22SOE,VOLKSWAGEN,PASSAT,3-4 years old,estate,PETROLPLUGINELECTRICHYBRID,semiAutomatic,GREY,18050,44309,0.9241313152,7
HY70GHU,SEAT,ARONA,3-4 years old,suv,PETROL,manual,BLACK,11800,29385,0.7867568238,8
FP18VPR,FORD,FIESTA,7-8 years old,hatchback,PETROL,manual,GREY,8650,66181,0.7717193289,5
SV18ACP,AUDI,Q3,7-8 years old,suv,PETROL,semiAutomatic,RED,17320,53089,0.3541266432,8
CT21FOU,AUDI,A3,3-4 years old,hatchback,PETROL,manual,BLACK,14200,62543,0.8952300327,5
PO69XAC,LAND ROVER,DISCOVERY SPORT,5-6 years old,suv,DIESEL,automatic,BLACK,20050,48150,0.5845387543,8
LD72XEY,MG,HS,0-2 years old,suv,PETROLPLUGINELECTRICHYBRID,automatic,WHITE,15390,37557,0.7039011795,8
WE08ALE,VAUXHALL,MOKKA X,7-8 years old,suv,PETROL,semiAutomatic,BLUE,11000,36929,0.6231937251,8
GY20KKG,VOLKSWAGEN,TIGUAN,5-6 years old,suv,PETROL,semiAutomatic,GREY,20750,40976,0.5448946115,8
VK22LYY,VAUXHALL,CORSA,3-4 years old,hatchback,PETROL,manual,BLUE,11280,13152,0.8135150837,5
WG21ZNB,VOLVO,XC60,3-4 years old,suv,PETROLPLUGINELECTRICHYBRID,semiAutomatic,GREY,26100,46904,0.6437409004,8
DA68CHH,AUDI,A3,5-6 years old,hatchback,PETROL,manual,WHITE,14150,41782,0.6000250087,5
EN19YFA,VOLKSWAGEN,POLO,5-6 years old,hatchback,PETROL,semiAutomatic,WHITE,15800,42514,0.8143117109,5
DE72JYU,KIA,NIRO EV,0-2 years old,suv,ELECTRIC,automatic,WHITE,22450,5476,0.4570004829,8
WM23EEF,NISSAN,JUKE,0-2 years old,suv,PETROL,manual,SILVER,11900,37647,0.6576663151,8
YY23ZBE,VOLVO,XC40,0-2 years old,suv,ELECTRIC,automatic,BLACK,25400,28810,0.4396102944,8
RO71VDM,AUDI,Q4 E-TRON,3-4 years old,suv,ELECTRIC,automatic,BLUE,17840,70264,0.6872657568,8
WN22UEP,FORD,PUMA,3-4 years old,suv,PETROL,semiAutomatic,GREY,18350,21190,0.5329472184,8
EF68TGE,CITROEN,C5 AIRCROSS,5-6 years old,suv,DIESEL,semiAutomatic,WHITE,12650,71633,0.605592792,8
AU18OUM,VAUXHALL,CORSA,7-8 years old,hatchback,PETROL,manual,WHITE,8380,39088,0.6488049094,5
RA70BKZ,LAND ROVER,DISCOVERY SPORT,3-4 years old,suv,DIESEL,automatic,RED,22690,60206,0.6501471311,8
VN22YMG,VOLKSWAGEN,GOLF,3-4 years old,hatchback,PETROL,manual,GREY,15890,20966,0.7393450786,5
FV72CCU,AUDI,A3,0-2 years old,hatchback,PETROL,manual,GREY,19410,28672,0.7773953858,5
RV71OMP,MERCEDES-BENZ,GLC,3-4 years old,suv,PETROL,semiAutomatic,BLACK,28900,43226,0.6898663968,8
VX18TVV,VOLVO,S90,7-8 years old,saloon,DIESEL,semiAutomatic,GREY,15400,61443,0.5742494321,5
DU66XSV,VAUXHALL,CORSA,7-8 years old,hatchback,PETROL,manual,GREY,8850,20024,0.4672340443,5
SG70WCJ,VAUXHALL,CORSA,3-4 years old,hatchback,PETROL,manual,GREY,11250,26646,0.782442271,5
FV21VCN,PEUGEOT,E-2008,3-4 years old,suv,ELECTRIC,automatic,ORANGE,11700,40984,0.7751108846,8
KJ19CZH,FORD,ECOSPORT,5-6 years old,suv,PETROL,manual,BLUE,10950,17320,0.5868002265,8
CV69CEX,FORD,FIESTA,5-6 years old,hatchback,PETROL,manual,SILVER,11500,19162,0.7717193289,5
CX20MTF,TOYOTA,YARIS,5-6 years old,hatchback,PETROLELECTRICHYBRID,automatic,RED,13390,20475,0.544588077,5
DU69ZKG,VAUXHALL,CROSSLAND X,5-6 years old,suv,PETROL,manual,BLUE,10500,18732,0.7028270419,8
NJ21LSZ,AUDI,A3,3-4 years old,hatchback,PETROLPLUGINELECTRICHYBRID,semiAutomatic,BLACK,18200,23574,0.7859101408,5
YB19LPF,NISSAN,QASHQAI,5-6 years old,suv,PETROL,manual,BLACK,13950,16930,0.6906523884,8
EO72WXZ,VAUXHALL,CROSSLAND,0-2 years old,suv,PETROL,manual,BLUE,13840,18542,0.4229474515,8
MJ22ZGT,HYUNDAI,KONA,3-4 years old,suv,PETROLELECTRICHYBRID,automatic,BLACK,16900,24709,0.6718348637,8
EX70FAA,CITROEN,C3,3-4 years old,hatchback,PETROL,semiAutomatic,WHITE,11000,59499,0.7362557733,5
VK21CFL,VAUXHALL,CORSA,3-4 years old,hatchback,PETROL,manual,BLUE,9900,51817,0.7807076729,5
NU71WRE,VOLKSWAGEN,POLO,3-4 years old,hatchback,PETROL,manual,WHITE,14100,40092,0.480142211,5
WM70KUK,BMW,2 SERIES GRAN COUPE,3-4 years old,saloon,PETROL,semiAutomatic,BLUE,21500,17102,0.8931336541,5
DP22FVH,VAUXHALL,CORSA,0-2 years old,hatchback,PETROL,manual,ORANGE,10900,22422,0.7528453117,5
YM19LWZ,NISSAN,JUKE,5-6 years old,suv,PETROL,manual,WHITE,9800,47519,0.7880729981,8
GV19ARX,MERCEDES-BENZ,A-CLASS,5-6 years old,hatchback,PETROL,semiAutomatic,GREY,15900,48580,0.6031756605,5
AG19HJV,VOLKSWAGEN,T-ROC,5-6 years old,suv,PETROL,manual,WHITE,20050,22446,0.6476563005,8
YD67EVX,RENAULT,CLIO,7-8 years old,hatchback,PETROL,manual,BLUE,8300,39881,0.6457279516,5
LB73EWG,FORD,KUGA,0-2 years old,suv,PETROL,manual,BLUE,20400,15620,0.6192967167,8
NL69TRX,MINI,HATCHBACK,5-6 years old,hatchback,PETROL,manual,BLACK,14500,27542,0.6546826645,5
MF67VKG,BMW,2 SERIES,7-8 years old,coupe,PETROL,manual,BLACK,12050,43004,0.8613090664,4
SG18XXY,AUDI,Q2,7-8 years old,suv,PETROL,semiAutomatic,WHITE,16400,37126,0.7759086426,8
SP67VMY,RENAULT,CAPTUR,7-8 years old,suv,DIESEL,manual,BLUE,8300,47466,0.538946687,8
AU18WUC,RENAULT,GRAND SCENIC,7-8 years old,mpv,DIESEL,automatic,BLUE,14900,49716,0.5274199905,8
DY72XXS,TOYOTA,YARIS,0-2 years old,hatchback,PETROLELECTRICHYBRID,automatic,SILVER,15900,4232,0.6770300573,5
WM21YBT,VOLKSWAGEN,TOUAREG,3-4 years old,suv,PETROL,semiAutomatic,WHITE,38850,24117,0.6404648372,8
DS69PFE,VAUXHALL,CORSA,5-6 years old,hatchback,PETROL,manual,GREY,9800,41198,0.782442271,5
BG20XKC,BMW,1 SERIES,3-4 years old,hatchback,PETROL,semiAutomatic,BLACK,17500,42703,0.7969495724,5
WU23MDE,VOLKSWAGEN,ID.3,0-2 years old,hatchback,ELECTRIC,automatic,GREY,15850,11573,0.8690071182,5
BG21LZT,RENAULT,CAPTUR,3-4 years old,suv,PETROL,manual,RED,11600,40195,0.6089738521,8
BP71MTO,PEUGEOT,2008,3-4 years old,suv,PETROL,manual,BLUE,15500,31285,0.6867148172,8
LK72HPX,BMW,5 SERIES,0-2 years old,saloon,DIESEL,semiAutomatic,WHITE,29400,27586,0.317579875,5
UGZ3084,CITROEN,C3,3-4 years old,hatchback,PETROL,manual,WHITE,10600,21120,0.5404020589,5
KP20JVL,KIA,NIRO,5-6 years old,suv,PETROLELECTRICHYBRID,automatic,BLUE,16650,21224,0.7738137936,8
BG21CUX,FORD,KUGA,3-4 years old,suv,DIESEL,manual,BLUE,16150,15068,0.6948635009,8
LO70NCV,MERCEDES-BENZ,C-CLASS,3-4 years old,estate,DIESELPLUGINELECTRICHYBRID,semiAutomatic,SILVER,17400,45969,0.7755301237,7
SH21XXB,FORD,ECOSPORT,3-4 years old,suv,PETROL,manual,BLUE,11400,32000,0.5574629815,8
RF21YJO,VOLKSWAGEN,T-ROC,3-4 years old,suv,PETROL,semiAutomatic,SILVER,20800,35682,0.7672516598,8
KT68MKM,MERCEDES-BENZ,A-CLASS,5-6 years old,hatchback,PETROL,semiAutomatic,BLACK,16450,52381,0.5949631221,5
HK22GPU,VOLKSWAGEN,TIGUAN,3-4 years old,suv,PETROL,manual,GREY,18900,27523,0.7147608182,8
EY21MUV,MG,MG3,3-4 years old,hatchback,PETROL,manual,YELLOW,9800,17464,0.7982490024,5
CA72AWH,CITROEN,C3 AIRCROSS,0-2 years old,suv,PETROL,manual,WHITE,13800,17838,0.6760938951,8
DY21FWO,VAUXHALL,CORSA,3-4 years old,hatchback,PETROL,manual,RED,11950,24147,0.7160218683,5
GU69VJO,SMART,FORTWO COUPE,5-6 years old,coupe,ELECTRIC,automatic,WHITE,7350,38537,0.4691643201,4
LR21XFH,MERCEDES-BENZ,CLA,3-4 years old,coupe,PETROL,semiAutomatic,WHITE,23050,48425,0.940422595,4
VE71GHA,VOLKSWAGEN,GOLF,3-4 years old,hatchback,PETROL,manual,GREY,16880,42880,0.7915427755,5
FT68AZZ,MERCEDES-BENZ,GLC,5-6 years old,suv,PETROL,semiAutomatic,GREY,21050,61321,0.7168286744,8
YK17GFB,SEAT,LEON,7-8 years old,hatchback,PETROL,manual,GREY,9050,52891,0.8052248936,5
LD20UAP,MINI,HATCHBACK,5-6 years old,hatchback,PETROL,semiAutomatic,BLUE,15000,47292,0.8393760892,5
MA21FWP,CITROEN,C3,3-4 years old,hatchback,PETROL,manual,RED,10750,19297,0.6590438491,5
WF22JHX,FORD,ECOSPORT,3-4 years old,suv,PETROL,manual,WHITE,13350,15543,0.5868002265,8
KY19YMK,VAUXHALL,MOKKA X,5-6 years old,suv,PETROL,manual,SILVER,10250,40358,0.7158333313,8
HW22JUV,HYUNDAI,KONA,3-4 years old,suv,PETROLELECTRICHYBRID,automatic,BLACK,17490,30000,0.5904022029,8
RE20XZB,MERCEDES-BENZ,GLC COUPE,3-4 years old,suv,DIESEL,semiAutomatic,BLACK,26900,52510,0.5425696903,8
AK22TRZ,PEUGEOT,2008,3-4 years old,suv,PETROL,manual,BLACK,15100,17970,0.6407047777,8
WM19VCE,SEAT,IBIZA,5-6 years old,hatchback,PETROL,semiAutomatic,ORANGE,12250,44899,0.5682215233,5
YS70LWO,FORD,FIESTA,3-4 years old,hatchback,PETROL,manual,SILVER,12100,27528,0.6445669954,5
SD69BYF,VAUXHALL,CORSA,5-6 years old,hatchback,PETROL,manual,BLUE,9000,34059,0.7606693874,5
SA21HBH,BMW,1 SERIES,3-4 years old,hatchback,PETROL,semiAutomatic,BLUE,20900,30915,0.787349322,5
WN72VXV,RENAULT,ARKANA,0-2 years old,suv,PETROL,semiAutomatic,BLACK,18060,18296,0.494019793,8
KP23CNO,VOLKSWAGEN,POLO,0-2 years old,hatchback,PETROL,manual,SILVER,14920,39595,0.480142211,5
PJ67WGK,FORD,FIESTA,7-8 years old,hatchback,PETROL,manual,GREY,9000,39451,0.5885436695,5
GU69FTE,CITROEN,C1,5-6 years old,hatchback,PETROL,manual,GREY,9450,15254,0.4646741613,5
HX71UTS,MERCEDES-BENZ,GLA,3-4 years old,suv,DIESEL,semiAutomatic,BLACK,26310,22943,0.5322218926,8
PE22WUR,BMW,3 SERIES,3-4 years old,estate,PETROLPLUGINELECTRICHYBRID,semiAutomatic,BLUE,19500,75077,0.8631232066,7
WN70XNS,VAUXHALL,CORSA,3-4 years old,hatchback,PETROL,manual,RED,9750,22347,0.7692563879,5
SJ19DKR,DACIA,DUSTER,5-6 years old,suv,DIESEL,manual,SILVER,9200,41413,0.5262314071,8
EK69LXG,FORD,FIESTA,5-6 years old,hatchback,PETROL,manual,GREY,7570,69036,0.7235787515,5
LG22PKZ,VOLVO,XC40,3-4 years old,suv,PETROLPLUGINELECTRICHYBRID,semiAutomatic,SILVER,19250,65778,0.8498033846,8
DA71WCT,VAUXHALL,CROSSLAND,3-4 years old,suv,PETROL,manual,BLUE,12260,25530,0.4420586415,8
VN70LLW,VOLKSWAGEN,T-ROC,3-4 years old,suv,PETROL,semiAutomatic,BLUE,18450,57091,0.7672516598,8
NJ17XUN,VOLKSWAGEN,GOLF,7-8 years old,hatchback,PETROL,manual,WHITE,11400,48931,0.5473977107,5
SM21PPZ,NISSAN,JUKE,3-4 years old,suv,PETROL,manual,GREY,14100,22545,0.5991086774,8
BV22ZWZ,SKODA,KAMIQ,3-4 years old,suv,PETROL,manual,BLUE,12310,20676,0.849756255,8
YS70KTL,AUDI,A3,3-4 years old,hatchback,PETROL,manual,GREY,14820,73342,0.7634919688,5
MK68OWE,PEUGEOT,2008,5-6 years old,suv,PETROL,manual,RED,7950,51362,0.77557618,8
FL22TVE,KIA,SPORTAGE,3-4 years old,suv,PETROL,automatic,RED,23100,28376,0.6634179819,8
GF21WGD,AUDI,A3,3-4 years old,hatchback,PETROL,semiAutomatic,BLUE,17350,69843,0.7321525072,5
WHZ3653,JAGUAR,XE,5-6 years old,saloon,DIESEL,automatic,RED,13050,52176,0.5497156538,5
HY70EWP,AUDI,A1,3-4 years old,hatchback,PETROL,manual,GREY,14750,43358,0.6386039068,5
LL22RXJ,AUDI,Q3,3-4 years old,suv,PETROL,manual,GREY,21400,19621,0.795270973,8
BD18ZZT,VOLKSWAGEN,GOLF,7-8 years old,hatchback,PETROL,semiAutomatic,GREY,17200,31166,0.5307561874,5
LM22DPF,MERCEDES-BENZ,A-CLASS,3-4 years old,hatchback,PETROL,semiAutomatic,BLUE,20890,19692,0.7140729351,5
LD21OOC,CITROEN,C3,3-4 years old,hatchback,PETROL,manual,WHITE,9000,52047,0.5404020589,5
DG70DZF,SEAT,ARONA,3-4 years old,suv,PETROL,manual,GREY,12350,29322,0.8268445213,8
DF70HZJ,SEAT,CUPRA ATECA,3-4 years old,suv,PETROL,semiAutomatic,RED,23600,29480,0.694228121,8
PX68ULT,KIA,SPORTAGE,5-6 years old,suv,DIESEL,automatic,RED,16000,59069,0.6052553298,8
MF20KKN,MINI,HATCHBACK,5-6 years old,hatchback,PETROL,semiAutomatic,GREY,16600,26878,0.5568990489,5
SG19VEL,VAUXHALL,MOKKA X,5-6 years old,suv,PETROL,manual,BLUE,9450,40588,0.7248686313,8
WV22XPL,MERCEDES-BENZ,A-CLASS,3-4 years old,saloon,PETROLPLUGINELECTRICHYBRID,semiAutomatic,GREY,16900,72950,0.2946876115,5
JR20AJR,LAND ROVER,RANGE ROVER EVOQUE,3-4 years old,suv,DIESEL,automatic,GREY,17400,51027,0.8286299263,8
HT73MTZ,MINI,HATCHBACK,0-2 years old,hatchback,ELECTRIC,automatic,SILVER,18400,6362,0.9269801223,5
DY69PYW,RENAULT,KADJAR,5-6 years old,suv,PETROL,manual,RED,11350,54577,0.6632452438,8
SK22VHC,KIA,XCEED,3-4 years old,hatchback,PETROL,manual,WHITE,11850,51508,0.8152067414,5
YM21LXF,AUDI,A3,3-4 years old,hatchback,PETROL,semiAutomatic,BLUE,20180,37656,0.7321525072,5
GJ71NVY,SEAT,IBIZA,3-4 years old,hatchback,PETROL,manual,BLUE,12900,38600,0.6890600777,5
CF22BHJ,DS,DS 3 CROSSBACK,3-4 years old,suv,DIESEL,manual,BLACK,13350,36417,0.7177903863,8
CV69HLM,HYUNDAI,TUCSON,5-6 years old,suv,PETROL,manual,BLUE,13350,33476,0.7231668933,8
FP68FAO,SEAT,LEON,5-6 years old,hatchback,PETROL,semiAutomatic,GREY,13650,42681,0.7631098964,5
DE21JUT,VOLKSWAGEN,T-ROC,3-4 years old,suv,PETROL,semiAutomatic,GREY,18900,36385,0.8008007235,8
YF22YXB,NISSAN,QASHQAI,3-4 years old,suv,PETROL,semiAutomatic,BLACK,17300,31109,0.7510294679,8
WG22AUJ,BMW,I3,3-4 years old,hatchback,ELECTRIC,automatic,BLUE,12300,57409,0.5560967655,5
KX20MGV,MINI,HATCHBACK,5-6 years old,hatchback,PETROL,semiAutomatic,RED,14450,22435,0.5795184043,5
EK21HKM,VOLKSWAGEN,TIGUAN,3-4 years old,suv,PETROL,manual,GREY,17810,20799,0.4129728557,8
KM70LCN,FORD,KUGA,3-4 years old,suv,DIESEL,manual,BLACK,15150,43772,0.3430045219,8
CN20ULM,FORD,PUMA,5-6 years old,suv,PETROL,manual,BLUE,15200,28925,0.2613159591,8
RE21WHT,VOLKSWAGEN,PASSAT,3-4 years old,estate,DIESEL,manual,GREY,13650,77672,0.8561034276,7
LM20WHP,BMW,X1,5-6 years old,suv,PETROL,semiAutomatic,BLUE,21400,28382,0.9156522029,8
WP73VTT,VOLKSWAGEN,T-ROC,0-2 years old,suv,PETROL,manual,BLUE,20000,7787,0.6500909557,8
CA22OVX,FORD,ECOSPORT,3-4 years old,suv,PETROL,manual,BLUE,12700,15374,0.6459626073,8
WA71ONM,MERCEDES-BENZ,CLS,3-4 years old,coupe,DIESEL,semiAutomatic,WHITE,26850,44428,0.3458686682,4
DA21WPF,SEAT,ATECA,3-4 years old,suv,PETROL,semiAutomatic,SILVER,16600,28143,0.7158785502,8
SA72KZV,VAUXHALL,CORSA,0-2 years old,hatchback,PETROL,manual,GREY,9600,45540,0.7528453117,5
RF21BHA,AUDI,A4 AVANT,3-4 years old,estate,PETROL,manual,BLACK,19550,58593,0.6364157858,7
HY73TPU,SKODA,KAMIQ,0-2 years old,suv,PETROL,semiAutomatic,BLACK,20650,9497,0.4386327952,8
OG61LLG,HONDA,JAZZ,3-4 years old,hatchback,PETROLELECTRICHYBRID,automatic,BLACK,17650,17918,0.4798260182,5
FE20LNP,TOYOTA,AYGO,5-6 years old,hatchback,PETROL,manual,RED,9650,24553,0.6334621188,5
YC71FZL,VOLVO,XC40,3-4 years old,suv,PETROL,manual,BLACK,18400,47408,0.9063092306,8
SM68YYF,VOLVO,XC60,5-6 years old,suv,PETROL,semiAutomatic,RED,22800,43773,0.7276913029,8
YP22NKX,KIA,PROCEED,3-4 years old,estate,PETROL,manual,BLUE,15480,34965,0.8284705971,7
SH22FSL,VOLVO,XC40,3-4 years old,suv,PETROL,semiAutomatic,BLACK,25900,27464,0.7489633359,8
WN70BFY,MERCEDES-BENZ,A-CLASS,3-4 years old,saloon,PETROLPLUGINELECTRICHYBRID,semiAutomatic,BLACK,18900,13745,0.8810789313,5
VN20KHG,VAUXHALL,CORSA-E,5-6 years old,hatchback,ELECTRIC,automatic,GREY,10000,27147,0.6633615316,5
DE19YCO,VOLKSWAGEN,GOLF,5-6 years old,estate,PETROL,semiAutomatic,BLACK,20900,54237,0.757803496,7
CX23XDL,SKODA,OCTAVIA,0-2 years old,estate,DIESEL,semiAutomatic,SILVER,21540,12438,0.6642198854,7
YS22LWY,FORD,MUSTANG MACH-E,3-4 years old,suv,ELECTRIC,automatic,RED,27900,13543,0.5818660357,8
SG19RHN,VAUXHALL,GRANDLAND X,5-6 years old,suv,DIESEL,manual,BLUE,9400,61527,0.6106414342,8
HJ70LAO,SKODA,KODIAQ,3-4 years old,suv,PETROL,automatic,GREY,20400,48809,0.9465426557,8
YS70LSY,FORD,FIESTA,3-4 years old,hatchback,PETROL,manual,WHITE,11850,34360,0.5933390919,5
ND22VLO,MINI,HATCHBACK,3-4 years old,hatchback,ELECTRIC,automatic,SILVER,12550,13352,0.9581766853,5
WM72EJO,TOYOTA,COROLLA TOURING SPORT,0-2 years old,estate,PETROLELECTRICHYBRID,automatic,BLACK,19900,24219,0.8388151748,7
LS72GGF,NISSAN,JUKE,0-2 years old,suv,PETROL,manual,RED,14200,21169,0.6673581562,8
W4PFC,MINI,HATCHBACK,5-6 years old,hatchback,PETROL,semiAutomatic,BLUE,17900,16375,0.6314325363,5
EK22UBJ,KIA,NIRO,3-4 years old,suv,PETROLELECTRICHYBRID,automatic,WHITE,15800,30927,0.8348416719,8
LC70VYZ,MG,MG3,3-4 years old,hatchback,PETROL,manual,WHITE,9550,21402,0.7982490024,5
EY18YUB,VAUXHALL,CORSA,7-8 years old,hatchback,PETROL,manual,GREY,9900,27038,0.3839706281,5
VK69YNU,FORD,S-MAX,5-6 years old,mpv,PETROL,manual,BLUE,19350,28433,0.5761232346,8
LJ24XXW,FORD,PUMA,0-2 years old,suv,PETROL,semiAutomatic,GREY,19250,22721,0.5714079223,8
FY72VCT,NISSAN,LEAF,0-2 years old,hatchback,ELECTRIC,automatic,GREY,11650,6000,0.4327252831,5
LP69DPZ,VOLKSWAGEN,TIGUAN,5-6 years old,suv,DIESEL,semiAutomatic,WHITE,20650,59180,0.8005109836,8
ML70BFO,BMW,1 SERIES,3-4 years old,hatchback,PETROL,manual,BLACK,12800,78962,0.9472810692,5
YG21WPE,LAND ROVER,DISCOVERY SPORT,3-4 years old,suv,DIESEL,automatic,BLUE,23280,54885,0.6360768835,8
DS67NCC,NISSAN,QASHQAI,7-8 years old,suv,DIESEL,automatic,BLACK,12300,44071,0.3569914507,8
BK70YFZ,VAUXHALL,ASTRA,3-4 years old,hatchback,PETROL,manual,BLACK,11550,25551,0.606853689,5
ND68LXH,BMW,X1,5-6 years old,suv,PETROL,semiAutomatic,WHITE,15000,52193,0.5977376253,8
YR22MSV,AUDI,E-TRON,3-4 years old,suv,ELECTRIC,automatic,GREY,23400,15448,0.8110123992,8
BJ22JZD,AUDI,A3,3-4 years old,hatchback,PETROL,semiAutomatic,BLACK,22100,33023,0.7321525072,5
LM22DJF,MERCEDES-BENZ,A-CLASS,3-4 years old,hatchback,PETROL,semiAutomatic,BLUE,20580,23091,0.7140729351,5
LS72XSY,PEUGEOT,3008,0-2 years old,suv,PETROL,semiAutomatic,GREY,18590,13371,0.396967067,8
WP21KGZ,BMW,3 SERIES,3-4 years old,saloon,PETROLPLUGINELECTRICHYBRID,semiAutomatic,GREY,18500,58046,0.8617465987,5
LP18NXK,TOYOTA,C-HR,7-8 years old,suv,PETROL,manual,GREY,14850,22325,0.5188020245,8
PK18WRT,SUZUKI,IGNIS,7-8 years old,suv,PETROL,manual,ORANGE,8700,37575,0.7025731597,8
BN70ZFS,HYUNDAI,IONIQ,3-4 years old,hatchback,ELECTRIC,automatic,GREY,11400,23682,0.5568975715,5
MW22VNU,NISSAN,QASHQAI,3-4 years old,suv,PETROL,manual,BLACK,16900,32719,0.5936675252,8
YL19TUJ,KIA,PICANTO,5-6 years old,hatchback,PETROL,manual,WHITE,7750,26790,0.6131985929,5
NG23TKD,VAUXHALL,GRANDLAND,0-2 years old,suv,PETROL,manual,RED,19600,6992,0.5208078061,8
BG71KXW,SEAT,LEON,3-4 years old,hatchback,PETROLPLUGINELECTRICHYBRID,semiAutomatic,WHITE,15400,28382,0.8209255814,5
CN18ZGH,CITROEN,C1,7-8 years old,hatchback,PETROL,manual,WHITE,6450,37967,0.2695266153,5
RV69XOA,FIAT,TIPO,5-6 years old,hatchback,PETROL,manual,WHITE,8100,29663,0.7015502925,5
BL70TCK,FORD,FOCUS,3-4 years old,hatchback,PETROL,manual,WHITE,10800,55501,0.7981126547,5
LE21GVU,VOLKSWAGEN,GOLF,3-4 years old,hatchback,PETROL,semiAutomatic,GREY,18900,7236,0.6376512429,5
MK22LUO,HYUNDAI,IONIQ,3-4 years old,hatchback,ELECTRIC,automatic,WHITE,12400,8696,0.6446326375,5
CA69HWG,VOLKSWAGEN,TIGUAN,5-6 years old,suv,PETROL,manual,WHITE,14650,57057,0.7473064952,8
FG21VGA,BMW,Z4,3-4 years old,convertible,PETROL,semiAutomatic,BLACK,22400,65760,0.730151631,4
MT17TSX,HYUNDAI,TUCSON,7-8 years old,suv,DIESEL,manual,BRONZE,11450,49381,0.5272058163,8
HJ22VFW,FORD,PUMA,3-4 years old,suv,PETROL,manual,BLUE,13660,58747,0.7128731303,8
ME21DFO,PEUGEOT,3008,3-4 years old,suv,PETROL,semiAutomatic,GREY,16800,45385,0.5785007542,8
ML73UNJ,MAZDA,MAZDA2,0-2 years old,hatchback,PETROL,manual,WHITE,12350,32554,0.4726354206,5
HV68NJU,PEUGEOT,108,5-6 years old,hatchback,PETROL,manual,BLUE,7900,11128,0.5864724967,5
SK71ACV,RENAULT,CLIO,3-4 years old,hatchback,PETROLELECTRICHYBRID,automatic,WHITE,12740,52064,0.7902282391,5
CA22FSK,AUDI,A3,3-4 years old,hatchback,PETROLPLUGINELECTRICHYBRID,semiAutomatic,BLACK,14900,77065,0.7859101408,5
RS64RLS,VOLKSWAGEN,POLO,0-2 years old,hatchback,PETROL,manual,WHITE,17250,22803,0.6503199879,5
VO69LMM,CITROEN,C1,5-6 years old,hatchback,PETROL,manual,BLACK,7800,21596,0.6660617281,5
WV22GCY,HYUNDAI,BAYON,3-4 years old,suv,PETROL,manual,SILVER,13200,32884,0.4212516506,8
EK71OAU,BMW,1 SERIES,3-4 years old,hatchback,PETROL,manual,GREY,17600,54236,0.7112376541,5
NU68XVE,TOYOTA,AYGO,5-6 years old,hatchback,PETROL,manual,PURPLE,10600,2961,0.5912468671,5
SB19OEG,KIA,PICANTO,5-6 years old,hatchback,PETROL,manual,WHITE,8300,15389,0.7156880317,5
AO67ZCK,KIA,PICANTO,7-8 years old,hatchback,PETROL,manual,BLACK,7800,44930,0.6118070059,5
DV23WVJ,NISSAN,JUKE,0-2 years old,suv,PETROL,manual,SILVER,13060,39041,0.6673581562,8
VU21TOJ,VOLKSWAGEN,PASSAT,3-4 years old,estate,PETROLPLUGINELECTRICHYBRID,semiAutomatic,GREY,16900,47285,0.9241313152,7
VA68HSF,AUDI,A1,5-6 years old,hatchback,PETROL,manual,BLACK,13850,40504,0.6386039068,5
YL68JKU,MINI,HATCHBACK,5-6 years old,hatchback,PETROL,semiAutomatic,SILVER,15900,31039,0.6436395648,5
YS23XEW,CUPRA,LEON,0-2 years old,estate,PETROLPLUGINELECTRICHYBRID,semiAutomatic,GREY,17900,69604,0.3274357167,7
FP21JXK,FORD,FOCUS,3-4 years old,estate,DIESEL,manual,GREY,11800,67915,0.7264127941,7
CK18OLC,FORD,KUGA,7-8 years old,suv,PETROL,automatic,BLACK,9700,70762,0.5057662546,8
RY23KNP,FORD,FIESTA,0-2 years old,hatchback,PETROL,manual,RED,18550,22981,0.7452628734,5
EA69OCE,FORD,FIESTA,5-6 years old,hatchback,PETROL,manual,WHITE,10200,30950,0.5885436695,5
BG22GOP,FORD,ECOSPORT,3-4 years old,suv,PETROL,manual,WHITE,12200,43354,0.5343984288,8
FD22SJU,KIA,SPORTAGE,3-4 years old,suv,PETROL,manual,RED,23350,11609,0.6897363487,8
DY70MYG,VAUXHALL,CORSA,3-4 years old,hatchback,PETROL,manual,GREY,9540,47152,0.525761707,5
YR22ZZS,AUDI,Q3,3-4 years old,suv,PETROL,semiAutomatic,BLUE,24800,35263,0.3266287705,8
PX68UHY,HYUNDAI,TUCSON,5-6 years old,suv,PETROL,manual,SILVER,12550,36213,0.5712612265,8
YE22GYC,AUDI,A3,3-4 years old,hatchback,DIESEL,semiAutomatic,WHITE,21390,44574,0.7381419222,5
VA71JVN,VAUXHALL,CORSA,3-4 years old,hatchback,PETROL,manual,GREY,9950,35135,0.8135150837,5
YS70LSX,FORD,FIESTA,3-4 years old,hatchback,PETROL,manual,BLUE,13100,14901,0.5933390919,5
YP22XBM,VOLVO,C40,3-4 years old,suv,ELECTRIC,automatic,BLUE,26900,20697,0.4199865265,8
CF21RXK,NISSAN,MICRA,3-4 years old,hatchback,PETROL,automatic,RED,12900,19986,0.4151555622,5
SG68YJY,SEAT,LEON,5-6 years old,hatchback,PETROL,manual,BLUE,10200,72220,0.7822030059,5
WH21FHP,PEUGEOT,3008,3-4 years old,suv,DIESEL,manual,RED,12900,73587,0.6928803204,8
GU18NDD,MERCEDES-BENZ,GLA,7-8 years old,suv,DIESEL,semiAutomatic,GREY,18200,36780,0.89256995,8
DY22VNB,HYUNDAI,TUCSON,3-4 years old,suv,PETROL,semiAutomatic,BLACK,22950,19889,0.6650397692,8
MK22AXR,AUDI,Q2,3-4 years old,suv,PETROL,semiAutomatic,BLACK,18700,62360,0.5770986399,8
VK22LXB,VAUXHALL,CORSA,3-4 years old,hatchback,PETROL,manual,GREY,11000,15720,0.8135150837,5
YK68CTE,MINI,HATCHBACK,5-6 years old,hatchback,PETROL,manual,BLUE,9000,78357,0.3894288417,5
CE68UFH,RENAULT,CAPTUR,5-6 years old,suv,PETROL,manual,RED,8250,47200,0.4312015197,8
HK69ZTM,MINI,HATCHBACK,5-6 years old,hatchback,PETROL,semiAutomatic,GREY,13550,28051,0.661864089,5
MW71EZS,TOYOTA,RAV4,3-4 years old,suv,PETROLELECTRICHYBRID,automatic,BLUE,23900,34776,0.8627539202,8
RF69ELW,VOLKSWAGEN,GOLF,5-6 years old,hatchback,DIESEL,semiAutomatic,RED,16500,32343,0.7553821602,5
A19UPP,MAZDA,MX-5,3-4 years old,convertible,PETROL,manual,BLUE,21200,10246,0.3891559972,4
BP18NBG,KIA,SPORTAGE,7-8 years old,suv,DIESEL,manual,GREY,11650,45970,0.6935954723,8
VA19HFR,VAUXHALL,MOKKA X,5-6 years old,suv,PETROL,manual,ORANGE,9800,38293,0.614980334,8
KS21BVW,VAUXHALL,INSIGNIA GRAND SPORT,3-4 years old,hatchback,DIESEL,manual,WHITE,9350,77946,0.7982391553,5
VE21FWG,VOLKSWAGEN,T-ROC,3-4 years old,suv,PETROL,manual,GREY,15600,29984,0.8468896794,8
DF70OGN,VOLVO,XC60,3-4 years old,suv,PETROL,semiAutomatic,GOLD,26500,18990,0.8445190649,8
YD68VWS,BMW,4 SERIES GRAN COUPE,5-6 years old,hatchback,PETROL,semiAutomatic,GREY,18300,33663,0.5646107718,5
EO71KJJ,BMW,I3,3-4 years old,hatchback,ELECTRIC,automatic,BLUE,13650,22714,0.6994076176,5
PY22CWM,HYUNDAI,KONA,3-4 years old,suv,PETROL,manual,BLUE,15200,20453,0.5253258003,8
NG23FUM,DACIA,SANDERO STEPWAY,0-2 years old,hatchback,PETROL,manual,BLUE,11500,21137,0.489454117,5
GU22YHG,BMW,1 SERIES,3-4 years old,hatchback,PETROL,semiAutomatic,BLACK,21850,25392,0.8090128825,5
SA71BOV,KIA,RIO,3-4 years old,hatchback,PETROL,manual,BLACK,10900,22824,0.7260136993,5
DU22YXA,VOLVO,XC60,3-4 years old,suv,PETROL,semiAutomatic,BLACK,24130,52084,0.6697004235,8
LE71NSF,BMW,5 SERIES,3-4 years old,saloon,DIESEL,semiAutomatic,BLACK,24550,49157,0.8221677605,5
GD71ADO,PEUGEOT,3008,3-4 years old,suv,PETROL,semiAutomatic,BLUE,17720,34114,0.5785007542,8
RK21UXF,TOYOTA,AYGO,3-4 years old,hatchback,PETROL,manual,RED,8750,35794,0.7913055387,5
SA68CUV,KIA,PICANTO,5-6 years old,hatchback,PETROL,manual,BLACK,8950,14844,0.7156880317,5
EO70KVL,TOYOTA,C-HR,3-4 years old,suv,PETROLELECTRICHYBRID,automatic,BLUE,18390,14356,0.6514316148,8
SY73VLM,RENAULT,CAPTUR,0-2 years old,suv,PETROLELECTRICHYBRID,automatic,RED,16890,21293,0.6142143569,8
YR18RHF,VAUXHALL,CORSA,7-8 years old,hatchback,PETROL,manual,RED,7900,22660,0.8133797227,5
LM15AJM,MINI,HATCHBACK,5-6 years old,hatchback,PETROL,manual,GREY,10880,45615,0.7450078719,5
YC19XVA,MAZDA,CX-3,5-6 years old,suv,PETROL,automatic,BLUE,16250,17708,0.6441832429,8
MF19YJW,TOYOTA,AYGO,5-6 years old,hatchback,PETROL,manual,BLACK,10200,17357,0.6266606252,5
DN72JTY,VAUXHALL,MOKKA,0-2 years old,suv,PETROL,manual,GREY,14750,28486,0.4881942021,8
MT70FZO,SKODA,KAROQ,3-4 years old,suv,PETROL,manual,SILVER,14300,40258,0.7046899802,8
ND18OMY,LAND ROVER,RANGE ROVER SPORT,7-8 years old,suv,DIESEL,semiAutomatic,GREY,25550,57636,0.6579317828,8
DT19AUX,NISSAN,QASHQAI,5-6 years old,suv,PETROL,manual,BLUE,14500,37217,0.6320420013,8
PN21SYE,VOLKSWAGEN,ID.3,3-4 years old,hatchback,ELECTRIC,automatic,GREY,12500,53961,0.5280923075,5
MD22BXA,VOLKSWAGEN,ID.3,3-4 years old,hatchback,ELECTRIC,automatic,WHITE,16150,17578,0.8075787482,5
HT21FZP,FORD,FOCUS,3-4 years old,estate,PETROL,manual,WHITE,12050,73963,0.3100947206,7
KN19KSL,MERCEDES-BENZ,A-CLASS,5-6 years old,hatchback,PETROL,manual,WHITE,12700,62737,0.796525978,5
YX22JPU,VOLVO,XC40,3-4 years old,suv,PETROLPLUGINELECTRICHYBRID,semiAutomatic,BLACK,21340,49329,0.8771427518,8
BX71FMV,BMW,5 SERIES,3-4 years old,saloon,DIESEL,semiAutomatic,BLACK,24700,64068,0.5560726309,5
YP70LLN,FORD,FOCUS,3-4 years old,hatchback,PETROL,manual,BLUE,12070,27420,0.7981126547,5
WN22YDV,AUDI,A3,3-4 years old,saloon,PETROL,semiAutomatic,WHITE,22820,16875,0.6329781123,5
WJ71CFU,KIA,E-NIRO,3-4 years old,suv,ELECTRIC,automatic,GREY,15250,44151,0.7100866966,8
FG69EEU,VOLKSWAGEN,GOLF,5-6 years old,hatchback,PETROL,manual,GREY,14900,34775,0.2282119648,5
YR22VVX,AUDI,A3,3-4 years old,hatchback,PETROL,manual,YELLOW,18500,34885,0.7634919688,5
LJ23ZUB,KIA,NIRO EV,0-2 years old,suv,ELECTRIC,automatic,BLACK,17900,38935,0.532947987,8
VK21SOH,VOLKSWAGEN,T-ROC,3-4 years old,suv,PETROL,semiAutomatic,GREY,17630,46168,0.8008007235,8
FY22XMF,NISSAN,QASHQAI,3-4 years old,suv,PETROL,semiAutomatic,BLACK,20890,19047,0.531700793,8
RK20WUX,VOLKSWAGEN,UP!,5-6 years old,hatchback,PETROL,manual,WHITE,10900,40487,0.6746910106,5
VK20UYR,VAUXHALL,CORSA,5-6 years old,hatchback,PETROL,manual,RED,11700,21038,0.7226290511,5
LX66YHU,FIAT,500,7-8 years old,hatchback,PETROL,manual,GREEN,7250,38014,0.7296316775,5
VX22LUO,VOLVO,XC40,3-4 years old,suv,PETROLPLUGINELECTRICHYBRID,semiAutomatic,BLACK,23600,28995,0.904800509,8
YA69OBL,MINI,HATCHBACK,5-6 years old,hatchback,PETROL,semiAutomatic,ORANGE,16000,31785,0.8393760892,5
WD19MHA,FORD,FIESTA,5-6 years old,hatchback,PETROL,manual,RED,8350,35339,0.7436463026,5
BG21PFN,PEUGEOT,E-2008,3-4 years old,suv,ELECTRIC,automatic,RED,12750,32462,0.6639227039,8
FD21LCW,BMW,2 SERIES,3-4 years old,coupe,PETROL,semiAutomatic,GREY,17250,32118,0.7876565793,4
WN21EHJ,BMW,3 SERIES,3-4 years old,saloon,PETROLPLUGINELECTRICHYBRID,semiAutomatic,BLACK,15300,68949,0.9591916977,5
VO21ZWJ,VAUXHALL,CORSA,3-4 years old,hatchback,PETROL,manual,RED,13000,12896,0.5697411791,5
GC19UER,FIAT,500,5-6 years old,hatchback,PETROL,manual,BLACK,9000,24676,0.7600347872,5
DN70SFJ,VAUXHALL,CROSSLAND X,3-4 years old,suv,PETROL,manual,BLACK,9600,39129,0.7028270419,8
CX73OVA,SKODA,OCTAVIA,0-2 years old,estate,DIESEL,semiAutomatic,BLUE,21280,16835,0.6642198854,7
AP19LJO,BMW,5 SERIES,5-6 years old,saloon,DIESEL,semiAutomatic,BLUE,18190,43849,0.6964313967,5
YK22MVJ,MERCEDES-BENZ,CLA,3-4 years old,coupe,PETROLPLUGINELECTRICHYBRID,semiAutomatic,BLUE,18900,74310,0.7042947897,4
DV22LCF,FORD,FOCUS,3-4 years old,hatchback,PETROL,manual,GREY,15500,23186,0.6426382533,5
YD19UVV,VAUXHALL,CORSA,5-6 years old,hatchback,PETROL,manual,GREY,9050,33137,0.7606693874,5
CF22EXZ,HYUNDAI,IONIQ,3-4 years old,hatchback,ELECTRIC,automatic,GREY,11200,43751,0.5568975715,5
PF19BFM,SUZUKI,SWIFT,5-6 years old,hatchback,PETROL,manual,RED,8550,43114,0.5540315719,5
DC68KXH,HYUNDAI,KONA,5-6 years old,suv,PETROL,semiAutomatic,ORANGE,12400,67704,0.6112779126,8
LK70JTO,MINI,HATCHBACK,3-4 years old,hatchback,PETROL,manual,BLACK,12850,38316,0.6518794009,5
LR20OFN,NISSAN,LEAF,5-6 years old,hatchback,ELECTRIC,automatic,WHITE,9500,8449,0.7157433916,5
EA19KYV,MINI,COUNTRYMAN,5-6 years old,suv,PETROL,manual,BLUE,12050,65598,0.6672323896,8
DH19EFR,VAUXHALL,CORSA,5-6 years old,hatchback,PETROL,manual,WHITE,9450,23140,0.684747813,5
FV22HJJ,TOYOTA,C-HR,3-4 years old,suv,PETROLELECTRICHYBRID,automatic,GREY,16400,39936,0.8159571805,8
YS69DCF,NISSAN,X-TRAIL,5-6 years old,suv,DIESEL,automatic,BLACK,14900,55235,0.6673940395,8
GD68HRR,VOLKSWAGEN,POLO,5-6 years old,hatchback,PETROL,manual,RED,12500,44003,0.6287252314,5
EX71XSC,MERCEDES-BENZ,GLB,3-4 years old,suv,PETROL,semiAutomatic,BLACK,28050,23250,0.6488128347,8
ML70LFY,FORD,FIESTA,3-4 years old,hatchback,PETROL,manual,WHITE,12600,23012,0.7268279387,5
PK20BWV,PEUGEOT,208,5-6 years old,hatchback,PETROL,semiAutomatic,YELLOW,13250,24626,0.4834735047,5
EU71NLE,BMW,1 SERIES,3-4 years old,hatchback,PETROL,semiAutomatic,BLUE,20500,39657,0.787349322,5
KS70FUE,MERCEDES-BENZ,GLA,3-4 years old,suv,DIESEL,semiAutomatic,GREY,24900,56277,0.2908229709,8
PL22CKV,DACIA,DUSTER,3-4 years old,suv,PETROLLIQUEFIEDPETROLEUMGAS,manual,ORANGE,12950,25019,0.5777612873,8
FP21GBU,BMW,2 SERIES,3-4 years old,coupe,PETROL,semiAutomatic,BLACK,18000,21646,0.7876565793,4
MD68OXK,VOLKSWAGEN,UP!,5-6 years old,hatchback,PETROL,manual,BLACK,8100,29807,0.5817068448,5
PF68FZY,MERCEDES-BENZ,A-CLASS,5-6 years old,hatchback,DIESEL,semiAutomatic,WHITE,14550,61546,0.7162976879,5
LG19BNX,CITROEN,C3,5-6 years old,hatchback,PETROL,manual,GREY,8900,35529,0.732749123,5
WJ72NHF,RENAULT,CAPTUR,0-2 years old,suv,PETROL,manual,RED,14650,23744,0.4950522688,8
KR71ZCL,VAUXHALL,MOKKA-E,3-4 years old,suv,ELECTRIC,automatic,GREY,12150,31066,0.7798590333,8
WR18RNE,AUDI,A5 CABRIOLET,7-8 years old,convertible,PETROL,manual,BLACK,14900,55756,0.3954823996,4
NA22JBU,NISSAN,LEAF,3-4 years old,hatchback,ELECTRIC,automatic,BLACK,9650,36288,0.7157433916,5
BV70XAP,SKODA,CITIGOE IV,3-4 years old,hatchback,ELECTRIC,automatic,RED,8250,46267,0.7401446852,5
HD67AON,HONDA,CIVIC,7-8 years old,hatchback,PETROL,automatic,BLACK,16250,33741,0.363158128,5
MM21PFZ,SKODA,KAROQ,3-4 years old,suv,PETROL,automatic,SILVER,21700,29011,0.7692253029,8
GX71XXD,AUDI,A3,3-4 years old,saloon,PETROL,semiAutomatic,BLUE,20700,26095,0.6329781123,5
SA72XYK,VAUXHALL,CORSA,0-2 years old,hatchback,PETROL,manual,BLUE,11950,7836,0.7528453117,5
KO21UVE,AUDI,Q2,3-4 years old,suv,PETROL,manual,BLACK,15550,40179,0.6849116876,8
LS22YKT,AUDI,A3,3-4 years old,hatchback,PETROL,semiAutomatic,BLACK,19800,11022,0.9531245014,5
DG72ZTP,VOLVO,XC60,0-2 years old,suv,PETROLPLUGINELECTRICHYBRID,semiAutomatic,BLUE,32900,23971,0.2711007668,8
NK71FHN,MERCEDES-BENZ,EQC,3-4 years old,suv,ELECTRIC,automatic,BLUE,23400,56901,0.6067364892,8
RF22HYT,VOLKSWAGEN,T-CROSS,3-4 years old,suv,PETROL,manual,BLACK,17620,27420,0.3813454762,8
BF19GZY,VAUXHALL,CORSA,5-6 years old,hatchback,PETROL,manual,GREY,9750,18739,0.6096785283,5
DG21HDE,SEAT,LEON,3-4 years old,hatchback,PETROL,manual,BLACK,12900,37955,0.9081685484,5
YX71UNM,PEUGEOT,2008,3-4 years old,suv,PETROL,manual,RED,14400,12766,0.7650901681,8
GJ21WXZ,VOLKSWAGEN,GOLF,3-4 years old,hatchback,PETROL,manual,SILVER,16270,15420,0.6943525292,5
SP68FFL,MAZDA,MAZDA2,5-6 years old,hatchback,PETROL,manual,GREY,11300,20754,0.3497275122,5
DL18OLW,VAUXHALL,MOKKA X,7-8 years old,suv,PETROL,manual,WHITE,8250,65653,0.6647757553,8
YH19NMW,SKODA,OCTAVIA,5-6 years old,hatchback,PETROL,semiAutomatic,WHITE,13850,36942,0.6082920504,5
LA71FNM,SKODA,KODIAQ,3-4 years old,suv,PETROL,automatic,GREY,25400,51229,0.7495931207,8
SP18OLW,VOLVO,V40,7-8 years old,hatchback,PETROL,manual,BLUE,14350,26595,0.4723258966,5
DC21JDZ,VOLKSWAGEN,GOLF,3-4 years old,hatchback,PETROLPLUGINELECTRICHYBRID,semiAutomatic,BLACK,19400,30675,0.8603212192,5
KM21UVU,AUDI,Q5,3-4 years old,suv,DIESEL,semiAutomatic,SILVER,25250,52631,0.5379685706,8
OV69HHM,VAUXHALL,CORSA,5-6 years old,hatchback,PETROL,manual,RED,9550,16146,0.8512996345,5
NA22KYP,KIA,EV6,3-4 years old,suv,ELECTRIC,automatic,GREY,20900,31739,0.6582979616,8
RE21WHX,VOLKSWAGEN,PASSAT,3-4 years old,estate,DIESEL,manual,WHITE,13400,75838,0.8561034276,7
ND18UBZ,VOLVO,XC40,7-8 years old,suv,PETROL,semiAutomatic,WHITE,19400,54888,0.6181305982,8
BC68ZKF,FORD,FIESTA,5-6 years old,hatchback,PETROL,manual,BLUE,10950,22271,0.8080563329,5
WF22EHZ,BMW,5 SERIES,3-4 years old,saloon,DIESEL,semiAutomatic,WHITE,25920,42965,0.7853329045,5
DN67KZP,AUDI,TT,7-8 years old,coupe,DIESEL,semiAutomatic,WHITE,17450,47414,0.4573227585,4
YS70LTV,FORD,FIESTA,3-4 years old,hatchback,PETROL,manual,WHITE,11800,31162,0.5933390919,5
SK21CPL,AUDI,A4,3-4 years old,saloon,PETROL,semiAutomatic,WHITE,20150,38244,0.4011631942,5
GY22XLE,HYUNDAI,KONA,3-4 years old,suv,PETROLELECTRICHYBRID,automatic,GREY,16580,7654,0.8075988782,8
FE67ZZL,VOLKSWAGEN,UP!,7-8 years old,hatchback,PETROL,manual,RED,7250,57570,0.6529471568,5
NL69CNY,NISSAN,LEAF,5-6 years old,hatchback,ELECTRIC,automatic,WHITE,8940,23925,0.6456046578,5
KP23GMO,MERCEDES-BENZ,GLB,0-2 years old,suv,PETROL,semiAutomatic,BLUE,30500,32765,0.2219915265,8
MD68VDK,CITROEN,C3,5-6 years old,hatchback,PETROL,manual,GREY,9000,31163,0.732749123,5
DN22WZU,NISSAN,QASHQAI,3-4 years old,suv,PETROL,semiAutomatic,WHITE,20350,37352,0.531700793,8
RO21HBU,MINI,COUNTRYMAN,3-4 years old,suv,PETROL,manual,GREY,15250,40291,0.8592029064,8
BV20UVK,VOLKSWAGEN,POLO,5-6 years old,hatchback,PETROL,manual,SILVER,12300,30891,0.7818902831,5
WJ70BXE,VOLKSWAGEN,POLO,3-4 years old,hatchback,PETROL,manual,BLUE,14400,23230,0.5182117801,5
GY71XBL,MINI,HATCHBACK,3-4 years old,hatchback,PETROL,semiAutomatic,RED,15290,20941,0.7594896894,5
NX69YLV,NISSAN,MICRA,5-6 years old,hatchback,PETROL,manual,BLACK,9900,25337,0.3223301965,5
FY71OCU,TOYOTA,YARIS,3-4 years old,hatchback,PETROLELECTRICHYBRID,automatic,GREY,16790,22240,0.5296562433,5
YF17DWG,MERCEDES-BENZ,A-CLASS,7-8 years old,hatchback,DIESEL,manual,WHITE,10950,52550,0.6420655963,5
HS21PYH,BMW,X1,3-4 years old,suv,PETROLPLUGINELECTRICHYBRID,semiAutomatic,BLUE,19900,38007,0.7981488249,8
GL22NTJ,NISSAN,QASHQAI,3-4 years old,suv,PETROL,semiAutomatic,WHITE,21200,24178,0.531700793,8
MA68OMF,NISSAN,QASHQAI,5-6 years old,suv,PETROL,manual,BLUE,11910,32363,0.7276786896,8
HG19TVA,TOYOTA,AYGO,5-6 years old,hatchback,PETROL,manual,WHITE,8600,40100,0.6334621188,5
EJ69ZSK,FORD,KUGA,5-6 years old,suv,DIESEL,semiAutomatic,BLACK,17050,39992,0.5494844814,8
DL18MXS,BMW,6 SERIES,7-8 years old,convertible,DIESEL,semiAutomatic,BLACK,22900,47770,0.3398338037,4
BL67MXT,HYUNDAI,I10,7-8 years old,hatchback,PETROL,manual,BROWN,7000,45706,0.6535094247,5
BD21UXT,VOLKSWAGEN,TIGUAN,3-4 years old,suv,PETROL,manual,WHITE,16450,57455,0.7147608182,8
PF22EXA,FORD,PUMA,3-4 years old,suv,PETROL,manual,WHITE,15800,22749,0.7128731303,8
DX68UFV,FORD,FOCUS,5-6 years old,estate,PETROL,manual,BLUE,9950,64956,0.6708315131,7
MT21WKC,VOLKSWAGEN,TIGUAN,3-4 years old,suv,PETROL,semiAutomatic,WHITE,23450,31851,0.7643419923,8
DL21KKP,VAUXHALL,CORSA,3-4 years old,hatchback,PETROL,manual,WHITE,10200,32815,0.7692563879,5
WV18FWA,FORD,KUGA,7-8 years old,suv,DIESEL,manual,WHITE,10000,60273,0.8019842813,8
HT71OMS,DACIA,DUSTER,3-4 years old,suv,PETROLLIQUEFIEDPETROLEUMGAS,manual,BLUE,11500,36247,0.6055870706,8
FA19OPE,BMW,X5,5-6 years old,suv,PETROL,semiAutomatic,WHITE,38400,20244,0.3783127391,8
VE70TSY,VAUXHALL,CROSSLAND X,3-4 years old,suv,PETROL,manual,GREY,9600,43565,0.6448362169,8
MV19AFO,FORD,ECOSPORT,5-6 years old,suv,PETROL,manual,SILVER,10950,20218,0.469943324,8
VA21FSN,VOLKSWAGEN,TIGUAN,3-4 years old,suv,PETROL,semiAutomatic,BLUE,25000,23278,0.7643419923,8
LS22ZVJ,PEUGEOT,3008,3-4 years old,suv,PETROL,semiAutomatic,GREY,18600,21561,0.7618570162,8
YA16ZKD,SKODA,YETI OUTDOOR,9+ years old,suv,PETROL,semiAutomatic,WHITE,12400,47896,0.2565480716,8
WF70FSV,SMART,FORFOUR,3-4 years old,hatchback,ELECTRIC,automatic,WHITE,8200,28352,0.6019805635,5
WP19YCU,FIAT,500,5-6 years old,hatchback,PETROL,manual,GREY,7800,56448,0.7600347872,5
HY70TWD,TOYOTA,AYGO,3-4 years old,hatchback,PETROL,manual,SILVER,9700,27892,0.6334621188,5
KR22YXG,VAUXHALL,MOKKA-E,3-4 years old,suv,ELECTRIC,automatic,GREY,12950,21120,0.8684809309,8
SB67KKC,SKODA,FABIA,7-8 years old,hatchback,PETROL,manual,WHITE,8900,25348,0.275794433,5
NX19HGZ,FORD,FOCUS,5-6 years old,hatchback,PETROL,manual,BLUE,10620,51915,0.6857122892,5
KY69GGX,SEAT,LEON,5-6 years old,hatchback,PETROL,semiAutomatic,GREY,15050,28220,0.7631098964,5
ML21VNH,PEUGEOT,3008,3-4 years old,suv,PETROL,semiAutomatic,GREY,18280,19764,0.5785007542,8
CF19WUL,DACIA,SANDERO STEPWAY,5-6 years old,hatchback,PETROL,manual,WHITE,8550,7621,0.6884489537,5
YA70YRP,AUDI,E-TRON,3-4 years old,suv,ELECTRIC,automatic,WHITE,15400,71763,0.7996638824,8
HY22FUD,DACIA,SANDERO,3-4 years old,hatchback,PETROL,manual,WHITE,9450,16387,0.8756052077,5
YL19PUY,PEUGEOT,108 TOP,5-6 years old,hatchback,PETROL,manual,RED,8200,38094,0.3568369463,5
HN17GZH,BMW,4 SERIES,7-8 years old,convertible,DIESEL,semiAutomatic,WHITE,14450,65880,0.7109873807,4
EF19KMO,FORD,FOCUS,5-6 years old,hatchback,PETROL,manual,GREY,13000,14101,0.7102910802,5
FY22MME,TOYOTA,RAV4,3-4 years old,suv,PETROLPLUGINELECTRICHYBRID,automatic,BLUE,26500,42262,0.4457400864,8
DA22ACU,AUDI,A3,3-4 years old,saloon,PETROL,semiAutomatic,BLACK,19800,52734,0.6830894499,5
BT70UZF,TOYOTA,YARIS,3-4 years old,hatchback,PETROLELECTRICHYBRID,automatic,ORANGE,14820,35550,0.3445809632,5
LR71YUU,FORD,PUMA,3-4 years old,suv,PETROL,manual,SILVER,15000,36790,0.6526485189,8
VE20DBO,VAUXHALL,CORSA,5-6 years old,hatchback,PETROL,manual,GREY,11200,26505,0.6752351626,5
FG22CCY,SEAT,ATECA,3-4 years old,suv,PETROL,semiAutomatic,GREY,19500,18527,0.6069442694,8
KP21ZXL,AUDI,Q5,3-4 years old,suv,DIESEL,semiAutomatic,SILVER,26500,40018,0.5379685706,8
KE18EMX,KIA,PICANTO,5-6 years old,hatchback,PETROL,manual,BLUE,8050,26767,0.6131985929,5
DE21WHV,VOLKSWAGEN,GOLF,3-4 years old,hatchback,DIESEL,semiAutomatic,SILVER,23600,31425,0.8416905094,5
DA21OZO,SEAT,ATECA,3-4 years old,suv,PETROL,semiAutomatic,GREY,16400,30557,0.7158785502,8
BA69TTK,MINI,HATCHBACK,5-6 years old,hatchback,PETROL,semiAutomatic,BLUE,17000,13199,0.7059828189,5
PE22DMZ,CITROEN,C3 AIRCROSS,3-4 years old,suv,PETROL,semiAutomatic,RED,15300,14780,0.4892772651,8
SL22GXO,HYUNDAI,TUCSON,3-4 years old,suv,PETROL,manual,BLUE,19250,25014,0.6692106179,8
LM22JVD,MERCEDES-BENZ,A-CLASS,3-4 years old,hatchback,PETROL,semiAutomatic,WHITE,25650,29013,0.2855112851,5
SV68VCC,DACIA,SANDERO STEPWAY,5-6 years old,hatchback,PETROL,manual,WHITE,7100,46620,0.6884489537,5
KT71EXF,DACIA,DUSTER,3-4 years old,suv,PETROLLIQUEFIEDPETROLEUMGAS,manual,GREY,10650,49399,0.6055870706,8
FL21OSR,FIAT,500X,3-4 years old,suv,PETROL,manual,GREY,13200,22259,0.5537664046,8
EK21LXN,TOYOTA,C-HR,3-4 years old,suv,PETROLELECTRICHYBRID,automatic,GREY,18400,32407,0.632001864,8
VX21ZYK,LAND ROVER,RANGE ROVER EVOQUE,3-4 years old,suv,DIESEL,manual,WHITE,19000,40957,0.8512431646,8
HJ69WRF,FORD,ECOSPORT,5-6 years old,suv,PETROL,manual,BLUE,11000,31351,0.469943324,8
KR72UEZ,NISSAN,QASHQAI,0-2 years old,suv,PETROL,semiAutomatic,BLUE,17500,54478,0.6303453716,8
DL70XPR,VAUXHALL,ASTRA,3-4 years old,hatchback,DIESEL,manual,BLUE,10450,39841,0.6471739238,5
DL23SYH,HYUNDAI,TUCSON,0-2 years old,suv,PETROLPLUGINELECTRICHYBRID,semiAutomatic,BLACK,22900,32774,0.6988391156,8
MJ18OCR,FORD,FIESTA,7-8 years old,hatchback,PETROL,manual,BLACK,8950,31710,0.7436463026,5
CE19JBV,SEAT,LEON,5-6 years old,hatchback,PETROL,semiAutomatic,RED,15480,31521,0.6352989525,5
VK71XFS,VAUXHALL,CORSA-E,3-4 years old,hatchback,ELECTRIC,automatic,ORANGE,11150,19366,0.8840726497,5
VA71JWJ,VAUXHALL,CORSA,3-4 years old,hatchback,PETROL,manual,ORANGE,10800,17804,0.8135150837,5
LM22UJD,FORD,PUMA,3-4 years old,suv,PETROL,semiAutomatic,BLUE,18350,34326,0.5835296981,8
LF69XXU,KIA,CEED,5-6 years old,estate,DIESEL,manual,BLACK,9900,55539,0.7389087387,7
GJ20DXE,KIA,SPORTAGE,5-6 years old,suv,PETROL,manual,SILVER,12950,37615,0.7911174266,8
SG22OWB,RENAULT,ARKANA,3-4 years old,suv,PETROLELECTRICHYBRID,semiAutomatic,BLUE,17890,16426,0.6752335747,8
CE22EZR,RENAULT,ZOE,3-4 years old,hatchback,ELECTRIC,automatic,BLACK,9900,32733,0.6406863203,5
WJ68YYE,VAUXHALL,CROSSLAND X,5-6 years old,suv,PETROL,manual,SILVER,7800,50622,0.7972598614,8
KF02VAF,NISSAN,JUKE,5-6 years old,suv,PETROL,automatic,RED,10650,41929,0.4784016008,8
PY71HGG,RENAULT,ARKANA,3-4 years old,suv,PETROL,semiAutomatic,BLACK,15950,51872,0.494019793,8
YS20AWR,FORD,FIESTA,5-6 years old,hatchback,PETROL,manual,SILVER,10000,35324,0.7065676714,5
MA22XMB,VOLKSWAGEN,T-CROSS,3-4 years old,suv,PETROL,automatic,WHITE,16510,32463,0.6935979614,8
MF19RJV,VAUXHALL,CORSA,5-6 years old,hatchback,PETROL,manual,BLUE,8300,47915,0.7577657658,5
FD18YKX,VOLKSWAGEN,GOLF,7-8 years old,hatchback,PETROLPLUGINELECTRICHYBRID,semiAutomatic,WHITE,14200,54439,0.7294532718,5
YH72JJZ,KIA,NIRO,0-2 years old,suv,PETROLELECTRICHYBRID,automatic,RED,18700,16853,0.5608743223,8
WF23XKL,DACIA,JOGGER,0-2 years old,mpv,PETROL,manual,GREY,15200,31372,0.6893188257,8
DU68HSZ,MINI,CONVERTIBLE,5-6 years old,convertible,PETROL,manual,WHITE,14250,34061,0.7081250758,4
YF71WSX,BMW,3 SERIES,3-4 years old,saloon,PETROL,semiAutomatic,BLUE,21950,26565,0.8165892133,5
PF69ULW,FIAT,500,5-6 years old,hatchback,PETROL,manual,GREY,8550,22025,0.7296316775,5
LB18XUE,KIA,SPORTAGE,7-8 years old,suv,DIESEL,manual,BLACK,8980,64067,0.5528702893,8
SM73FXD,SEAT,IBIZA,0-2 years old,hatchback,PETROL,manual,BLACK,16900,11396,0.6531596562,5
WH18FVW,FORD,FOCUS,5-6 years old,hatchback,PETROL,manual,RED,9900,49632,0.7102910802,5
DL70AXZ,BMW,X1,3-4 years old,suv,PETROL,semiAutomatic,BLUE,19400,37079,0.7997110096,8
SV21WZJ,BMW,1 SERIES,3-4 years old,hatchback,DIESEL,semiAutomatic,GREY,17500,59662,0.8189279052,5
ST72VBO,VOLVO,XC40,0-2 years old,suv,PETROL,semiAutomatic,GREY,29200,22836,0.4302274917,8
AK17EWU,FORD,KUGA VIGNALE,7-8 years old,suv,DIESEL,semiAutomatic,GREY,13250,58072,0.5960638292,8
WR67EHT,VOLKSWAGEN,GOLF,7-8 years old,hatchback,DIESEL,manual,BLACK,12670,40645,0.5745667302,5
DS20XJO,VAUXHALL,CORSA,5-6 years old,hatchback,PETROL,manual,GREY,8250,51838,0.7692563879,5
GL22AEN,AUDI,A5,3-4 years old,hatchback,DIESEL,semiAutomatic,BLACK,24100,45638,0.6239880345,5
AY18HSF,JAGUAR,F-PACE,7-8 years old,suv,DIESEL,automatic,RED,18900,55374,0.7246812159,8
VA70AOP,VAUXHALL,CORSA,3-4 years old,hatchback,PETROL,manual,GREY,10950,12135,0.7692563879,5
CK73VXJ,NISSAN,QASHQAI,0-2 years old,suv,PETROL,manual,RED,18690,27205,0.5936675252,8
SL22DFD,VAUXHALL,CORSA,3-4 years old,hatchback,PETROL,manual,BLUE,13150,21205,0.7072068723,5
YP21LUR,FORD,KUGA,3-4 years old,suv,DIESEL,manual,BLACK,15400,33203,0.6948635009,8
AP23HOJ,VOLKSWAGEN,TAIGO,0-2 years old,suv,PETROL,automatic,GREY,16900,35723,0.6909660842,8
BL22CNX,FORD,FIESTA,3-4 years old,hatchback,PETROL,manual,BLACK,13400,22704,0.7268279387,5
GU71YFA,LAND ROVER,DISCOVERY SPORT,3-4 years old,suv,PETROLPLUGINELECTRICHYBRID,automatic,RED,21450,73339,0.7569757032,8
RE22UFR,KIA,CEED,3-4 years old,hatchback,PETROL,manual,RED,14850,28665,0.7914896289,5
RV21YOH,VOLKSWAGEN,T-ROC,3-4 years old,suv,PETROL,semiAutomatic,GREY,21000,32290,0.7672516598,8
EO70YZK,FORD,FIESTA,3-4 years old,hatchback,PETROL,manual,GREY,11550,38552,0.7065676714,5
CK22ZDT,CITROEN,C3,3-4 years old,hatchback,PETROL,manual,BLACK,11500,27537,0.7580797784,5
CX19FND,FORD,FIESTA,5-6 years old,hatchback,PETROL,manual,WHITE,10100,35300,0.6545487223,5
WU22OVL,NISSAN,QASHQAI,3-4 years old,suv,PETROL,semiAutomatic,BLUE,19950,28931,0.531700793,8
FL22KGA,KIA,XCEED,3-4 years old,hatchback,PETROL,manual,SILVER,11250,59941,0.8152067414,5
GD21NNX,FORD,FIESTA,3-4 years old,hatchback,PETROL,manual,BLUE,11750,10539,0.5464902172,5
BT22DDU,HYUNDAI,KONA,3-4 years old,suv,ELECTRIC,automatic,BLACK,14500,25952,0.7449883555,8
SL21RZT,FORD,PUMA,3-4 years old,suv,PETROL,manual,WHITE,14650,20518,0.6703324469,8
RK67HDV,TOYOTA,C-HR,7-8 years old,suv,PETROLELECTRICHYBRID,automatic,SILVER,15190,28970,0.6433426187,8
WP68SRZ,HONDA,JAZZ,5-6 years old,hatchback,PETROL,automatic,RED,12800,28648,0.4491750806,5
EJ22FWD,HYUNDAI,KONA,3-4 years old,suv,PETROL,manual,BLACK,15300,13769,0.5253258003,8
RO22FSV,TOYOTA,C-HR,3-4 years old,suv,PETROLELECTRICHYBRID,automatic,GREY,19800,25495,0.632001864,8
DE73LFT,VAUXHALL,MOKKA,0-2 years old,suv,PETROL,manual,BLACK,17630,9852,0.5311262193,8
KN21MHF,VOLVO,XC60,3-4 years old,suv,PETROL,semiAutomatic,GREY,29450,31327,0.7919603338,8
HW71MPV,LEXUS,UX,3-4 years old,suv,ELECTRIC,automatic,SILVER,14900,36061,0.7650065904,8
FD19NZK,PEUGEOT,208,5-6 years old,hatchback,PETROL,manual,RED,10100,18847,0.7634309917,5
AP23DGU,KIA,NIRO EV,0-2 years old,suv,ELECTRIC,automatic,ORANGE,19800,35538,0.5999665369,8
WK18YKO,FORD,FIESTA,7-8 years old,hatchback,PETROL,manual,BLUE,8200,59887,0.5582083474,5
AU68KYK,BMW,4 SERIES,5-6 years old,convertible,DIESEL,semiAutomatic,WHITE,15300,77767,0.7109873807,4
NL17AOT,VAUXHALL,ASTRA,7-8 years old,hatchback,PETROL,manual,BRONZE,10050,25405,0.690655624,5
SK72UFB,MG,MG3,0-2 years old,hatchback,PETROL,manual,YELLOW,10500,14796,0.7982490024,5
EF17CLY,VAUXHALL,ASTRA,7-8 years old,hatchback,PETROL,manual,RED,8250,47108,0.7157910858,5
MD70JXC,LAND ROVER,DISCOVERY SPORT,3-4 years old,suv,PETROLPLUGINELECTRICHYBRID,automatic,WHITE,20900,51779,0.8054182982,8
ML69EKR,PEUGEOT,208,5-6 years old,hatchback,PETROL,manual,RED,7850,47705,0.7821582371,5
VT19VCV,FORD,KUGA,5-6 years old,suv,PETROL,manual,BLACK,14850,17078,0.7138440183,8
CV70DLY,VAUXHALL,CORSA-E,3-4 years old,hatchback,ELECTRIC,automatic,GREY,9450,39245,0.4649305445,5
SV68UVZ,FORD,FIESTA,5-6 years old,hatchback,PETROL,manual,SILVER,9500,26912,0.7436463026,5
MC23NUE,VOLKSWAGEN,GOLF,0-2 years old,hatchback,PETROL,semiAutomatic,GREY,22450,11473,0.7630685448,5
VK22MLE,VAUXHALL,CORSA,3-4 years old,hatchback,PETROL,manual,GREY,12700,16040,0.7072068723,5
DY19YYS,SEAT,ARONA,5-6 years old,suv,PETROL,semiAutomatic,RED,12000,41671,0.7860639936,8
NG21VGK,AUDI,A3,3-4 years old,hatchback,PETROL,manual,BLACK,15650,40307,0.8145324178,5
DE68HTJ,KIA,PICANTO,5-6 years old,hatchback,PETROL,manual,WHITE,9800,34166,0.5856009901,5
LJ73OVY,FORD,MUSTANG MACH-E,0-2 years old,suv,ELECTRIC,automatic,BLACK,24550,27360,0.5519269376,8
OY20ONN,MINI,HATCHBACK,5-6 years old,hatchback,PETROL,manual,WHITE,13500,27760,0.8329914036,5
WU19RHA,SEAT,IBIZA,5-6 years old,hatchback,PETROL,manual,GREY,12450,20404,0.773818125,5
DU22VUF,VAUXHALL,CORSA,3-4 years old,hatchback,PETROL,automatic,WHITE,13400,23133,0.8173308649,5
AP68XUN,HYUNDAI,TUCSON,5-6 years old,suv,DIESEL,manual,WHITE,13850,46648,0.6070371104,8
FP71VFG,HYUNDAI,KONA,3-4 years old,suv,ELECTRIC,automatic,RED,14300,30627,0.7449883555,8
NV22AUF,BMW,5 SERIES,3-4 years old,saloon,DIESEL,semiAutomatic,WHITE,28850,11425,0.8221677605,5
NJ72HDO,AUDI,Q3,0-2 years old,suv,PETROLPLUGINELECTRICHYBRID,semiAutomatic,GREY,25400,18037,0.4627510229,8
NL22YPM,AUDI,E-TRON,3-4 years old,suv,ELECTRIC,automatic,BLUE,25000,34045,0.7187226312,8
AV68KMF,VAUXHALL,MOKKA X,5-6 years old,suv,PETROL,manual,RED,10250,15759,0.7248686313,8
CE68LDC,VAUXHALL,GRANDLAND X,5-6 years old,suv,PETROL,manual,WHITE,9400,52227,0.706794838,8
FP71NFR,BMW,2 SERIES GRAN COUPE,3-4 years old,saloon,PETROL,semiAutomatic,WHITE,18900,69242,0.5722804361,5
GU22UXL,LAND ROVER,RANGE ROVER VELAR,3-4 years old,suv,PETROLPLUGINELECTRICHYBRID,automatic,BLUE,28900,53381,0.7091441382,8
LN70LMJ,NISSAN,QASHQAI,3-4 years old,suv,PETROL,semiAutomatic,GREY,16900,26006,0.6223208921,8
OE20AOC,VAUXHALL,GRANDLAND X,5-6 years old,suv,DIESEL,automatic,GREY,12100,47207,0.3398810454,8
BL23VBF,SKODA,OCTAVIA,0-2 years old,estate,PETROLPLUGINELECTRICHYBRID,semiAutomatic,GREY,18900,43392,0.7279360552,7
NG68DZZ,NISSAN,QASHQAI,5-6 years old,suv,PETROL,manual,BLACK,13500,12172,0.6423219725,8
VE70TBU,VAUXHALL,CROSSLAND X,3-4 years old,suv,PETROL,manual,WHITE,10550,26849,0.6448362169,8
SO72AOD,HONDA,JAZZ,0-2 years old,hatchback,PETROLELECTRICHYBRID,automatic,BLACK,18900,4733,0.4798260182,5
DE22OKA,AUDI,A3,3-4 years old,saloon,PETROL,semiAutomatic,GREY,20490,22913,0.6830894499,5
SE68ULJ,TOYOTA,AYGO,5-6 years old,hatchback,PETROL,manual,RED,7750,23311,0.5292067615,5
YY68CBO,HYUNDAI,I10,5-6 years old,hatchback,PETROL,manual,RED,8500,17216,0.6535094247,5
BJ24PZN,SKODA,KAROQ,0-2 years old,suv,PETROL,manual,GREY,20180,11775,0.3392562601,8
YG20OMZ,BMW,X1,5-6 years old,suv,DIESEL,semiAutomatic,BLACK,17900,46834,0.8543611753,8
VN21OZL,VOLKSWAGEN,T-ROC,3-4 years old,suv,PETROL,semiAutomatic,GREY,19650,26532,0.8008007235,8
RK22OTC,VOLKSWAGEN,TIGUAN ALLSPACE,3-4 years old,suv,DIESEL,manual,GREY,26900,16993,0.4953224125,8
YS19UFA,VOLKSWAGEN,TIGUAN,5-6 years old,suv,PETROL,semiAutomatic,SILVER,16400,46769,0.7419450729,8
LC20YKZ,CITROEN,GRAND C4 SPACETOURER,5-6 years old,mpv,PETROL,manual,BLUE,16950,11507,0.6753147275,8
CF71NVO,CITROEN,C4,3-4 years old,hatchback,PETROL,semiAutomatic,GREY,15250,11550,0.8144397722,5
SK67YWU,HYUNDAI,I10,7-8 years old,hatchback,PETROL,manual,BROWN,7200,44878,0.773618176,5
PN21OPL,AUDI,A6,3-4 years old,saloon,PETROL,semiAutomatic,BLACK,19590,22577,0.8216475846,5
NJ19VDG,VAUXHALL,CORSA,5-6 years old,hatchback,PETROL,manual,GREY,9890,12614,0.7577657658,5
FD18SZC,AUDI,A1,7-8 years old,hatchback,PETROL,semiAutomatic,GREY,14700,36699,0.594999692,5
YR68JYJ,LAND ROVER,RANGE ROVER VELAR,5-6 years old,suv,DIESEL,automatic,RED,20900,60683,0.724055544,8
HY22WMX,CITROEN,C3 AIRCROSS,3-4 years old,suv,PETROL,manual,BLUE,14300,8130,0.6760938951,8
DX22SFZ,DACIA,SANDERO,3-4 years old,hatchback,PETROLLIQUEFIEDPETROLEUMGAS,manual,WHITE,9900,8821,0.5835787544,5
LO21WGK,PEUGEOT,E-208,3-4 years old,hatchback,ELECTRIC,automatic,YELLOW,11300,24169,0.4795748705,5
LS21OML,PEUGEOT,5008,3-4 years old,suv,PETROL,manual,GREY,17850,45758,0.8682122563,8
GJ71HVH,BMW,X5,3-4 years old,suv,PETROLPLUGINELECTRICHYBRID,semiAutomatic,BLUE,36870,52407,0.6510910343,8
EA73HGM,VOLKSWAGEN,POLO,0-2 years old,hatchback,PETROL,manual,BLACK,16750,15824,0.7129077678,5
AU69NFD,AUDI,A1,5-6 years old,hatchback,PETROL,manual,BLACK,14900,26107,0.7318844269,5
VF19AOR,HYUNDAI,I20,5-6 years old,hatchback,PETROL,manual,WHITE,10600,32514,0.6150731896,5
SA72UJR,DACIA,SANDERO,0-2 years old,hatchback,PETROL,automatic,BLUE,11500,26599,0.4272205527,5
HT69EPX,RENAULT,KADJAR,5-6 years old,suv,PETROL,manual,BLUE,12250,37161,0.6632452438,8
WG18OKL,MINI,HATCHBACK,7-8 years old,hatchback,PETROL,semiAutomatic,GREEN,15900,17041,0.6259274446,5
FT69HCL,VAUXHALL,CROSSLAND X,5-6 years old,suv,PETROL,manual,WHITE,9750,28780,0.6448362169,8
SL21YFF,KIA,SPORTAGE,3-4 years old,suv,PETROL,manual,SILVER,15800,23999,0.8327527567,8
KC21PXD,BMW,X1,3-4 years old,suv,PETROL,semiAutomatic,GREY,20500,37486,0.9156522029,8
WR22TEO,NISSAN,QASHQAI,3-4 years old,suv,PETROL,manual,SILVER,14550,65422,0.5936675252,8
GM68UWH,RENAULT,CLIO,5-6 years old,hatchback,PETROL,manual,WHITE,8550,34690,0.7366556473,5
PK19KVA,MAZDA,MAZDA6,5-6 years old,saloon,DIESEL,manual,GREY,10900,64246,0.4025892237,5
MM71KKH,VOLKSWAGEN,T-ROC,3-4 years old,suv,PETROL,manual,GREY,16100,40107,0.856993743,8
CU19VXJ,NISSAN,MICRA,5-6 years old,hatchback,PETROL,manual,GREY,7100,46897,0.642274767,5
ND22JRX,VAUXHALL,CROSSLAND,3-4 years old,suv,PETROL,manual,GREY,13900,19852,0.3972695878,8
WF68OHV,KIA,SPORTAGE,5-6 years old,suv,DIESEL,manual,WHITE,10850,57317,0.4385194589,8
NH19WUT,JAGUAR,E-PACE,5-6 years old,suv,DIESEL,automatic,RED,15600,47053,0.8471405626,8
BV22ZZB,SKODA,KAMIQ,3-4 years old,suv,PETROL,manual,BLUE,12600,19844,0.849756255,8
MW70EOC,CITROEN,C3,3-4 years old,hatchback,PETROL,manual,BEIGE,9350,29557,0.5512920622,5
FG73LRF,SEAT,ATECA,0-2 years old,suv,PETROL,semiAutomatic,BLUE,21890,6826,0.6069442694,8
YP20GUW,FORD,FOCUS VIGNALE,5-6 years old,hatchback,PETROL,manual,BLACK,14600,17942,0.2424266628,5
RJ72OBL,VOLKSWAGEN,ARTEON,0-2 years old,estate,PETROL,semiAutomatic,SILVER,25300,19068,0.520728066,7
SO73TBX,MG,ZS EV,0-2 years old,suv,ELECTRIC,automatic,WHITE,14900,10016,0.6641770884,8
BG23GDY,AUDI,A1,0-2 years old,hatchback,PETROL,manual,WHITE,19160,15360,0.7332015042,5
ML22TKX,FORD,ECOSPORT,3-4 years old,suv,PETROL,manual,WHITE,12000,22283,0.5868002265,8
RO71EWF,VOLKSWAGEN,PASSAT,3-4 years old,estate,PETROLPLUGINELECTRICHYBRID,semiAutomatic,WHITE,17900,37727,0.9241313152,7
DL72YZV,VAUXHALL,CORSA,0-2 years old,hatchback,PETROL,manual,GREY,12750,5072,0.6188011529,5
YX70UPV,PEUGEOT,208,3-4 years old,hatchback,PETROL,manual,WHITE,12370,19753,0.5571583156,5
KS68FOU,AUDI,Q2,5-6 years old,suv,DIESEL,semiAutomatic,GREY,15300,48312,0.8322297463,8
LS21FOM,BMW,X3,3-4 years old,suv,PETROLPLUGINELECTRICHYBRID,semiAutomatic,GREY,20890,71026,0.7681389423,8
PX23ZYY,AUDI,A1,0-2 years old,hatchback,PETROL,manual,GREY,18400,16320,0.7318844269,5
NA69WCY,VOLVO,XC40,5-6 years old,suv,PETROL,semiAutomatic,RED,21300,29748,0.5072359816,8
EU20HMF,FIAT,500,5-6 years old,hatchback,PETROL,manual,GREY,9900,15852,0.8554216339,5
CA70HMZ,PEUGEOT,3008,3-4 years old,suv,PETROL,manual,BLACK,14920,15015,0.767804075,8
DX22LTT,VOLVO,XC40,3-4 years old,suv,PETROLPLUGINELECTRICHYBRID,semiAutomatic,BLACK,19900,52358,0.841771532,8
VN22WVV,VAUXHALL,CORSA-E,3-4 years old,hatchback,ELECTRIC,automatic,ORANGE,11450,20140,0.7385442986,5
YX70KPY,JAGUAR,XE,3-4 years old,saloon,DIESEL,automatic,BLACK,19450,28208,0.3393325419,5
KT70BVV,KIA,E-NIRO,3-4 years old,suv,ELECTRIC,automatic,BLACK,14500,42977,0.7100866966,8
ML21LOD,CITROEN,C3 AIRCROSS,3-4 years old,suv,PETROL,manual,GREY,10240,43394,0.6184980176,8
SA22OCL,FORD,KUGA,3-4 years old,suv,DIESEL,manual,BLACK,16900,33375,0.6948635009,8
KS22VLA,MINI,HATCHBACK,3-4 years old,hatchback,ELECTRIC,automatic,GREEN,13800,18770,0.9646294913,5
SE70EGV,NISSAN,LEAF,3-4 years old,hatchback,ELECTRIC,automatic,BLACK,9300,23710,0.7157433916,5
HN22VFH,LAND ROVER,DISCOVERY SPORT,3-4 years old,suv,DIESEL,automatic,SILVER,28100,48206,0.5890076605,8
FL20UVG,LEXUS,CT,5-6 years old,hatchback,PETROLELECTRICHYBRID,automatic,GREY,15400,32530,0.6299281575,5
CF71MZY,PEUGEOT,208,3-4 years old,hatchback,PETROL,manual,GREY,12100,37914,0.5780245855,5
KR68JYA,MERCEDES-BENZ,C-CLASS,5-6 years old,saloon,PETROL,semiAutomatic,WHITE,14950,55637,0.4320897316,5
FL19COJ,MAZDA,CX-3,5-6 years old,suv,PETROL,automatic,GREY,13420,27068,0.3578024799,8
LL22UTT,PEUGEOT,3008,3-4 years old,suv,PETROL,semiAutomatic,GREY,17300,44026,0.5785007542,8
WF18KUO,KIA,SPORTAGE,7-8 years old,suv,DIESEL,manual,WHITE,12450,44136,0.5799151742,8
LL22OKW,TOYOTA,RAV4,3-4 years old,suv,PETROLELECTRICHYBRID,automatic,BLUE,23850,27892,0.9627520284,8
KN22XGX,VAUXHALL,MOKKA-E,3-4 years old,suv,ELECTRIC,automatic,BLACK,13150,13515,0.8684809309,8
VE21EWT,VAUXHALL,INSIGNIA GRAND SPORT,3-4 years old,hatchback,DIESEL,manual,GREY,13390,24575,0.7982391553,5
MD73WNE,TOYOTA,YARIS CROSS,0-2 years old,estate,PETROLELECTRICHYBRID,automatic,WHITE,19890,16139,0.5323050962,7
KS67HMK,VOLKSWAGEN,GOLF,7-8 years old,hatchback,PETROL,semiAutomatic,YELLOW,12900,47301,0.5307561874,5
SG22TMZ,CITROEN,C5 AIRCROSS,3-4 years old,suv,DIESEL,manual,WHITE,14400,25366,0.7098299292,8
MT22HBG,FORD,ECOSPORT,3-4 years old,suv,PETROL,manual,BLUE,13050,19628,0.5868002265,8
GN17ZHJ,NISSAN,MICRA,7-8 years old,hatchback,PETROL,manual,WHITE,5900,53947,0.1918336819,5
WX18NSN,VAUXHALL,CROSSLAND X,7-8 years old,suv,PETROL,manual,BLACK,10000,28625,0.3767356868,8
HV22VEP,KIA,RIO,3-4 years old,hatchback,PETROL,manual,WHITE,11050,46171,0.6275628916,5
HN70KSY,BMW,3 SERIES,3-4 years old,saloon,DIESEL,semiAutomatic,BLACK,20950,40887,0.7352751697,5
HF72WWC,KIA,XCEED,0-2 years old,hatchback,PETROL,manual,ORANGE,13650,35232,0.7216002101,5
MK72WUD,PEUGEOT,E-2008,0-2 years old,suv,ELECTRIC,automatic,BLUE,15390,21610,0.7544094133,8
LL20GTY,RENAULT,CLIO,5-6 years old,hatchback,PETROL,semiAutomatic,BLUE,12600,40450,0.6473645483,5
YF23PYU,MG,ZS EV,0-2 years old,suv,ELECTRIC,automatic,BLUE,16250,10836,0.7425564433,8
AK71BTO,VAUXHALL,ASTRA,3-4 years old,hatchback,PETROL,manual,BLACK,12100,26091,0.7635592589,5
MV17YXO,FORD,FIESTA,7-8 years old,hatchback,PETROL,manual,RED,8200,43056,0.5556182505,5
SJ19SWZ,RENAULT,CLIO,5-6 years old,hatchback,PETROL,manual,WHITE,9450,19510,0.7366556473,5
LR22OZS,LEXUS,UX,3-4 years old,suv,PETROLELECTRICHYBRID,automatic,WHITE,19400,20769,0.6491988697,8
KEZ9205,VAUXHALL,CROSSLAND X,3-4 years old,suv,PETROL,semiAutomatic,BLUE,12400,23586,0.6279243229,8
MW21JFV,FORD,ECOSPORT,3-4 years old,suv,PETROL,manual,RED,11400,30229,0.6459626073,8
RJ22XEH,VOLKSWAGEN,POLO,3-4 years old,hatchback,PETROL,manual,BLACK,16550,17140,0.6503199879,5
NK19ZBF,RENAULT,KADJAR,5-6 years old,suv,PETROL,manual,BLUE,9900,59532,0.712551655,8
MM23YCU,VOLKSWAGEN,TAIGO,0-2 years old,suv,PETROL,manual,BLACK,19900,11704,0.5406384785,8
MT67WWP,VOLKSWAGEN,UP!,7-8 years old,hatchback,PETROL,manual,BLACK,6300,75879,0.648521017,5
FG21XGK,AUDI,A3,3-4 years old,hatchback,PETROL,semiAutomatic,WHITE,21140,27793,0.8396040997,5
SD18CDK,SKODA,KAROQ,7-8 years old,suv,PETROL,manual,GREY,15050,51369,0.2288450849,8
MA71CMZ,BMW,1 SERIES,3-4 years old,hatchback,PETROL,semiAutomatic,BLACK,19850,42698,0.787349322,5
OW72RKV,TOYOTA,AYGO X,0-2 years old,hatchback,PETROL,manual,GREEN,13500,7190,0.6589083421,5
KV19YMH,VAUXHALL,MOKKA X,5-6 years old,suv,PETROL,manual,GREY,10250,39243,0.7158333313,8
KN69MTU,JAGUAR,F-TYPE,5-6 years old,coupe,PETROL,automatic,GREY,30200,16907,0.8644674149,4
WA18VUR,FORD,ECOSPORT,7-8 years old,suv,PETROL,manual,ORANGE,9800,29163,0.6002883811,8
AJ19BRZ,VOLKSWAGEN,TIGUAN,5-6 years old,suv,PETROL,semiAutomatic,WHITE,17400,49226,0.3941550715,8
DA71MUU,VAUXHALL,CROSSLAND,3-4 years old,suv,PETROL,manual,WHITE,11100,14050,0.4844201172,8
CF23UNY,PEUGEOT,508,0-2 years old,hatchback,PETROLPLUGINELECTRICHYBRID,semiAutomatic,BLACK,19500,20621,0.7448724741,5
HS21WKJ,BMW,2 SERIES GRAN COUPE,3-4 years old,saloon,PETROL,manual,BLUE,16450,58387,0.7787307211,5
WT19EUP,RENAULT,CLIO,5-6 years old,hatchback,DIESEL,manual,RED,10490,24139,0.6526609253,5
GU69AHP,SKODA,KAROQ,5-6 years old,suv,PETROL,manual,BLUE,14450,43602,0.6119547758,8
WR72OJC,DACIA,SANDERO,0-2 years old,hatchback,PETROL,manual,GREY,11040,10238,0.6781155582,5
VN22KOV,VAUXHALL,CORSA-E,3-4 years old,hatchback,ELECTRIC,automatic,WHITE,10550,37475,0.7385442986,5
CJ21UGX,VAUXHALL,CORSA,3-4 years old,hatchback,PETROL,manual,WHITE,10400,25765,0.714693086,5
SD68HUJ,HYUNDAI,TUCSON,5-6 years old,suv,PETROL,manual,BLUE,13200,30581,0.7231668933,8
YM67VEA,FORD,FIESTA,7-8 years old,hatchback,PETROL,manual,SILVER,10500,21709,0.5885436695,5
NG21LWM,CITROEN,C1,3-4 years old,hatchback,PETROL,manual,GREY,9180,15965,0.6515605392,5
DL22NLV,HYUNDAI,TUCSON,3-4 years old,suv,PETROL,manual,WHITE,19400,15847,0.6692106179,8
BJ21HBZ,AUDI,Q3,3-4 years old,suv,DIESEL,semiAutomatic,BLACK,23600,45212,0.8514040926,8
SL18HPJ,CITROEN,C3,7-8 years old,hatchback,PETROL,manual,BLACK,7950,44897,0.8247506681,5
PY22AVV,KIA,NIRO,3-4 years old,suv,PETROLELECTRICHYBRID,automatic,WHITE,14900,44805,0.8348416719,8
RA21HZW,VOLKSWAGEN,T-ROC,3-4 years old,suv,PETROL,semiAutomatic,BLUE,19890,30052,0.7672516598,8
MV69YAF,TOYOTA,YARIS,5-6 years old,hatchback,PETROL,manual,RED,11150,9309,0.648826054,5
LD70VVJ,BMW,4 SERIES,3-4 years old,convertible,DIESEL,semiAutomatic,BLACK,21700,25022,0.7109873807,4
PJ22FHD,BMW,2 SERIES GRAN COUPE,3-4 years old,saloon,PETROL,semiAutomatic,WHITE,19450,42048,0.8931336541,5
KS22SZO,AUDI,A3,0-2 years old,hatchback,PETROL,manual,WHITE,20450,16281,0.7773953858,5
YP70MFV,FORD,ECOSPORT,3-4 years old,suv,PETROL,manual,GREY,11450,20857,0.6459626073,8
AK71OGY,BMW,X1,3-4 years old,suv,DIESEL,semiAutomatic,BLUE,22890,14305,0.6633236469,8
PK70SGZ,NISSAN,QASHQAI,3-4 years old,suv,PETROL,manual,BLUE,15600,13221,0.7633078225,8
YM67GVO,FORD,FIESTA,7-8 years old,hatchback,PETROL,manual,WHITE,9050,39683,0.6250171117,5
LC72TJO,CITROEN,C5 AIRCROSS,0-2 years old,suv,PETROL,semiAutomatic,BLUE,18930,10773,0.6755276369,8
RE69AVM,SEAT,ATECA,5-6 years old,suv,PETROL,semiAutomatic,GREY,17960,42264,0.5058455109,8
DV22FTE,KIA,SPORTAGE,3-4 years old,suv,PETROL,manual,BRONZE,17900,30499,0.8062824805,8
RK71XPD,VOLKSWAGEN,T-CROSS,3-4 years old,suv,PETROL,manual,WHITE,15350,29144,0.6782556641,8
KM22UCN,HYUNDAI,IONIQ,3-4 years old,hatchback,PETROLPLUGINELECTRICHYBRID,automatic,BLUE,16900,32639,0.3243492729,5
WM19XDH,RENAULT,CAPTUR,5-6 years old,suv,PETROL,manual,RED,9350,19078,0.4312015197,8
MM22GVL,BMW,X1,3-4 years old,suv,PETROLPLUGINELECTRICHYBRID,semiAutomatic,WHITE,20190,34204,0.9371335629,8
NA22MTJ,NISSAN,LEAF,3-4 years old,hatchback,ELECTRIC,automatic,BLACK,10400,25703,0.7157433916,5
RV22WFF,MERCEDES-BENZ,CLA,3-4 years old,coupe,PETROL,semiAutomatic,BLUE,28000,17990,0.5419504955,4
YN21JSV,FIAT,500,3-4 years old,hatchback,PETROL,manual,GREY,9050,32106,0.9526462946,5
BK71OTM,BMW,1 SERIES,3-4 years old,hatchback,PETROL,semiAutomatic,RED,20390,13279,0.787349322,5
VK67ENF,AUDI,Q3,7-8 years old,suv,PETROL,semiAutomatic,RED,14250,55713,0.694075576,8
NG71XCU,HYUNDAI,TUCSON,3-4 years old,suv,PETROL,manual,BLUE,19400,15488,0.6692106179,8
LG22NHJ,KIA,XCEED,3-4 years old,hatchback,PETROL,manual,BLACK,18200,19900,0.5131941017,5
LV22YGO,FORD,KUGA,3-4 years old,suv,PETROL,manual,BLACK,18900,42668,0.7054369592,8
YN67XEO,MERCEDES-BENZ,A-CLASS,7-8 years old,hatchback,DIESEL,manual,WHITE,13500,45124,0.5746948729,5
BP70VCE,NISSAN,QASHQAI,3-4 years old,suv,PETROL,semiAutomatic,BLUE,16350,30889,0.6135231126,8
BG22PPK,PEUGEOT,3008,3-4 years old,suv,DIESEL,semiAutomatic,GREY,20500,26108,0.7929704162,8
HX22WFE,SUZUKI,S-CROSS,3-4 years old,suv,PETROL,manual,BLACK,14300,19231,0.4965663155,8
KE21OPO,PEUGEOT,E-208,3-4 years old,hatchback,ELECTRIC,automatic,BLUE,10250,50025,0.6425736106,5
NJ22FRL,AUDI,E-TRON,3-4 years old,suv,ELECTRIC,automatic,BLUE,27750,30223,0.5729384968,8
ML72AWA,RENAULT,ARKANA,0-2 years old,suv,PETROLELECTRICHYBRID,semiAutomatic,WHITE,16400,49123,0.6752335747,8
GU69WEF,VOLKSWAGEN,T-ROC,5-6 years old,suv,DIESEL,manual,BLUE,15500,32458,0.7310219237,8
MM72KWY,CITROEN,E-C4,0-2 years old,hatchback,ELECTRIC,automatic,GREY,13300,11276,0.4492108056,5
FP21GCX,BMW,2 SERIES,3-4 years old,coupe,PETROL,semiAutomatic,GREY,18700,14776,0.7876565793,4
DE20KXR,VOLKSWAGEN,TIGUAN,5-6 years old,suv,PETROL,semiAutomatic,GREY,22750,34802,0.8512178956,8
MW69AHV,NISSAN,QASHQAI,5-6 years old,suv,DIESEL,manual,RED,10870,46768,0.7033917154,8
ML21GVF,VOLKSWAGEN,T-ROC,3-4 years old,suv,PETROL,semiAutomatic,WHITE,19700,16024,0.8008007235,8
LB19GCV,BMW,4 SERIES,5-6 years old,convertible,DIESEL,semiAutomatic,BLACK,18750,35645,0.7109873807,4
HN69FOV,RENAULT,KADJAR,5-6 years old,suv,PETROL,manual,GREY,12600,20863,0.6632452438,8
VN22YCT,VAUXHALL,CORSA-E,3-4 years old,hatchback,ELECTRIC,automatic,RED,11800,13199,0.7385442986,5
KX19YAB,VOLKSWAGEN,GOLF,5-6 years old,hatchback,DIESEL,manual,BLUE,12600,51259,0.6593472977,5
MW71EZV,TOYOTA,YARIS,3-4 years old,hatchback,PETROLELECTRICHYBRID,automatic,ORANGE,15480,28666,0.3445809632,5
YF22LHU,NISSAN,QASHQAI,3-4 years old,suv,PETROL,manual,BLUE,18650,7758,0.5936675252,8
FY71PWF,PEUGEOT,2008,3-4 years old,suv,PETROL,semiAutomatic,BLUE,15200,33839,0.7354669904,8
KP22NPC,PEUGEOT,3008,3-4 years old,suv,DIESEL,manual,BLUE,16200,43005,0.6928803204,8
OV22WTC,JAGUAR,I-PACE,3-4 years old,suv,ELECTRIC,automatic,GREY,21000,51674,0.7460899293,8
OE70OOX,MERCEDES-BENZ,A-CLASS,3-4 years old,hatchback,DIESEL,semiAutomatic,GREY,17600,50583,0.5510044518,5
BN19SJY,VAUXHALL,INSIGNIA,5-6 years old,estate,DIESEL,manual,BLACK,10200,50299,0.5960519627,7
VN22PKY,VAUXHALL,CORSA,3-4 years old,hatchback,PETROL,automatic,GREY,13700,7578,0.8284535811,5
BP21FLG,VAUXHALL,MOKKA,3-4 years old,suv,PETROL,manual,GREY,11100,60425,0.7157215596,8
RE21YPC,AUDI,A3,3-4 years old,hatchback,DIESEL,semiAutomatic,BLACK,17300,47823,0.766436919,5
VU72KDJ,VOLKSWAGEN,TIGUAN,0-2 years old,suv,PETROL,semiAutomatic,GREY,21900,22697,0.7514274034,8
FL18OWH,BMW,5 SERIES,7-8 years old,saloon,PETROLPLUGINELECTRICHYBRID,semiAutomatic,BLUE,16200,65973,0.6700545358,5
YC22KBV,SKODA,SUPERB,3-4 years old,hatchback,PETROL,manual,SILVER,17150,29782,0.4180945013,5
MM21OYW,SKODA,KAROQ,3-4 years old,suv,PETROL,automatic,GREY,22400,21990,0.7692253029,8
HJ69LHT,DACIA,SANDERO STEPWAY,5-6 years old,hatchback,DIESEL,manual,BLUE,6700,78207,0.6092754402,5
LM22EXK,RENAULT,ARKANA,3-4 years old,suv,PETROL,semiAutomatic,BLACK,16700,41416,0.494019793,8
FX71SKF,LAND ROVER,DISCOVERY,3-4 years old,suv,DIESEL,automatic,GREY,33150,63121,0.5757910135,8
MT70OWJ,SKODA,OCTAVIA,3-4 years old,suv,PETROL,manual,SILVER,16000,23171,0.8044889784,8
FP21PHJ,VAUXHALL,GRANDLAND X,3-4 years old,suv,DIESEL,manual,GREY,13050,34546,0.8020197502,8
DS71RVY,VAUXHALL,MOKKA,3-4 years old,suv,PETROL,manual,BLUE,14900,28773,0.5253913959,8
DK18XXL,NISSAN,LEAF,7-8 years old,hatchback,ELECTRIC,automatic,RED,8500,20753,0.6456046578,5
DA22GMU,KIA,RIO,3-4 years old,hatchback,PETROL,manual,BLUE,14850,12898,0.6556594709,5
FL21XBT,FIAT,TIPO,3-4 years old,hatchback,PETROL,manual,SILVER,9500,37530,0.5130321177,5
EJ18VGV,AUDI,A1,7-8 years old,hatchback,PETROL,manual,BLACK,13400,29401,0.6763739514,5
SG19NBX,VAUXHALL,MOKKA X,5-6 years old,suv,PETROL,manual,GREY,8250,58647,0.7248686313,8
OW69AHY,FORD,ECOSPORT,5-6 years old,suv,PETROL,manual,BLUE,9900,46566,0.6459626073,8
LB66XMG,VOLKSWAGEN,GOLF,7-8 years old,estate,PETROL,semiAutomatic,BLUE,11500,48923,0.4757841919,7
MC73VCX,FORD,KUGA,0-2 years old,suv,PETROLELECTRICHYBRID,automatic,SILVER,25400,10793,0.534877644,8
NL21YDK,BMW,2 SERIES GRAN COUPE,3-4 years old,saloon,PETROL,semiAutomatic,BLUE,18950,39432,0.7521703275,5
YC18MHV,MINI,HATCHBACK,7-8 years old,hatchback,PETROL,semiAutomatic,SILVER,13800,23710,0.7968198547,5
KE17KUK,MERCEDES-BENZ,SLC,7-8 years old,convertible,DIESEL,semiAutomatic,SILVER,13850,70307,0.4340767167,4
ND22VKN,MINI,HATCHBACK,3-4 years old,hatchback,ELECTRIC,automatic,SILVER,10750,47258,0.9581766853,5
VO70YLP,NISSAN,QASHQAI,3-4 years old,suv,PETROL,semiAutomatic,RED,14900,27041,0.8307741084,8
SD71ZKF,MG,ZS,3-4 years old,suv,PETROL,manual,BLUE,13850,12865,0.6459010545,8
LV70EPP,DACIA,SANDERO STEPWAY,3-4 years old,hatchback,PETROL,manual,BLUE,9880,13045,0.7128604977,5
WO21EOG,FORD,MONDEO,3-4 years old,hatchback,DIESEL,manual,SILVER,16650,34553,0.5584675766,5
DN22FRK,MG,HS,3-4 years old,suv,PETROL,manual,BLACK,14550,21742,0.6103534847,8
NU72XXP,NISSAN,QASHQAI,0-2 years old,suv,PETROL,manual,WHITE,15900,32409,0.8094125198,8
LG22XJA,CITROEN,C3,3-4 years old,hatchback,PETROL,manual,BEIGE,9900,31019,0.5746276458,5
GF22JHJ,CITROEN,C5 AIRCROSS,3-4 years old,suv,PETROL,manual,GREY,15250,35840,0.6123609164,8
SP22VGF,HYUNDAI,KONA,3-4 years old,suv,PETROL,manual,GREY,14650,29030,0.5253258003,8
GU20XJZ,KIA,SPORTAGE,5-6 years old,suv,DIESEL,automatic,WHITE,17950,35971,0.8424345297,8
EK69RCX,CITROEN,C5 AIRCROSS,5-6 years old,suv,DIESEL,semiAutomatic,BLUE,14500,33733,0.6632632694,8
WJ19RZL,CITROEN,C3,5-6 years old,hatchback,PETROL,manual,BLACK,9500,21104,0.7290862572,5
MJ18HRF,KIA,PICANTO,7-8 years old,hatchback,PETROL,automatic,RED,8600,49716,0.6658873115,5
DU18XDN,VAUXHALL,CORSA,7-8 years old,hatchback,PETROL,manual,SILVER,8650,25179,0.6398773261,5
YL69YZS,BMW,2 SERIES,5-6 years old,coupe,PETROL,semiAutomatic,WHITE,15700,41569,0.7744281551,4
FT22EZX,AUDI,A1,0-2 years old,hatchback,PETROL,manual,RED,15970,62993,0.6677291103,5
EK21FCG,VOLKSWAGEN,POLO,3-4 years old,hatchback,PETROL,manual,GREY,13300,35940,0.8941247425,5
RO22UTC,AUDI,A3,3-4 years old,hatchback,PETROL,manual,BLUE,17550,13462,0.8952300327,5
VA19SVN,NISSAN,QASHQAI,5-6 years old,suv,DIESEL,manual,WHITE,11150,41469,0.7033917154,8
RO20EOG,VOLKSWAGEN,PASSAT,5-6 years old,estate,DIESEL,semiAutomatic,SILVER,18100,40205,0.8058216771,7
GY22WLN,VAUXHALL,CROSSLAND,3-4 years old,suv,PETROL,manual,WHITE,13800,15748,0.4229474515,8
AD17ETJ,FORD,FOCUS,7-8 years old,hatchback,PETROL,manual,WHITE,14900,46743,0.556563683,5
ME19RCO,KIA,STONIC,5-6 years old,suv,PETROL,manual,GREY,10350,44358,0.7968035014,8
MT69OXU,MERCEDES-BENZ,GLC,5-6 years old,suv,DIESEL,semiAutomatic,GREY,28900,18035,0.6618418091,8
HK71RKV,PEUGEOT,E-208,3-4 years old,hatchback,ELECTRIC,automatic,GREY,11140,25742,0.6425736106,5
FD21UZE,CITROEN,GRAND C4 SPACETOURER,3-4 years old,mpv,PETROL,manual,GREY,17400,20346,0.489182735,8
MJ21TYK,SKODA,KAROQ,3-4 years old,suv,PETROL,automatic,SILVER,22450,14208,0.7692253029,8
HN68YLF,RENAULT,CLIO,5-6 years old,hatchback,PETROL,manual,BLUE,8650,42650,0.7030785023,5
WN22YZF,AUDI,Q2,3-4 years old,suv,PETROL,manual,BLUE,18250,24636,0.6849116876,8
DM19HJZ,NISSAN,QASHQAI,5-6 years old,suv,PETROL,manual,WHITE,10900,73770,0.2925356638,8
FV21VMO,CITROEN,C1,3-4 years old,hatchback,PETROL,manual,GREEN,9550,17939,0.6772889332,5
YF22GGJ,VOLKSWAGEN,POLO,3-4 years old,hatchback,PETROL,manual,GREY,16300,21783,0.6503199879,5
LD20EDR,BMW,4 SERIES GRAN COUPE,5-6 years old,hatchback,PETROL,semiAutomatic,GREY,18600,33042,0.7681792704,5
WA22XNT,MERCEDES-BENZ,CLA,3-4 years old,coupe,PETROL,semiAutomatic,BLACK,23300,27251,0.7955762217,4
J16HRE,FIAT,500C,7-8 years old,convertible,PETROL,manual,BLUE,7550,51287,0.6312545897,4
WG73FFJ,HYUNDAI,KONA,0-2 years old,suv,PETROLELECTRICHYBRID,automatic,BLACK,22900,20767,0.09698033547,8
MA71SDO,PEUGEOT,3008,3-4 years old,suv,PETROL,semiAutomatic,GREY,16400,34894,0.7618570162,8
DA69KLS,VOLKSWAGEN,GOLF,5-6 years old,hatchback,PETROL,semiAutomatic,GREY,14200,60917,0.6316324047,5
LN66FYF,VOLKSWAGEN,PASSAT,7-8 years old,saloon,DIESEL,semiAutomatic,SILVER,12500,61959,0.4814898876,5
YY22BEJ,KIA,XCEED,3-4 years old,hatchback,PETROL,manual,RED,15550,27117,0.7382612584,5
BG20FCV,HYUNDAI,IONIQ,5-6 years old,hatchback,ELECTRIC,automatic,SILVER,9500,34829,0.6446326375,5
VO21HZB,VOLKSWAGEN,T-ROC,3-4 years old,suv,PETROL,manual,GREY,17450,26643,0.6345144103,8
FG22EBX,FORD,PUMA,3-4 years old,suv,PETROL,manual,BLUE,13900,47404,0.7128731303,8
KN22XXZ,SUZUKI,SWIFT,3-4 years old,hatchback,PETROL,automatic,RED,14900,21320,0.1343860436,5
FR19YNW,VAUXHALL,ADAM,5-6 years old,hatchback,PETROL,manual,BLUE,8500,32717,0.7567003225,5
VX70HYG,MAZDA,MAZDA3,3-4 years old,saloon,PETROL,automatic,GREY,17240,24611,0.5992900823,5
MM21PHV,SKODA,FABIA,3-4 years old,hatchback,PETROL,semiAutomatic,WHITE,14250,26044,0.8191915409,5
FY21CXU,KIA,E-NIRO,3-4 years old,suv,ELECTRIC,automatic,BLACK,14300,31352,0.744720242,8
SP71UOY,SEAT,ATECA,3-4 years old,suv,DIESEL,semiAutomatic,GREEN,19400,26402,0.7067131432,8
LO21UMF,BMW,1 SERIES,3-4 years old,hatchback,DIESEL,semiAutomatic,BLUE,16050,46761,0.8368662878,5
PY71KZA,FORD,PUMA,3-4 years old,suv,PETROL,manual,WHITE,14900,37712,0.6526485189,8
MD21NWV,FORD,FOCUS,3-4 years old,hatchback,PETROL,manual,SILVER,14700,24101,0.4442695787,5
FT22FCG,KIA,SPORTAGE,3-4 years old,suv,PETROL,manual,BRONZE,19550,30843,0.6435729993,8
YC72BSU,VOLKSWAGEN,GOLF,0-2 years old,hatchback,DIESEL,semiAutomatic,GREY,18000,52961,0.6338802762,5
AP70FCJ,KIA,E-NIRO,3-4 years old,suv,ELECTRIC,automatic,BLUE,12850,68250,0.7100866966,8
FV18JSZ,BMW,X2,7-8 years old,suv,DIESEL,semiAutomatic,WHITE,18850,34490,0.5903780546,8
NY68FMA,MERCEDES-BENZ,A-CLASS,5-6 years old,hatchback,PETROL,semiAutomatic,GREY,14250,68366,0.6031756605,5
L9EML,PEUGEOT,2008,5-6 years old,suv,PETROL,semiAutomatic,GREY,13350,21141,0.6891683477,8
BF67FOC,PEUGEOT,108,7-8 years old,hatchback,PETROL,manual,SILVER,5950,57183,0.2699525193,5
YC21EKX,SEAT,ATECA,3-4 years old,suv,PETROL,manual,GREY,15350,33281,0.612215839,8
DT21GCX,NISSAN,LEAF,3-4 years old,hatchback,ELECTRIC,automatic,RED,10550,57408,0.5531048063,5
SV18YUU,LAND ROVER,RANGE ROVER EVOQUE,7-8 years old,suv,DIESEL,manual,WHITE,13900,32797,0.7726066483,8
E22SLP,BMW,Z4,5-6 years old,convertible,PETROL,semiAutomatic,WHITE,24000,33589,0.507919669,4
DY68EXP,VOLKSWAGEN,GOLF,5-6 years old,hatchback,PETROL,manual,WHITE,16550,23131,0.6289554829,5
DS68HWZ,FORD,FIESTA,5-6 years old,hatchback,PETROL,manual,BLACK,8550,44291,0.7074737961,5
PM20PMM,AUDI,Q3,5-6 years old,suv,PETROL,semiAutomatic,GREY,32900,22376,0.3585863433,8
AK22USY,PEUGEOT,E-208,3-4 years old,hatchback,ELECTRIC,automatic,RED,14200,16961,0.6546918538,5
KV18OVE,LAND ROVER,RANGE ROVER VELAR,7-8 years old,suv,DIESEL,automatic,WHITE,21980,45272,0.7852084972,8
LR70YJW,PEUGEOT,2008,3-4 years old,suv,DIESEL,manual,GREY,13300,50955,0.7468130176,8
NU68LPZ,FORD,FOCUS,5-6 years old,hatchback,PETROL,manual,BLACK,10200,59926,0.6857122892,5
YB20OKF,VOLKSWAGEN,POLO,5-6 years old,hatchback,PETROL,manual,SILVER,13900,18010,0.7818902831,5
DU22YJE,VAUXHALL,CORSA-E,3-4 years old,hatchback,ELECTRIC,automatic,ORANGE,11600,11866,0.7385442986,5
VX22XGE,LAND ROVER,RANGE ROVER EVOQUE,3-4 years old,suv,PETROLPLUGINELECTRICHYBRID,automatic,GREY,22800,60956,0.6319925573,8
VN19BYO,VOLKSWAGEN,GOLF,5-6 years old,hatchback,PETROL,manual,WHITE,14500,35094,0.4657202385,5
EG18YWU,HYUNDAI,I30,7-8 years old,hatchback,DIESEL,semiAutomatic,RED,10800,66307,0.5923158279,5
YK67SXS,BMW,X1,7-8 years old,suv,DIESEL,semiAutomatic,BLACK,14500,64136,0.6614267391,8
OE22AUU,JAGUAR,I-PACE,3-4 years old,suv,ELECTRIC,automatic,GREY,22400,43811,0.7460899293,8
RJ22NFR,VAUXHALL,MOKKA-E,3-4 years old,suv,ELECTRIC,automatic,BLUE,13900,12157,0.7316219578,8
RY19TXX,HYUNDAI,TUCSON,5-6 years old,suv,PETROL,semiAutomatic,WHITE,16890,28776,0.56182351,8
HJ22HNB,AUDI,A3,3-4 years old,hatchback,PETROL,semiAutomatic,WHITE,20230,32741,0.7321525072,5
CA22UTM,FORD,PUMA,3-4 years old,suv,PETROL,semiAutomatic,SILVER,18100,39507,0.5835296981,8
GF69ZPJ,RENAULT,CAPTUR,5-6 years old,suv,PETROL,manual,SILVER,10950,33512,0.5021761395,8
PO21TLV,JEEP,COMPASS,3-4 years old,suv,PETROL,automatic,RED,16100,21583,0.5387140046,8
EB19FEM,FORD,KUGA VIGNALE,5-6 years old,suv,DIESEL,semiAutomatic,WHITE,15650,48349,0.5960638292,8
FY21WTU,CITROEN,C3 AIRCROSS,3-4 years old,suv,PETROL,manual,BLACK,10100,54228,0.6476655221,8
GV69EWN,SEAT,IBIZA,5-6 years old,hatchback,PETROL,manual,RED,12900,42155,0.6646447971,5
VK22XLA,BMW,I3,3-4 years old,hatchback,ELECTRIC,automatic,BLACK,15300,29057,0.4390773284,5
YE70NNY,BMW,1 SERIES,3-4 years old,hatchback,PETROL,semiAutomatic,BLUE,19200,35382,0.8090128825,5
LD22TLX,VAUXHALL,CROSSLAND,3-4 years old,suv,PETROL,manual,ORANGE,13120,21605,0.4229474515,8
CA72YFV,RENAULT,ARKANA,0-2 years old,suv,PETROLELECTRICHYBRID,semiAutomatic,RED,18390,13995,0.6752335747,8
SP21OWE,SMART,FORTWO COUPE,3-4 years old,coupe,ELECTRIC,automatic,BLACK,9900,15288,0.5052249886,4
YP22WBJ,VOLVO,C40,3-4 years old,suv,ELECTRIC,automatic,BLACK,26400,17245,0.4199865265,8
DE21ZKN,HYUNDAI,I10,3-4 years old,hatchback,PETROL,manual,WHITE,12150,19035,0.4699447955,5
FV69OEA,AUDI,Q3,5-6 years old,suv,DIESEL,semiAutomatic,SILVER,18340,55437,0.7101328301,8
NK22MWP,BMW,X1,3-4 years old,suv,PETROLPLUGINELECTRICHYBRID,semiAutomatic,BLACK,19900,39378,0.9371335629,8
LM68BKG,MERCEDES-BENZ,A-CLASS,5-6 years old,hatchback,PETROL,semiAutomatic,GREY,16100,44218,0.6031756605,5
BG69BPU,ABARTH,595C,5-6 years old,convertible,PETROL,manual,BLUE,13400,29687,0.7357861303,4
YH71PJO,LAND ROVER,RANGE ROVER EVOQUE,3-4 years old,suv,PETROLPLUGINELECTRICHYBRID,automatic,BRONZE,25470,43008,0.5853434999,8
SJ66ECC,FORD,FIESTA,7-8 years old,hatchback,PETROL,manual,BLACK,8550,19249,0.3112015999,5
EO22ONR,NISSAN,QASHQAI,3-4 years old,suv,PETROL,manual,WHITE,17500,24068,0.5936675252,8
ML19YZJ,FORD,FIESTA,5-6 years old,hatchback,PETROL,manual,WHITE,9950,22746,0.5017871962,5
RE70FPC,VOLKSWAGEN,GOLF,3-4 years old,hatchback,PETROL,semiAutomatic,BLUE,15470,76647,0.7630685448,5
MW70KLM,SKODA,KAROQ,3-4 years old,suv,PETROL,automatic,GREY,20900,28453,0.7692253029,8
SM17VXK,HONDA,JAZZ,7-8 years old,hatchback,PETROL,manual,RED,10150,11042,0.5119242619,5
YM19EWN,AUDI,Q3,5-6 years old,suv,PETROL,semiAutomatic,GREY,24450,49850,0.6413173337,8
LS68NVO,KIA,SPORTAGE,5-6 years old,suv,DIESEL,manual,WHITE,11100,55017,0.4385194589,8
WG20DYO,VOLKSWAGEN,T-ROC,5-6 years old,suv,PETROL,semiAutomatic,BLUE,16700,46845,0.6302728038,8
MT21KLK,PEUGEOT,208,3-4 years old,hatchback,PETROL,manual,GREY,12850,30755,0.7577618165,5
LD71VSP,KIA,SPORTAGE,3-4 years old,suv,PETROL,manual,GREY,15000,45682,0.7557033912,8
BF22DTN,HYUNDAI,KONA,3-4 years old,suv,ELECTRIC,automatic,BLUE,15400,13098,0.7449883555,8
LC71CWN,DS,DS 3 CROSSBACK,3-4 years old,suv,DIESEL,manual,BLACK,13600,22530,0.7177903863,8
VN22WVX,VAUXHALL,CORSA,3-4 years old,hatchback,PETROL,automatic,BLUE,13500,34600,0.721132428,5
KY70JUO,SKODA,SUPERB,3-4 years old,hatchback,PETROLPLUGINELECTRICHYBRID,semiAutomatic,RED,16770,28709,0.8274789428,5
YP22JVN,VOLVO,XC40,3-4 years old,suv,ELECTRIC,automatic,SILVER,20400,56388,0.4396102944,8
SJ69VFG,LEXUS,IS,5-6 years old,saloon,PETROLELECTRICHYBRID,automatic,RED,17800,34000,0.3504278999,5
VO70FJP,VAUXHALL,CORSA,3-4 years old,hatchback,PETROL,manual,GREY,10300,24951,0.7692563879,5
AO73KZU,TOYOTA,AYGO X,0-2 years old,hatchback,PETROL,manual,BLACK,12050,13049,0.6875581857,5
JT04TAP,MERCEDES-BENZ,A-CLASS,3-4 years old,saloon,PETROLPLUGINELECTRICHYBRID,semiAutomatic,GREY,15900,61892,0.8810789313,5
LO70XLC,VOLVO,XC60,3-4 years old,suv,PETROL,semiAutomatic,BLACK,27900,42107,0.5076786761,8
YP16HCE,SUZUKI,SWIFT,9+ years old,hatchback,PETROL,manual,RED,7650,22762,0.1731898804,5
NA72BGZ,RENAULT,CLIO,0-2 years old,hatchback,PETROL,manual,RED,12460,22370,0.7388215128,5
YP67VGT,FORD,MONDEO VIGNALE,7-8 years old,estate,DIESEL,semiAutomatic,BROWN,14000,61899,0.4160617678,7
EK21AWO,VOLKSWAGEN,POLO,3-4 years old,hatchback,PETROL,manual,GREY,13900,30335,0.8941247425,5
CP19OGT,FORD,FOCUS,5-6 years old,hatchback,PETROL,manual,BLUE,12700,23367,0.7102910802,5
MK19NZN,AUDI,Q3,5-6 years old,suv,DIESEL,semiAutomatic,BLACK,18350,54817,0.7166180476,8
LC22WAJ,KIA,NIRO,3-4 years old,suv,PETROLELECTRICHYBRID,automatic,GREY,19900,23780,0.6299460484,8
BG71MZY,VOLKSWAGEN,GOLF,3-4 years old,hatchback,PETROL,manual,GREY,17130,50776,0.6152056805,5
OE69YFZ,MERCEDES-BENZ,C-CLASS,5-6 years old,saloon,DIESEL,semiAutomatic,BLUE,18700,53456,0.8230136666,5
SA68EYJ,NISSAN,QASHQAI,5-6 years old,suv,DIESEL,manual,BLACK,10800,47037,0.7033917154,8
EA18NDZ,FORD,FIESTA,7-8 years old,hatchback,PETROL,manual,BLACK,8900,40077,0.7074737961,5
PE18FSL,FIAT,500,7-8 years old,hatchback,PETROL,manual,BLACK,7800,34178,0.7600347872,5
WJ18HGY,HYUNDAI,KONA,7-8 years old,suv,PETROL,manual,RED,11250,44242,0.4957665453,8
SL22PYV,VOLKSWAGEN,ID.3,3-4 years old,hatchback,ELECTRIC,automatic,TURQUOISE,16900,43214,0.7294543102,5
RE23LCL,VOLKSWAGEN,ID.4,0-2 years old,suv,ELECTRIC,automatic,SILVER,18890,8977,0.7455627111,8
RV21CFU,VOLKSWAGEN,T-ROC,3-4 years old,convertible,PETROL,semiAutomatic,BLACK,21800,31268,0.7676422261,4
DF68VJO,AUDI,A1,5-6 years old,hatchback,PETROL,semiAutomatic,WHITE,16210,24551,0.5279889012,5
KS21FOA,LAND ROVER,RANGE ROVER SPORT,3-4 years old,suv,DIESEL,semiAutomatic,BLUE,35400,65356,0.435187636,8
WJ20PXG,CITROEN,C1,5-6 years old,hatchback,PETROL,manual,GREY,9550,23718,0.4646741613,5
VO69ZKG,SEAT,ARONA,5-6 years old,suv,PETROL,manual,GREY,11950,31727,0.6872801374,8
BSZ4545,CITROEN,C3,7-8 years old,hatchback,PETROL,manual,GREY,8550,25543,0.7290862572,5
FJ18WDY,FORD,FIESTA,7-8 years old,hatchback,PETROL,manual,BLACK,8550,53099,0.6832694866,5
BJ68ULE,FORD,FIESTA,5-6 years old,hatchback,PETROL,manual,RED,9950,28988,0.7263704508,5
VK21XCU,VAUXHALL,CORSA,3-4 years old,hatchback,PETROL,manual,RED,9900,31772,0.7692563879,5
HX17NPZ,VOLVO,XC60,7-8 years old,suv,DIESEL,semiAutomatic,BLUE,15650,54367,0.2902587599,8
DA22MXG,VOLKSWAGEN,TIGUAN ALLSPACE,3-4 years old,suv,PETROL,semiAutomatic,BLACK,22250,51613,0.7130461848,8
VE22FHG,VOLKSWAGEN,T-CROSS,3-4 years old,suv,PETROL,manual,BLACK,15850,22672,0.6782556641,8
RJ70POV,MERCEDES-BENZ,C-CLASS,3-4 years old,saloon,DIESELPLUGINELECTRICHYBRID,semiAutomatic,WHITE,16880,41423,0.8729164463,5
YK21UMC,MERCEDES-BENZ,EQC,3-4 years old,suv,ELECTRIC,automatic,BLUE,21900,40204,0.7916260085,8
PX22PBU,VOLKSWAGEN,GOLF,3-4 years old,hatchback,PETROL,manual,WHITE,16000,26339,0.7393450786,5
SJ70WPU,TOYOTA,COROLLA TOURING SPORT,3-4 years old,estate,PETROLELECTRICHYBRID,automatic,RED,14790,56932,0.8388151748,7
X300MEC,BMW,X3,5-6 years old,suv,DIESEL,semiAutomatic,BLACK,24400,50202,0.7305507308,8
BF22ECN,HYUNDAI,IONIQ 5,3-4 years old,suv,ELECTRIC,automatic,GREEN,16700,31608,0.7622838488,8
LS21ZMV,PEUGEOT,E-208,3-4 years old,hatchback,ELECTRIC,automatic,GREY,12950,19284,0.6546918538,5
V400JEB,FORD,FOCUS,5-6 years old,hatchback,PETROL,manual,SILVER,12900,13919,0.5764120142,5
VO21JFK,MINI,HATCHBACK,3-4 years old,hatchback,ELECTRIC,automatic,BLACK,13000,29500,0.8354325721,5
FD68XVR,BMW,5 SERIES,5-6 years old,saloon,PETROLPLUGINELECTRICHYBRID,semiAutomatic,BLUE,17850,41465,0.6700545358,5
GK67MZN,VOLKSWAGEN,GOLF,7-8 years old,hatchback,PETROLPLUGINELECTRICHYBRID,semiAutomatic,WHITE,12900,62323,0.6439614637,5
YK69WVP,SEAT,LEON,5-6 years old,hatchback,PETROL,manual,BLACK,11900,48406,0.8483256261,5
SA18CGF,VAUXHALL,MOKKA X,7-8 years old,suv,PETROL,manual,SILVER,8970,34854,0.7158333313,8
MW23YWT,AUDI,A3,0-2 years old,saloon,PETROL,semiAutomatic,BLACK,21800,20221,0.6507447487,5
BK19WDZ,FORD,FOCUS,5-6 years old,hatchback,PETROL,manual,WHITE,10500,53255,0.7102910802,5
WN69LWH,JEEP,RENEGADE,5-6 years old,suv,DIESEL,manual,BLUE,11570,37570,0.4377297978,8
YD72CZF,AUDI,A1,0-2 years old,hatchback,PETROL,manual,WHITE,17340,11731,0.7318844269,5
LR71PHV,KIA,SPORTAGE,3-4 years old,suv,DIESEL,manual,WHITE,14710,37195,0.8806928511,8
KN71RCV,BMW,X1,3-4 years old,suv,PETROL,semiAutomatic,GREY,18480,45387,0.7997110096,8
DT19HTC,VAUXHALL,MOKKA X,5-6 years old,suv,PETROL,semiAutomatic,SILVER,11640,27772,0.6231937251,8
WP19GOH,MERCEDES-BENZ,GLC,5-6 years old,suv,PETROL,semiAutomatic,SILVER,24700,32368,0.6424182568,8
YF22UNP,FORD,KUGA,3-4 years old,suv,PETROL,manual,BLACK,18850,46910,0.7054369592,8
MM22XUC,RENAULT,KADJAR,3-4 years old,suv,PETROL,manual,RED,13400,30397,0.6419320938,8
GV71OJG,MG,ZS,3-4 years old,suv,PETROL,semiAutomatic,BLACK,13450,21923,0.8203388861,8
HT19LGL,VOLKSWAGEN,POLO,5-6 years old,hatchback,PETROL,manual,WHITE,11750,41550,0.2992535348,5
ML21TZO,MAZDA,CX-5,3-4 years old,suv,DIESEL,automatic,BLUE,20700,24161,0.5185851208,8
VE71WCA,VOLKSWAGEN,ID.3,3-4 years old,hatchback,ELECTRIC,automatic,GREY,14500,30195,0.8075787482,5
HJ21RPV,AUDI,Q2,3-4 years old,suv,PETROL,manual,BLACK,15800,22873,0.8401354688,8
WD72UXP,VAUXHALL,MOKKA,0-2 years old,suv,PETROL,manual,GREY,14100,56635,0.4423124704,8
SO18PVK,VOLKSWAGEN,GOLF,5-6 years old,hatchback,PETROL,manual,SILVER,11800,55953,0.8073172436,5
KP70SUA,SEAT,ATECA,3-4 years old,suv,PETROL,semiAutomatic,GREY,16400,30267,0.7672966502,8
ST68FUM,BMW,X2,5-6 years old,suv,PETROL,semiAutomatic,WHITE,15050,68195,0.7554374999,8
KS67YUF,DACIA,SANDERO STEPWAY,7-8 years old,hatchback,PETROL,manual,SILVER,7200,37920,0.7373395739,5
SG68YKB,SEAT,IBIZA,5-6 years old,hatchback,PETROL,manual,BLUE,9600,59189,0.773818125,5
SN21VPM,MERCEDES-BENZ,GLC COUPE,3-4 years old,suv,DIESEL,semiAutomatic,BLACK,25200,74788,0.5425696903,8
YY21LLT,BMW,X3,3-4 years old,suv,PETROLPLUGINELECTRICHYBRID,semiAutomatic,BLACK,21150,57008,0.6788339529,8
BD70SXU,VOLVO,XC40,3-4 years old,suv,PETROL,manual,SILVER,18750,26569,0.9063092306,8
FP22JKU,VAUXHALL,MOKKA-E,3-4 years old,suv,ELECTRIC,automatic,BLACK,13250,19876,0.7316219578,8
BK22FVM,FORD,PUMA,3-4 years old,suv,PETROL,manual,WHITE,13960,33659,0.6738770985,8
VK20UYD,VAUXHALL,CORSA,5-6 years old,hatchback,PETROL,manual,BLACK,11700,25649,0.7226290511,5
HJ72ZUA,TOYOTA,YARIS,0-2 years old,hatchback,PETROLELECTRICHYBRID,automatic,RED,16700,10046,0.6770300573,5
FL18AOK,SKODA,KAROQ,7-8 years old,suv,PETROL,manual,SILVER,15450,42592,0.2288450849,8
VN22KXB,VAUXHALL,CORSA-E,3-4 years old,hatchback,ELECTRIC,automatic,BLACK,11350,22794,0.7385442986,5
NXZ5897,NISSAN,QASHQAI,5-6 years old,suv,DIESEL,semiAutomatic,WHITE,13750,28166,0.7608268685,8
LV22HXB,AUDI,Q2,3-4 years old,suv,PETROL,manual,BLUE,18500,30227,0.6793844339,8
NJ21UCA,TOYOTA,COROLLA TOURING SPORT,3-4 years old,estate,PETROLELECTRICHYBRID,automatic,WHITE,16750,73897,0.6427704839,7
AU73SDO,DACIA,SANDERO STEPWAY,0-2 years old,hatchback,PETROL,manual,GREY,12900,9260,0.4787665461,5
VK22MJX,VAUXHALL,CORSA,3-4 years old,hatchback,PETROL,automatic,WHITE,13850,6514,0.8284535811,5
GX22KCF,MINI,HATCHBACK,3-4 years old,hatchback,PETROL,semiAutomatic,GREEN,16950,20329,0.7594896894,5
WJ69UTX,MERCEDES-BENZ,GLC COUPE,5-6 years old,suv,DIESEL,semiAutomatic,BLACK,25750,54935,0.5425696903,8
FV22XUB,BMW,1 SERIES,3-4 years old,hatchback,PETROL,semiAutomatic,GREY,19200,52434,0.7094367777,5
KM19ZVL,MINI,HATCHBACK,5-6 years old,hatchback,PETROL,manual,WHITE,13200,41463,0.6178956954,5
LL22VZC,VAUXHALL,CORSA,3-4 years old,hatchback,PETROL,manual,BLUE,12900,36939,0.4226711685,5
WO72LTK,TOYOTA,C-HR,0-2 years old,suv,PETROLELECTRICHYBRID,automatic,PURPLE,21900,12909,0.632001864,8
BK73ZRP,MG,MG4,0-2 years old,suv,ELECTRIC,automatic,BLUE,14850,23145,0.5891097618,8
FV22CUU,SEAT,ATECA,3-4 years old,suv,PETROL,manual,BLUE,16200,14914,0.6526042189,8
HSZ4356,DACIA,JOGGER,0-2 years old,mpv,PETROL,manual,WHITE,16350,4342,0.5983832391,8
RF72WSJ,VOLKSWAGEN,ARTEON,0-2 years old,estate,PETROL,semiAutomatic,SILVER,26640,11725,0.520728066,7
LM22FXL,MERCEDES-BENZ,A-CLASS,3-4 years old,saloon,PETROL,semiAutomatic,BLUE,21800,14226,0.6743452656,5
LM22HSO,VOLKSWAGEN,GOLF,3-4 years old,hatchback,PETROL,semiAutomatic,BLACK,19650,46180,0.7630685448,5
YE72SVG,VOLKSWAGEN,TAIGO,0-2 years old,suv,PETROL,manual,WHITE,15750,26358,0.6655473576,8
WR19FTP,BMW,1 SERIES,5-6 years old,hatchback,PETROL,manual,BLUE,15900,14025,0.7659160085,5
BK74OTF,SKODA,KAROQ,0-2 years old,suv,PETROL,automatic,GREY,25000,8039,0.4860250403,8
LL22EZN,HYUNDAI,TUCSON,3-4 years old,suv,PETROL,manual,BLUE,17100,31708,0.6768552323,8
LF22WBU,MG,ZS,3-4 years old,suv,PETROL,manual,RED,11950,39434,0.6858558469,8
DA21USM,SEAT,ATECA,3-4 years old,suv,PETROL,manual,WHITE,16200,11961,0.7262711908,8
DC69AOD,VAUXHALL,CORSA,5-6 years old,hatchback,PETROL,manual,GREY,10500,38725,0.7160218683,5
CE21UKN,PEUGEOT,2008,3-4 years old,suv,PETROL,manual,GREY,15250,28028,0.6286055998,8
LR22HKO,PEUGEOT,3008,3-4 years old,suv,PETROL,semiAutomatic,GREY,17290,29954,0.5785007542,8
DS20FNK,VAUXHALL,CROSSLAND X,5-6 years old,suv,PETROL,manual,WHITE,8750,53179,0.6448362169,8
FD69HGY,BMW,X3,5-6 years old,suv,DIESEL,semiAutomatic,BLACK,32400,33560,0.4908533256,8
SW68LZA,BMW,X1,5-6 years old,suv,PETROL,semiAutomatic,SILVER,17400,25256,0.7850983977,8
RE67BKV,FORD,B-MAX,7-8 years old,mpv,PETROL,manual,SILVER,7250,52321,0.3247566161,8
LV69HPZ,RENAULT,KOLEOS,5-6 years old,suv,DIESEL,automatic,SILVER,12950,64453,0.321823743,8
MA22AHV,SEAT,ARONA,3-4 years old,suv,PETROL,manual,GREY,14300,13653,0.5120578728,8
RJ20TWX,NISSAN,MICRA,3-4 years old,hatchback,PETROL,manual,BLACK,9500,47921,0.5305459983,5
FL69JNO,FORD,KUGA,5-6 years old,suv,DIESEL,manual,BROWN,15700,33873,0.5864768406,8
YA19FMF,FORD,FOCUS,5-6 years old,hatchback,PETROL,manual,RED,8400,68729,0.759622888,5
HT21UHV,BMW,3 SERIES,3-4 years old,saloon,PETROL,semiAutomatic,BLACK,23300,20964,0.8637236279,5
DK21KCN,BMW,1 SERIES,3-4 years old,hatchback,PETROL,semiAutomatic,GREY,19000,36946,0.787349322,5
KY19RZW,SEAT,IBIZA,5-6 years old,hatchback,PETROL,manual,BLUE,10950,49483,0.8218967636,5
ST68XFN,MERCEDES-BENZ,C-CLASS,5-6 years old,coupe,DIESEL,semiAutomatic,WHITE,16750,41165,0.7196005117,4
YH69GBY,BMW,1 SERIES,5-6 years old,hatchback,DIESEL,semiAutomatic,RED,19400,33844,0.5765782635,5
FE21YXC,VAUXHALL,CORSA,3-4 years old,hatchback,PETROL,manual,BLACK,10250,25479,0.760108473,5
VN22COJ,VOLKSWAGEN,ID.3,3-4 years old,hatchback,ELECTRIC,automatic,WHITE,14400,36514,0.8075787482,5
PX67XVR,KIA,RIO,7-8 years old,hatchback,PETROL,manual,SILVER,9500,21265,0.6187919268,5
DF68YWL,AUDI,A1,5-6 years old,hatchback,PETROL,semiAutomatic,GREY,15400,42606,0.4717915839,5
DA22RFO,TOYOTA,AYGO X,3-4 years old,hatchback,PETROL,manual,GREEN,12150,12496,0.6589083421,5
BN18TWW,NISSAN,QASHQAI,7-8 years old,suv,PETROL,automatic,BLUE,12650,45933,0.673757067,8
VN22PFZ,VAUXHALL,CORSA-E,3-4 years old,hatchback,ELECTRIC,automatic,BLACK,10700,30842,0.7385442986,5
DM19WCO,VAUXHALL,CORSA,5-6 years old,hatchback,PETROL,manual,BLACK,8600,36324,0.6514062209,5
HN68ZKF,RENAULT,CAPTUR,5-6 years old,suv,PETROL,manual,RED,7900,57601,0.6774033854,8
BK71OAC,BMW,2 SERIES GRAN COUPE,3-4 years old,saloon,PETROL,semiAutomatic,BLUE,20200,37825,0.8931336541,5
YF69GXR,SEAT,LEON,5-6 years old,hatchback,PETROL,semiAutomatic,BLACK,20750,28971,0.8673655351,5
WF22NFR,SUZUKI,SWACE,3-4 years old,estate,PETROLELECTRICHYBRID,automatic,WHITE,17400,11425,0.747103204,7
SC70FYB,NISSAN,QASHQAI,3-4 years old,suv,PETROL,semiAutomatic,BLUE,16500,38657,0.4320244177,8
KN23OJU,HYUNDAI,TUCSON,0-2 years old,suv,PETROLPLUGINELECTRICHYBRID,semiAutomatic,BLUE,23400,39826,0.5677694757,8
HJ68UWS,FORD,FIESTA,5-6 years old,hatchback,PETROL,manual,WHITE,9550,27002,0.7436463026,5
EF68VBN,PEUGEOT,208,5-6 years old,hatchback,PETROL,semiAutomatic,RED,11400,15188,0.6418039019,5
WD18CBU,CITROEN,C1,7-8 years old,hatchback,PETROL,manual,RED,7250,18179,0.5658462871,5
FG20CMU,HYUNDAI,TUCSON,5-6 years old,suv,DIESEL,semiAutomatic,BEIGE,16000,75493,0.6338238349,8
WP23OFV,RENAULT,CLIO,0-2 years old,hatchback,PETROL,manual,WHITE,14650,14403,0.6222864417,5
AV71FWS,VOLKSWAGEN,ID.4,3-4 years old,suv,ELECTRIC,automatic,GREY,14500,72099,0.7889325282,8
YF67UJB,HONDA,CR-V,7-8 years old,suv,DIESEL,manual,RED,13700,43011,0.4642988156,8
DV21KKP,NISSAN,LEAF,3-4 years old,hatchback,ELECTRIC,automatic,BLUE,9200,21437,0.7157433916,5
EP63TON,AUDI,A1,3-4 years old,hatchback,PETROL,manual,RED,16550,29011,0.616833383,5
EO71XYB,FIAT,500,3-4 years old,hatchback,PETROL,manual,WHITE,9850,33513,0.9526462946,5
GL72RAX,CITROEN,C4,0-2 years old,hatchback,PETROL,manual,BLUE,13000,33413,0.5528045006,5
VU24TDV,PEUGEOT,2008,0-2 years old,suv,PETROL,semiAutomatic,GREY,20350,6886,0.5391732963,8
YC67ZFF,BMW,5 SERIES,7-8 years old,saloon,DIESEL,semiAutomatic,SILVER,16400,62307,0.5161682815,5
MJ70FXF,VOLKSWAGEN,GOLF,3-4 years old,hatchback,PETROLPLUGINELECTRICHYBRID,semiAutomatic,BLUE,18400,35299,0.8603212192,5
YS22VXA,FORD,ECOSPORT,3-4 years old,suv,PETROL,manual,BLUE,12280,43765,0.5574629815,8
LY68LSN,MINI,COUNTRYMAN,5-6 years old,suv,PETROL,manual,BLACK,12200,54484,0.5441430086,8
LG69LVA,BMW,4 SERIES GRAN COUPE,5-6 years old,hatchback,PETROL,semiAutomatic,BLUE,19500,23343,0.7681792704,5
MM21XCN,BMW,3 SERIES,3-4 years old,saloon,DIESEL,manual,WHITE,19350,53638,0.8447834606,5
R900GMW,MERCEDES-BENZ,CLS,7-8 years old,coupe,DIESEL,semiAutomatic,RED,19900,32267,0.3569661796,4
DF21AGU,SEAT,ATECA,3-4 years old,suv,PETROL,manual,BLACK,15900,19291,0.7262711908,8
HJ71UJG,VOLKSWAGEN,T-CROSS,3-4 years old,suv,PETROL,manual,GREY,15050,24671,0.6221741882,8
WF70KCX,LAND ROVER,RANGE ROVER EVOQUE,3-4 years old,suv,PETROLPLUGINELECTRICHYBRID,automatic,GREY,22900,41825,0.5853434999,8
HV70CNY,HYUNDAI,TUCSON,3-4 years old,suv,PETROL,manual,WHITE,13550,35923,0.7231668933,8
DN18YEE,VAUXHALL,ASTRA,7-8 years old,hatchback,PETROL,manual,GREY,10300,25743,0.6911102349,5
LD19YEB,BMW,4 SERIES GRAN COUPE,5-6 years old,hatchback,PETROL,manual,SILVER,12700,77989,0.7075095239,5
J13MMJ,KIA,PICANTO,7-8 years old,hatchback,PETROL,automatic,WHITE,11150,26483,0.7620073186,5
DA70EPF,FORD,PUMA,3-4 years old,suv,PETROL,manual,WHITE,12650,48257,0.6703324469,8
BV67HDO,PEUGEOT,108,7-8 years old,hatchback,PETROL,manual,BLUE,7300,29254,0.3216487533,5
AR19OZB,VAUXHALL,ADAM,5-6 years old,hatchback,PETROL,manual,BLUE,8200,36177,0.7567003225,5
WR70XWZ,AUDI,A4 AVANT,3-4 years old,estate,PETROL,semiAutomatic,BLACK,21750,44955,0.9239041509,7
LS69XTY,VAUXHALL,CORSA,5-6 years old,hatchback,PETROL,manual,SILVER,8250,28179,0.8512996345,5
YF22UVL,CUPRA,FORMENTOR,3-4 years old,suv,PETROL,manual,BLACK,21650,17413,0.7207754703,8
GL20GZY,VOLKSWAGEN,GOLF,3-4 years old,hatchback,PETROL,manual,WHITE,14850,34104,0.7351986784,5
RE21NVT,AUDI,A3,3-4 years old,hatchback,PETROL,manual,WHITE,17960,31223,0.7773953858,5
SA20TKN,SKODA,KAROQ,3-4 years old,suv,DIESEL,automatic,WHITE,13500,72239,0.7461887626,8
LT68PVU,DS,DS 7 CROSSBACK,5-6 years old,suv,PETROL,semiAutomatic,BLACK,14900,49844,0.5428491544,8
PY71BHZ,CUPRA,FORMENTOR,3-4 years old,suv,PETROL,manual,GREY,21190,10667,0.7207754703,8
DY19LFN,SKODA,FABIA,5-6 years old,hatchback,PETROL,manual,RED,10850,24837,0.5409650123,5
SA18WYH,SUZUKI,VITARA,7-8 years old,suv,PETROL,automatic,ORANGE,13100,46617,0.4355368909,8
WV19SXS,MERCEDES-BENZ,A-CLASS,5-6 years old,hatchback,PETROL,semiAutomatic,BLACK,17550,29946,0.6031756605,5
DM19XNH,VAUXHALL,CORSA,5-6 years old,hatchback,PETROL,manual,RED,8700,31680,0.9032277964,5
GM18VSC,RENAULT,KOLEOS,7-8 years old,suv,DIESEL,automatic,BLACK,13600,69094,0.7394787321,8
VA21DFP,VOLKSWAGEN,TIGUAN,3-4 years old,suv,PETROL,semiAutomatic,WHITE,20900,63807,0.7643419923,8
ML72WZG,AUDI,A4,0-2 years old,saloon,PETROL,semiAutomatic,GREY,21810,28969,0.6384055304,5
MM21PFO,SKODA,KAROQ,3-4 years old,suv,PETROL,automatic,GREY,21400,28025,0.7692253029,8
DU68PYL,DS,DS 7 CROSSBACK,5-6 years old,suv,PETROL,semiAutomatic,GREY,17300,37507,0.6012712719,8
DL70WHR,VAUXHALL,CORSA,3-4 years old,hatchback,PETROL,manual,GREY,10200,27446,0.7807076729,5
LC72OJK,CITROEN,C3,0-2 years old,hatchback,PETROL,manual,BEIGE,9950,30332,0.7214118095,5
DY71VEP,VAUXHALL,CORSA,3-4 years old,hatchback,PETROL,manual,GREY,9700,46936,0.7692563879,5
LP71UAA,PEUGEOT,3008,3-4 years old,suv,PETROL,semiAutomatic,BLACK,18990,19324,0.5785007542,8
RE22PUU,MERCEDES-BENZ,EQA,3-4 years old,suv,ELECTRIC,automatic,BLUE,21200,27496,0.778763284,8
CF22NWH,CITROEN,C5 AIRCROSS,3-4 years old,suv,PETROLPLUGINELECTRICHYBRID,semiAutomatic,WHITE,16630,26192,0.6890195721,8
YC71FVO,SEAT,ATECA,3-4 years old,suv,PETROL,semiAutomatic,GREY,18700,18141,0.6951871345,8
YY71DHE,KIA,PICANTO,3-4 years old,hatchback,PETROL,manual,WHITE,9250,10674,0.8981487244,5
MT71XXW,FORD,PUMA,3-4 years old,suv,PETROL,manual,BLACK,15400,28693,0.7128731303,8
CX20OTS,SKODA,OCTAVIA,5-6 years old,estate,DIESEL,manual,BLUE,14600,29948,0.8225903405,7
BG22PTX,FORD,ECOSPORT,3-4 years old,suv,PETROL,manual,SILVER,11330,54125,0.5343984288,8
HY22WNA,CITROEN,C5 AIRCROSS,3-4 years old,suv,PETROL,manual,GREY,13950,44042,0.6123609164,8
BW70KUA,PEUGEOT,E-208,3-4 years old,hatchback,ELECTRIC,automatic,BLUE,12450,18796,0.6425736106,5
SB18RRX,NISSAN,MICRA,5-6 years old,hatchback,PETROL,manual,ORANGE,8500,35344,0.4358061349,5
PJ17OOE,VOLKSWAGEN,GOLF SV,7-8 years old,mpv,PETROL,semiAutomatic,WHITE,13200,20999,0.4409294447,8
LO18WAJ,SEAT,ARONA,7-8 years old,suv,DIESEL,semiAutomatic,RED,12150,35170,0.420310154,8
FT71BJY,AUDI,Q3,3-4 years old,suv,DIESEL,semiAutomatic,GREY,23700,49152,0.8514040926,8
FE19RJZ,VAUXHALL,INSIGNIA GRAND SPORT,5-6 years old,hatchback,PETROL,manual,GREY,10590,40666,0.7201112329,5
LL22HCN,BMW,2 SERIES GRAN COUPE,3-4 years old,saloon,PETROL,semiAutomatic,BLACK,18950,52772,0.7521703275,5
KR22YUH,VAUXHALL,MOKKA-E,3-4 years old,suv,ELECTRIC,automatic,BLACK,13400,24780,0.8684809309,8
YT19PVH,FORD,FIESTA,5-6 years old,hatchback,PETROL,manual,GREY,12000,13833,0.574823445,5
EK18EXG,FORD,KUGA,7-8 years old,suv,DIESEL,semiAutomatic,SILVER,15200,48825,0.7935291175,8
WR72SZV,DACIA,SANDERO,0-2 years old,hatchback,PETROL,manual,BLUE,10400,19129,0.6781155582,5
ST21ZDZ,JEEP,COMPASS,3-4 years old,suv,PETROL,manual,GREY,14850,31226,0.5601996362,8
YW21LKP,AUDI,A1,3-4 years old,hatchback,PETROL,semiAutomatic,BLACK,16700,40185,0.5677126478,5
HF71YFJ,TOYOTA,YARIS,3-4 years old,hatchback,PETROLELECTRICHYBRID,automatic,WHITE,16800,18190,0.5051607483,5
FJ21VKB,LAND ROVER,RANGE ROVER VELAR,3-4 years old,suv,PETROLPLUGINELECTRICHYBRID,automatic,GREY,27900,70763,0.5887662884,8
FL69APZ,TOYOTA,AYGO,5-6 years old,hatchback,PETROL,manual,WHITE,8200,51963,0.6334621188,5
DA68OJO,SEAT,ARONA,5-6 years old,suv,PETROL,manual,RED,9830,32435,0.7867568238,8
AK22XEE,BMW,X5,3-4 years old,suv,PETROLPLUGINELECTRICHYBRID,semiAutomatic,WHITE,37900,36581,0.4886768326,8
B8EAC,FORD,KA+,7-8 years old,hatchback,PETROL,manual,BLUE,8650,15175,0.7089302158,5
TRZ9145,DACIA,SANDERO,0-2 years old,hatchback,PETROL,manual,WHITE,10400,23499,0.6781155582,5
MJ22AYP,VOLKSWAGEN,T-CROSS,3-4 years old,suv,PETROL,automatic,SILVER,22200,18969,0.591255072,8
DP24YXR,HYUNDAI,IONIQ 5,0-2 years old,suv,ELECTRIC,automatic,GREY,22900,6839,0.2476633537,8
RV71XGK,AUDI,A3,3-4 years old,hatchback,PETROL,semiAutomatic,WHITE,21600,10848,0.8101665904,5
YD18NON,VOLKSWAGEN,POLO,7-8 years old,hatchback,PETROL,manual,GREY,10600,66767,0.763932549,5
PJ19ZHF,PEUGEOT,2008,5-6 years old,suv,PETROL,manual,WHITE,10350,11778,0.6385851144,8
LM22DTX,MERCEDES-BENZ,CLA,3-4 years old,estate,PETROL,semiAutomatic,WHITE,22200,14576,0.7094440119,7
LP23DUV,PEUGEOT,508,0-2 years old,estate,PETROLPLUGINELECTRICHYBRID,semiAutomatic,WHITE,20890,31799,0.5437324371,7
LR68KBE,MERCEDES-BENZ,A-CLASS,5-6 years old,hatchback,PETROL,manual,GREY,14550,44745,0.6822253981,5
CX22KXY,HONDA,HR-V,3-4 years old,suv,PETROLELECTRICHYBRID,automatic,BLACK,20500,15638,0.4946233762,8
FD67HDC,NISSAN,X-TRAIL,7-8 years old,suv,PETROL,manual,GREY,13550,41378,0.4522482651,8
YC70HRA,BMW,3 SERIES,3-4 years old,saloon,DIESEL,semiAutomatic,GREY,17550,74749,0.8490832731,5
BSZ7192,RENAULT,KADJAR,7-8 years old,suv,DIESEL,semiAutomatic,RED,11440,49852,0.2931337145,8
NV18EZC,SUZUKI,SWIFT,7-8 years old,hatchback,PETROL,manual,BLUE,9550,30296,0.554881728,5
NC71AYM,NISSAN,LEAF,3-4 years old,hatchback,ELECTRIC,automatic,BLACK,9600,29982,0.7157433916,5
FV69YMG,TOYOTA,C-HR,5-6 years old,suv,PETROLELECTRICHYBRID,automatic,GREY,15100,64867,0.632001864,8
CA22OUL,FORD,PUMA,3-4 years old,suv,PETROL,manual,BLUE,15600,32927,0.6526485189,8
SJ68GHO,HONDA,CIVIC,5-6 years old,hatchback,PETROL,manual,BLUE,13200,21158,0.7703910862,5
DL69RTX,NISSAN,LEAF,5-6 years old,hatchback,ELECTRIC,automatic,WHITE,9000,20625,0.7157433916,5
KM21UWH,AUDI,Q5,3-4 years old,suv,DIESEL,semiAutomatic,WHITE,29050,22790,0.5379685706,8
LN71KVG,MERCEDES-BENZ,A-CLASS,3-4 years old,hatchback,PETROL,semiAutomatic,WHITE,17650,29132,0.9050932449,5
VK22MKN,VAUXHALL,CORSA,3-4 years old,hatchback,PETROL,manual,GREY,10900,19484,0.8135150837,5
KR19LXH,AUDI,A1,5-6 years old,hatchback,PETROL,manual,RED,14000,43188,0.5903944442,5
LV21WBM,LAND ROVER,DISCOVERY SPORT,3-4 years old,suv,PETROL,automatic,SILVER,24390,51458,0.4622261404,8
VX22LCP,FIAT,500E,3-4 years old,hatchback,ELECTRIC,automatic,RED,12000,27274,0.5632255075,5
SO22JVX,KIA,NIRO,0-2 years old,suv,PETROLELECTRICHYBRID,automatic,GREY,17450,29244,0.5608743223,8
KM18KXA,SKODA,OCTAVIA,7-8 years old,hatchback,DIESEL,manual,BLACK,9650,58585,0.5362130248,5
DY21GXR,VAUXHALL,CORSA,3-4 years old,hatchback,PETROL,manual,GREY,10900,40139,0.7160218683,5
LX65YOF,RENAULT,CLIO,9+ years old,hatchback,DIESEL,manual,RED,6250,69302,0.2006373329,5
MX68ZTC,FIAT,500,5-6 years old,hatchback,PETROL,manual,BLACK,7900,39308,0.7296316775,5
YF66VXD,FORD,FIESTA,7-8 years old,hatchback,PETROL,manual,RED,7790,21032,0.6339156354,5
YM17XYG,CITROEN,C4 PICASSO,7-8 years old,mpv,DIESEL,manual,GREY,9910,39158,0.5411092454,8
ST68EKL,KIA,SPORTAGE,5-6 years old,suv,DIESEL,manual,WHITE,10400,56086,0.5528702893,8
LL21ZFZ,BMW,3 SERIES,3-4 years old,saloon,PETROLPLUGINELECTRICHYBRID,semiAutomatic,BLUE,23150,27042,0.8617465987,5
HJ16EFC,AUDI,Q3,9+ years old,suv,DIESEL,manual,BLACK,13300,54306,0.5767677086,8
DE69FVL,BMW,3 SERIES,5-6 years old,estate,DIESEL,semiAutomatic,WHITE,18900,54484,0.8484762616,7
PL19BZE,SEAT,LEON,5-6 years old,hatchback,PETROL,semiAutomatic,WHITE,17450,55728,0.8673655351,5
VE70SXW,VAUXHALL,CROSSLAND X,3-4 years old,suv,PETROL,manual,WHITE,11250,17695,0.6448362169,8
BL71KCN,SKODA,OCTAVIA,3-4 years old,estate,PETROLPLUGINELECTRICHYBRID,semiAutomatic,BLUE,16400,30828,0.6531960924,7
HJ71YZY,BMW,2 SERIES GRAN COUPE,3-4 years old,saloon,PETROL,manual,BLACK,17850,32609,0.7655567983,5
WR72OHZ,DACIA,SANDERO,0-2 years old,hatchback,PETROL,manual,GREY,10920,12014,0.6781155582,5
WA21TZZ,BMW,1 SERIES,3-4 years old,hatchback,DIESEL,semiAutomatic,BLACK,15490,70929,0.6335066242,5
HC21DTN,LAND ROVER,DISCOVERY,3-4 years old,suv,DIESEL,automatic,SILVER,41640,24836,0.1279951546,8
MD21ONA,VOLKSWAGEN,TIGUAN,3-4 years old,suv,PETROL,semiAutomatic,WHITE,24800,21124,0.7643419923,8
WJ71OKC,CITROEN,C1,3-4 years old,hatchback,PETROL,manual,WHITE,10100,12586,0.6891219697,5
LL19WHR,TOYOTA,AYGO,5-6 years old,hatchback,PETROL,manual,SILVER,9550,19564,0.6334621188,5
LG22TSU,BMW,2 SERIES GRAN COUPE,3-4 years old,saloon,PETROL,semiAutomatic,WHITE,20150,40696,0.7521703275,5
BF68GJV,VOLKSWAGEN,UP!,5-6 years old,hatchback,PETROL,manual,BLUE,8000,34914,0.764544364,5
BK20MXX,BMW,1 SERIES,5-6 years old,hatchback,PETROL,semiAutomatic,GREY,16350,65514,0.8090128825,5
SC19VAF,BMW,6 SERIES GT,5-6 years old,hatchback,DIESEL,semiAutomatic,BLUE,19900,58298,0.3691471219,5
FH70LLE,TOYOTA,COROLLA,3-4 years old,hatchback,PETROLELECTRICHYBRID,automatic,BLACK,14550,46872,0.7874592835,5
LV21VSE,SEAT,ARONA,3-4 years old,suv,PETROL,semiAutomatic,GREY,15550,16685,0.6730466643,8
KD68AOT,HONDA,CIVIC,5-6 years old,hatchback,PETROL,manual,RED,12700,28880,0.7703910862,5
LN71KPE,MERCEDES-BENZ,A-CLASS,3-4 years old,hatchback,PETROL,semiAutomatic,WHITE,17600,23092,0.9050932449,5
CX68YDR,VOLKSWAGEN,GOLF,5-6 years old,hatchback,PETROL,semiAutomatic,SILVER,15150,28813,0.6686215023,5
MA21OUP,SKODA,FABIA,3-4 years old,hatchback,PETROL,semiAutomatic,BLUE,13750,29288,0.8191915409,5
GV22CPN,AUDI,Q4 E-TRON,3-4 years old,suv,ELECTRIC,automatic,GREY,22900,38146,0.6872657568,8
DN71EEG,TOYOTA,COROLLA,3-4 years old,hatchback,PETROLELECTRICHYBRID,automatic,WHITE,15040,34195,0.7874592835,5
FE68TVM,VAUXHALL,CORSA,5-6 years old,hatchback,PETROL,manual,RED,8950,26035,0.517899198,5
FA69BVO,HYUNDAI,KONA,5-6 years old,suv,PETROLELECTRICHYBRID,automatic,YELLOW,13900,50683,0.6276702609,8
MJ19UHL,HYUNDAI,I10,5-6 years old,hatchback,PETROL,manual,GREY,8350,19605,0.6963346669,5
CA22TFF,CITROEN,C5 AIRCROSS,3-4 years old,suv,PETROLPLUGINELECTRICHYBRID,semiAutomatic,GREY,13900,70091,0.6890195721,8
KM22GKA,FORD,KUGA,3-4 years old,suv,PETROLPLUGINELECTRICHYBRID,automatic,SILVER,20390,23122,0.5797603683,8
SG67SVK,DS,DS 3,7-8 years old,hatchback,DIESEL,manual,BLUE,7250,64611,0.6359721454,5
YY66AWC,SKODA,FABIA,7-8 years old,hatchback,PETROL,manual,RED,9790,35494,0.3865949265,5
MM67CXX,FORD,FIESTA,7-8 years old,hatchback,PETROL,manual,SILVER,9000,23856,0.7074737961,5
KS21XWW,KIA,SPORTAGE,3-4 years old,suv,DIESEL,automatic,RED,15850,39713,0.8855100755,8
BT71ASZ,MINI,HATCHBACK,3-4 years old,hatchback,PETROL,manual,RED,17880,15026,0.7595473417,5
YX69ZXJ,FORD,FIESTA,5-6 years old,hatchback,PETROL,manual,SILVER,11400,16813,0.6879976311,5
LC22DVR,LAND ROVER,RANGE ROVER VELAR,3-4 years old,suv,PETROLPLUGINELECTRICHYBRID,automatic,SILVER,33650,34197,0.5576855562,8
MT21GVA,PEUGEOT,3008,3-4 years old,suv,PETROL,semiAutomatic,BLACK,17700,30442,0.5785007542,8
MA72FYD,KIA,RIO,0-2 years old,hatchback,PETROL,manual,BLACK,14200,30605,0.6556594709,5
VA22NDV,VOLKSWAGEN,TIGUAN,0-2 years old,suv,DIESEL,semiAutomatic,WHITE,21000,34413,0.4805046905,8
SB18JYN,VAUXHALL,CORSA,7-8 years old,hatchback,PETROL,manual,GREY,8250,42628,0.7808888912,5
MA21NTN,CITROEN,C3,3-4 years old,hatchback,PETROL,manual,GREY,10050,35457,0.7580797784,5
DA21LME,VOLKSWAGEN,TIGUAN,3-4 years old,suv,PETROL,semiAutomatic,WHITE,22600,39131,0.7643419923,8
BG21CVB,FORD,KUGA,3-4 years old,suv,DIESEL,manual,WHITE,16400,29884,0.6948635009,8
KW70UCJ,VOLVO,XC60,3-4 years old,suv,DIESEL,semiAutomatic,SILVER,29500,39581,0.4291522262,8
MM21FLE,BMW,2 SERIES GRAN COUPE,3-4 years old,saloon,PETROL,semiAutomatic,BLUE,16650,71309,0.7521703275,5
SY70XFO,VAUXHALL,ASTRA,3-4 years old,hatchback,DIESEL,manual,BLACK,11250,18409,0.8167454588,5
MM23FVW,MG,MG4,0-2 years old,suv,ELECTRIC,automatic,ORANGE,16250,17518,0.5700672262,8
MK71SSU,VOLKSWAGEN,PASSAT,3-4 years old,estate,PETROL,manual,WHITE,15500,56097,0.8202383852,7
NK70MLU,MINI,HATCHBACK,3-4 years old,hatchback,PETROL,manual,BLACK,17600,30320,0.5177674874,5
